student_id,first_name,last_name
1,Casey,Williams
2,Casey,Smith
3,Jordan,Smith
4,Morgan,Jones
5,Morgan,Smith
6,Alex,Johnson
7,Casey,Brown
8,Taylor,Williams
9,Casey,Jones
10,Morgan,Johnson
11,Morgan,Smith
12,Jordan,Brown
13,Casey,Brown
14,Jordan,Brown
15,Alex,Brown
16,Casey,Williams
17,Taylor,Brown
18,Morgan,Williams
19,Morgan,Jones
20,Jordan,Johnson
21,Casey,Williams
22,Casey,Williams
23,Taylor,Brown
24,Morgan,Brown
25,Jordan,Brown
26,Alex,Jones
27,Jordan,Jones
28,Alex,Jones
29,Taylor,Johnson
30,Alex,Williams
31,Casey,Smith
32,Casey,Smith
33,Jordan,Williams
34,Morgan,Williams
35,Taylor,Jones
36,Taylor,Brown
37,Jordan,Williams
38,Alex,Jones
39,Jordan,Jones
40,Taylor,Johnson
41,Alex,Jones
42,Jordan,Johnson
43,Alex,Jones
44,Casey,Brown
45,Casey,Brown
46,Casey,Brown
47,Jordan,Smith
48,Jordan,Jones
49,Taylor,Jones
50,Alex,Smith
51,Alex,Brown
52,Casey,Johnson
53,Taylor,Johnson
54,Casey,Williams
55,Jordan,Williams
56,Jordan,Brown
57,Morgan,Smith
58,Morgan,Brown
59,Morgan,Williams
60,Alex,Jones
61,Alex,Johnson
62,Morgan,Jones
63,Morgan,Jones
64,Taylor,Johnson
65,Morgan,Smith
66,Morgan,Jones
67,Alex,Johnson
68,Casey,Williams
69,Casey,Jones
70,Alex,Johnson
71,Casey,Jones
72,Alex,Smith
73,Taylor,Brown
74,Casey,Jones
75,Morgan,Jones
76,Alex,Brown
77,Taylor,Brown
78,Alex,Jones
79,Taylor,Johnson
80,Morgan,Smith
81,Alex,Williams
82,Taylor,Williams
83,Jordan,Williams
84,Alex,Johnson
85,Taylor,Williams
86,Morgan,Brown
87,Jordan,Johnson
88,Taylor,Smith
89,Alex,Brown
90,Morgan,Brown
91,Alex,Johnson
92,Jordan,Smith
93,Jordan,Jones
94,Taylor,Jones
95,Morgan,Williams
96,Alex,Smith
97,Taylor,Williams
98,Alex,Williams
99,Jordan,Williams
100,Morgan,Williams
101,Casey,Johnson
102,Alex,Jones
103,Morgan,Jones
104,Jordan,Williams
105,Taylor,Jones
106,Casey,Smith
107,Morgan,Smith
108,Casey,Jones
109,Casey,Johnson
110,Taylor,Jones
111,Jordan,Johnson
112,Taylor,Jones
113,Jordan,Williams
114,Casey,Brown
115,Alex,Johnson
116,Jordan,Smith
117,Taylor,Johnson
118,Casey,Johnson
119,Casey,Brown
120,Casey,Jones
121,Alex,Johnson
122,Taylor,Smith
123,Jordan,Jones
124,Casey,Smith
125,Casey,Johnson
126,Casey,Jones
127,Taylor,Jones
128,Taylor,Smith
129,Alex,Jones
130,Alex,Jones
131,Morgan,Johnson
132,Alex,Jones
133,Alex,Johnson
134,Jordan,Smith
135,Jordan,Brown
136,Jordan,Johnson
137,Casey,Smith
138,Casey,Brown
139,Jordan,Brown
140,Casey,Jones
141,Casey,Williams
142,Casey,Jones
143,Morgan,Brown
144,Casey,Smith
145,Casey,Jones
146,Alex,Jones
147,Jordan,Jones
148,Alex,Smith
149,Casey,Johnson
150,Alex,Williams
151,Casey,Jones
152,Casey,Smith
153,Morgan,Jones
154,Taylor,Brown
155,Morgan,Jones
156,Morgan,Williams
157,Casey,Jones
158,Taylor,Jones
159,Morgan,Williams
160,Casey,Smith
161,Taylor,Williams
162,Casey,Jones
163,Jordan,Johnson
164,Jordan,Jones
165,Taylor,Johnson
166,Jordan,Brown
167,Morgan,Williams
168,Jordan,Brown
169,Casey,Brown
170,Jordan,Smith
171,Jordan,Williams
172,Jordan,Jones
173,Morgan,Brown
174,Casey,Brown
175,Taylor,Johnson
176,Morgan,Brown
177,Taylor,Williams
178,Casey,Williams
179,Jordan,Jones
180,Alex,Johnson
181,Casey,Williams
182,Casey,Jones
183,Alex,Johnson
184,Morgan,Jones
185,Casey,Williams
186,Alex,Brown
187,Morgan,Williams
188,Casey,Williams
189,Alex,Smith
190,Casey,Johnson
191,Alex,Jones
192,Morgan,Williams
193,Morgan,Williams
194,Taylor,Jones
195,Alex,Smith
196,Taylor,Williams
197,Morgan,Johnson
198,Jordan,Williams
199,Jordan,Johnson
200,Morgan,Jones
201,Morgan,Smith
202,Taylor,Williams
203,Casey,Johnson
204,Alex,Smith
205,Alex,Johnson
206,Morgan,Smith
207,Jordan,Jones
208,Jordan,Jones
209,Alex,Williams
210,Taylor,Brown
211,Taylor,Johnson
212,Jordan,Smith
213,Taylor,Jones
214,Alex,Smith
215,Casey,Jones
216,Alex,Johnson
217,Alex,Jones
218,Morgan,Brown
219,Morgan,Johnson
220,Alex,Brown
221,Alex,Johnson
222,Morgan,Johnson
223,Morgan,Johnson
224,Jordan,Johnson
225,Casey,Jones
226,Casey,Jones
227,Casey,Williams
228,Taylor,Smith
229,Jordan,Brown
230,Jordan,Johnson
231,Casey,Williams
232,Taylor,Johnson
233,Taylor,Brown
234,Taylor,Williams
235,Taylor,Johnson
236,Morgan,Williams
237,Alex,Johnson
238,Alex,Johnson
239,Casey,Williams
240,Taylor,Johnson
241,Jordan,Jones
242,Taylor,Williams
243,Taylor,Jones
244,Morgan,Johnson
245,Alex,Smith
246,Casey,Smith
247,Casey,Brown
248,Alex,Johnson
249,Taylor,Williams
250,Morgan,Jones
251,Alex,Williams
252,Taylor,Jones
253,Casey,Williams
254,Alex,Brown
255,Alex,Smith
256,Alex,Smith
257,Casey,Johnson
258,Jordan,Williams
259,Morgan,Jones
260,Casey,Johnson
261,Casey,Johnson
262,Morgan,Johnson
263,Casey,Brown
264,Taylor,Williams
265,Casey,Brown
266,Alex,Williams
267,Alex,Williams
268,Casey,Williams
269,Casey,Smith
270,Alex,Smith
271,Jordan,Jones
272,Alex,Smith
273,Alex,Smith
274,Morgan,Jones
275,Morgan,Jones
276,Jordan,Williams
277,Jordan,Jones
278,Jordan,Smith
279,Taylor,Williams
280,Alex,Johnson
281,Jordan,Smith
282,Morgan,Smith
283,Alex,Williams
284,Alex,Williams
285,Morgan,Brown
286,Jordan,Johnson
287,Jordan,Brown
288,Taylor,Williams
289,Casey,Williams
290,Casey,Brown
291,Taylor,Johnson
292,Morgan,Johnson
293,Jordan,Johnson
294,Taylor,Johnson
295,Jordan,Williams
296,Casey,Jones
297,Jordan,Johnson
298,Alex,Johnson
299,Morgan,Williams
300,Jordan,Williams
301,Taylor,Johnson
302,Alex,Jones
303,Jordan,Johnson
304,Casey,Jones
305,Morgan,Johnson
306,Jordan,Williams
307,Taylor,Brown
308,Casey,Johnson
309,Casey,Williams
310,Alex,Brown
311,Morgan,Johnson
312,Alex,Smith
313,Casey,Smith
314,Morgan,Jones
315,Morgan,Jones
316,Taylor,Johnson
317,Jordan,Williams
318,Morgan,Williams
319,Jordan,Johnson
320,Jordan,Williams
321,Alex,Jones
322,Casey,Brown
323,Jordan,Williams
324,Jordan,Jones
325,Casey,Smith
326,Jordan,Jones
327,Morgan,Smith
328,Morgan,Johnson
329,Morgan,Brown
330,Taylor,Jones
331,Morgan,Williams
332,Morgan,Johnson
333,Jordan,Smith
334,Taylor,Jones
335,Alex,Jones
336,Jordan,Williams
337,Casey,Smith
338,Morgan,Brown
339,Alex,Johnson
340,Alex,Johnson
341,Alex,Johnson
342,Morgan,Smith
343,Jordan,Smith
344,Morgan,Smith
345,Taylor,Williams
346,Casey,Smith
347,Taylor,Smith
348,Alex,Smith
349,Morgan,Williams
350,Morgan,Brown
351,Casey,Johnson
352,Alex,Williams
353,Casey,Jones
354,Morgan,Brown
355,Alex,Smith
356,Jordan,Smith
357,Jordan,Smith
358,Taylor,Johnson
359,Alex,Jones
360,Morgan,Williams
361,Jordan,Smith
362,Alex,Smith
363,Jordan,Brown
364,Alex,Jones
365,Jordan,Johnson
366,Alex,Jones
367,Jordan,Smith
368,Casey,Jones
369,Alex,Smith
370,Alex,Smith
371,Morgan,Williams
372,Jordan,Brown
373,Taylor,Brown
374,Jordan,Williams
375,Jordan,Smith
376,Jordan,Jones
377,Alex,Smith
378,Taylor,Brown
379,Morgan,Williams
380,Taylor,Brown
381,Jordan,Williams
382,Morgan,Jones
383,Taylor,Williams
384,Casey,Brown
385,Jordan,Jones
386,Casey,Smith
387,Morgan,Brown
388,Alex,Brown
389,Morgan,Johnson
390,Alex,Johnson
391,Alex,Brown
392,Morgan,Johnson
393,Jordan,Brown
394,Taylor,Williams
395,Jordan,Johnson
396,Taylor,Williams
397,Jordan,Smith
398,Casey,Johnson
399,Jordan,Johnson
400,Casey,Brown
401,Casey,Jones
402,Jordan,Johnson
403,Jordan,Smith
404,Alex,Williams
405,Morgan,Jones
406,Alex,Smith
407,Casey,Brown
408,Alex,Jones
409,Alex,Smith
410,Morgan,Brown
411,Morgan,Smith
412,Jordan,Johnson
413,Morgan,Johnson
414,Taylor,Johnson
415,Jordan,Johnson
416,Jordan,Williams
417,Jordan,Smith
418,Alex,Williams
419,Jordan,Smith
420,Morgan,Jones
421,Morgan,Williams
422,Morgan,Johnson
423,Jordan,Johnson
424,Morgan,Smith
425,Taylor,Williams
426,Casey,Jones
427,Alex,Brown
428,Jordan,Smith
429,Morgan,Johnson
430,Morgan,Johnson
431,Taylor,Jones
432,Alex,Smith
433,Alex,Johnson
434,Casey,Johnson
435,Alex,Brown
436,Casey,Jones
437,Jordan,Smith
438,Casey,Smith
439,Casey,Brown
440,Morgan,Brown
441,Morgan,Johnson
442,Jordan,Williams
443,Alex,Williams
444,Jordan,Smith
445,Taylor,Johnson
446,Jordan,Jones
447,Casey,Brown
448,Casey,Johnson
449,Jordan,Jones
450,Morgan,Smith
451,Taylor,Brown
452,Taylor,Brown
453,Casey,Jones
454,Morgan,Williams
455,Taylor,Williams
456,Taylor,Smith
457,Morgan,Smith
458,Morgan,Brown
459,Jordan,Jones
460,Casey,Jones
461,Morgan,Smith
462,Jordan,Williams
463,Alex,Jones
464,Jordan,Johnson
465,Casey,Johnson
466,Taylor,Jones
467,Morgan,Smith
468,Jordan,Johnson
469,Morgan,Brown
470,Jordan,Brown
471,Jordan,Williams
472,Alex,Smith
473,Taylor,Johnson
474,Jordan,Johnson
475,Jordan,Johnson
476,Taylor,Jones
477,Taylor,Johnson
478,Jordan,Williams
479,Taylor,Johnson
480,Alex,Johnson
481,Taylor,Brown
482,Alex,Brown
483,Casey,Smith
484,Morgan,Williams
485,Alex,Smith
486,Alex,Brown
487,Jordan,Williams
488,Morgan,Jones
489,Alex,Jones
490,Morgan,Johnson
491,Taylor,Williams
492,Alex,Jones
493,Taylor,Jones
494,Taylor,Jones
495,Casey,Johnson
496,Morgan,Jones
497,Casey,Williams
498,Casey,Jones
499,Morgan,Smith
500,Taylor,Williams
501,Casey,Brown
502,Morgan,Jones
503,Jordan,Brown
504,Morgan,Johnson
505,Morgan,Brown
506,Taylor,Johnson
507,Casey,Smith
508,Morgan,Jones
509,Jordan,Jones
510,Alex,Williams
511,Taylor,Smith
512,Jordan,Brown
513,Casey,Williams
514,Jordan,Jones
515,Alex,Johnson
516,Alex,Smith
517,Jordan,Williams
518,Taylor,Smith
519,Taylor,Johnson
520,Taylor,Johnson
521,Alex,Smith
522,Casey,Brown
523,Alex,Williams
524,Jordan,Johnson
525,Morgan,Jones
526,Jordan,Williams
527,Jordan,Smith
528,Alex,Smith
529,Taylor,Williams
530,Jordan,Johnson
531,Morgan,Smith
532,Morgan,Brown
533,Morgan,Smith
534,Morgan,Brown
535,Alex,Jones
536,Casey,Brown
537,Jordan,Smith
538,Taylor,Johnson
539,Morgan,Johnson
540,Jordan,Brown
541,Casey,Brown
542,Alex,Johnson
543,Taylor,Brown
544,Jordan,Smith
545,Morgan,Jones
546,Jordan,Brown
547,Morgan,Smith
548,Jordan,Williams
549,Taylor,Jones
550,Jordan,Williams
551,Taylor,Johnson
552,Taylor,Jones
553,Jordan,Williams
554,Taylor,Williams
555,Morgan,Jones
556,Taylor,Johnson
557,Morgan,Jones
558,Taylor,Brown
559,Morgan,Jones
560,Alex,Williams
561,Jordan,Williams
562,Casey,Smith
563,Alex,Jones
564,Casey,Johnson
565,Alex,Jones
566,Alex,Johnson
567,Morgan,Smith
568,Alex,Brown
569,Jordan,Jones
570,Casey,Brown
571,Taylor,Smith
572,Jordan,Williams
573,Morgan,Johnson
574,Casey,Williams
575,Morgan,Williams
576,Taylor,Brown
577,Taylor,Johnson
578,Jordan,Jones
579,Alex,Brown
580,Jordan,Smith
581,Taylor,Jones
582,Alex,Jones
583,Morgan,Williams
584,Alex,Smith
585,Jordan,Williams
586,Taylor,Jones
587,Casey,Brown
588,Casey,Smith
589,Morgan,Williams
590,Casey,Jones
591,Casey,Smith
592,Jordan,Brown
593,Morgan,Jones
594,Jordan,Williams
595,Jordan,Jones
596,Casey,Brown
597,Morgan,Johnson
598,Alex,Johnson
599,Alex,Brown
600,Morgan,Williams
601,Casey,Williams
602,Alex,Williams
603,Taylor,Brown
604,Morgan,Jones
605,Casey,Jones
606,Casey,Williams
607,Casey,Johnson
608,Alex,Williams
609,Morgan,Johnson
610,Taylor,Brown
611,Alex,Jones
612,Casey,Johnson
613,Alex,Johnson
614,Morgan,Jones
615,Taylor,Smith
616,Casey,Williams
617,Alex,Smith
618,Morgan,Jones
619,Alex,Johnson
620,Jordan,Smith
621,Morgan,Smith
622,Taylor,Williams
623,Jordan,Smith
624,Morgan,Johnson
625,Casey,Williams
626,Jordan,Jones
627,Jordan,Smith
628,Jordan,Brown
629,Casey,Smith
630,Morgan,Williams
631,Casey,Smith
632,Taylor,Williams
633,Morgan,Brown
634,Alex,Brown
635,Alex,Jones
636,Morgan,Williams
637,Taylor,Williams
638,Alex,Smith
639,Taylor,Jones
640,Alex,Johnson
641,Taylor,Jones
642,Jordan,Jones
643,Casey,Williams
644,Jordan,Smith
645,Morgan,Brown
646,Casey,Williams
647,Taylor,Johnson
648,Alex,Brown
649,Morgan,Smith
650,Morgan,Brown
651,Taylor,Williams
652,Alex,Johnson
653,Jordan,Smith
654,Casey,Smith
655,Jordan,Johnson
656,Taylor,Johnson
657,Alex,Smith
658,Taylor,Jones
659,Jordan,Jones
660,Alex,Johnson
661,Alex,Johnson
662,Taylor,Jones
663,Jordan,Smith
664,Casey,Brown
665,Taylor,Johnson
666,Morgan,Williams
667,Casey,Jones
668,Alex,Johnson
669,Jordan,Brown
670,Jordan,Smith
671,Morgan,Smith
672,Jordan,Jones
673,Taylor,Smith
674,Jordan,Smith
675,Morgan,Brown
676,Morgan,Smith
677,Casey,Johnson
678,Taylor,Jones
679,Alex,Jones
680,Alex,Brown
681,Casey,Smith
682,Alex,Brown
683,Casey,Jones
684,Alex,Johnson
685,Morgan,Williams
686,Morgan,Jones
687,Jordan,Johnson
688,Alex,Jones
689,Jordan,Smith
690,Alex,Smith
691,Taylor,Jones
692,Alex,Smith
693,Morgan,Johnson
694,Morgan,Brown
695,Casey,Brown
696,Morgan,Jones
697,Taylor,Brown
698,Taylor,Brown
699,Alex,Smith
700,Taylor,Jones
701,Morgan,Brown
702,Jordan,Williams
703,Taylor,Jones
704,Jordan,Brown
705,Alex,Williams
706,Jordan,Williams
707,Casey,Johnson
708,Casey,Brown
709,Jordan,Johnson
710,Alex,Johnson
711,Morgan,Brown
712,Morgan,Williams
713,Morgan,Jones
714,Morgan,Brown
715,Morgan,Brown
716,Casey,Williams
717,Alex,Williams
718,Morgan,Smith
719,Morgan,Johnson
720,Taylor,Jones
721,Taylor,Brown
722,Morgan,Johnson
723,Jordan,Johnson
724,Morgan,Brown
725,Jordan,Brown
726,Jordan,Williams
727,Morgan,Brown
728,Morgan,Williams
729,Casey,Brown
730,Alex,Smith
731,Alex,Jones
732,Taylor,Williams
733,Casey,Williams
734,Casey,Brown
735,Taylor,Johnson
736,Casey,Brown
737,Casey,Smith
738,Taylor,Jones
739,Morgan,Smith
740,Casey,Smith
741,Casey,Jones
742,Morgan,Smith
743,Alex,Johnson
744,Taylor,Jones
745,Taylor,Jones
746,Taylor,Williams
747,Alex,Johnson
748,Jordan,Williams
749,Casey,Williams
750,Jordan,Jones
751,Alex,Williams
752,Morgan,Williams
753,Casey,Johnson
754,Morgan,Brown
755,Morgan,Brown
756,Alex,Williams
757,Casey,Johnson
758,Alex,Smith
759,Jordan,Brown
760,Taylor,Jones
761,Casey,Johnson
762,Jordan,Jones
763,Morgan,Smith
764,Alex,Williams
765,Jordan,Smith
766,Morgan,Johnson
767,Alex,Williams
768,Jordan,Smith
769,Jordan,Williams
770,Jordan,Smith
771,Alex,Brown
772,Morgan,Smith
773,Taylor,Smith
774,Casey,Johnson
775,Jordan,Williams
776,Morgan,Smith
777,Jordan,Williams
778,Jordan,Jones
779,Casey,Smith
780,Taylor,Williams
781,Alex,Jones
782,Casey,Williams
783,Jordan,Williams
784,Taylor,Johnson
785,Taylor,Smith
786,Morgan,Johnson
787,Alex,Johnson
788,Jordan,Johnson
789,Alex,Johnson
790,Taylor,Williams
791,Morgan,Jones
792,Jordan,Williams
793,Taylor,Johnson
794,Jordan,Smith
795,Alex,Johnson
796,Casey,Smith
797,Taylor,Smith
798,Morgan,Johnson
799,Alex,Smith
800,Casey,Williams
801,Casey,Williams
802,Taylor,Brown
803,Alex,Jones
804,Jordan,Williams
805,Taylor,Johnson
806,Alex,Jones
807,Morgan,Williams
808,Jordan,Smith
809,Casey,Smith
810,Jordan,Brown
811,Alex,Smith
812,Morgan,Jones
813,Jordan,Brown
814,Morgan,Jones
815,Casey,Williams
816,Morgan,Johnson
817,Taylor,Johnson
818,Morgan,Smith
819,Taylor,Brown
820,Morgan,Brown
821,Alex,Williams
822,Alex,Jones
823,Casey,Jones
824,Alex,Jones
825,Morgan,Brown
826,Casey,Williams
827,Casey,Williams
828,Casey,Brown
829,Alex,Johnson
830,Casey,Brown
831,Morgan,Brown
832,Alex,Johnson
833,Morgan,Williams
834,Morgan,Smith
835,Morgan,Brown
836,Jordan,Smith
837,Jordan,Smith
838,Alex,Smith
839,Morgan,Brown
840,Jordan,Jones
841,Morgan,Johnson
842,Jordan,Smith
843,Jordan,Williams
844,Morgan,Williams
845,Casey,Smith
846,Morgan,Jones
847,Taylor,Williams
848,Taylor,Johnson
849,Morgan,Brown
850,Alex,Johnson
851,Morgan,Johnson
852,Jordan,Brown
853,Taylor,Williams
854,Jordan,Smith
855,Taylor,Jones
856,Jordan,Brown
857,Casey,Johnson
858,Casey,Jones
859,Jordan,Smith
860,Morgan,Smith
861,Alex,Smith
862,Casey,Williams
863,Alex,Brown
864,Alex,Johnson
865,Jordan,Williams
866,Jordan,Johnson
867,Jordan,Jones
868,Alex,Johnson
869,Taylor,Williams
870,Morgan,Williams
871,Casey,Brown
872,Casey,Jones
873,Alex,Jones
874,Jordan,Smith
875,Alex,Johnson
876,Jordan,Smith
877,Taylor,Smith
878,Taylor,Brown
879,Jordan,Smith
880,Casey,Brown
881,Alex,Brown
882,Morgan,Smith
883,Casey,Johnson
884,Alex,Smith
885,Alex,Smith
886,Morgan,Williams
887,Casey,Johnson
888,Morgan,Brown
889,Casey,Jones
890,Taylor,Smith
891,Casey,Brown
892,Taylor,Brown
893,Morgan,Jones
894,Morgan,Williams
895,Taylor,Brown
896,Taylor,Brown
897,Casey,Jones
898,Alex,Brown
899,Taylor,Brown
900,Jordan,Jones
901,Casey,Brown
902,Alex,Smith
903,Morgan,Jones
904,Casey,Brown
905,Morgan,Williams
906,Casey,Williams
907,Casey,Jones
908,Casey,Jones
909,Morgan,Brown
910,Morgan,Smith
911,Alex,Smith
912,Morgan,Williams
913,Jordan,Williams
914,Alex,Williams
915,Casey,Williams
916,Casey,Brown
917,Jordan,Williams
918,Alex,Johnson
919,Alex,Brown
920,Taylor,Jones
921,Taylor,Johnson
922,Morgan,Williams
923,Alex,Smith
924,Morgan,Williams
925,Alex,Jones
926,Alex,Williams
927,Morgan,Williams
928,Taylor,Johnson
929,Casey,Johnson
930,Jordan,Smith
931,Alex,Williams
932,Alex,Smith
933,Morgan,Jones
934,Taylor,Smith
935,Taylor,Johnson
936,Jordan,Smith
937,Morgan,Smith
938,Alex,Smith
939,Taylor,Brown
940,Jordan,Smith
941,Casey,Johnson
942,Morgan,Johnson
943,Alex,Johnson
944,Morgan,Johnson
945,Casey,Williams
946,Morgan,Brown
947,Morgan,Johnson
948,Casey,Johnson
949,Casey,Williams
950,Jordan,Brown
951,Casey,Johnson
952,Jordan,Williams
953,Morgan,Smith
954,Taylor,Johnson
955,Jordan,Brown
956,Morgan,Williams
957,Alex,Johnson
958,Morgan,Williams
959,Morgan,Johnson
960,Morgan,Brown
961,Morgan,Brown
962,Jordan,Johnson
963,Morgan,Smith
964,Jordan,Williams
965,Taylor,Smith
966,Casey,Jones
967,Jordan,Smith
968,Casey,Williams
969,Taylor,Johnson
970,Casey,Johnson
971,Taylor,Brown
972,Taylor,Smith
973,Morgan,Smith
974,Taylor,Johnson
975,Casey,Smith
976,Casey,Johnson
977,Alex,Jones
978,Taylor,Brown
979,Jordan,Brown
980,Jordan,Williams
981,Jordan,Smith
982,Casey,Brown
983,Casey,Williams
984,Taylor,Smith
985,Taylor,Brown
986,Taylor,Williams
987,Jordan,Johnson
988,Jordan,Smith
989,Jordan,Williams
990,Morgan,Smith
991,Jordan,Brown
992,Morgan,Williams
993,Alex,Smith
994,Casey,Williams
995,Morgan,Smith
996,Alex,Brown
997,Taylor,Williams
998,Morgan,Johnson
999,Casey,Jones
1000,Casey,Smith
1001,Alex,Jones
1002,Alex,Johnson
1003,Alex,Jones
1004,Jordan,Johnson
1005,Morgan,Smith
1006,Jordan,Brown
1007,Jordan,Smith
1008,Jordan,Williams
1009,Alex,Smith
1010,Jordan,Smith
1011,Morgan,Johnson
1012,Casey,Johnson
1013,Morgan,Johnson
1014,Alex,Williams
1015,Taylor,Smith
1016,Alex,Smith
1017,Casey,Johnson
1018,Taylor,Williams
1019,Jordan,Jones
1020,Jordan,Brown
1021,Jordan,Brown
1022,Alex,Smith
1023,Alex,Brown
1024,Taylor,Johnson
1025,Morgan,Jones
1026,Jordan,Williams
1027,Casey,Brown
1028,Casey,Smith
1029,Taylor,Jones
1030,Casey,Smith
1031,Morgan,Jones
1032,Casey,Johnson
1033,Morgan,Johnson
1034,Taylor,Williams
1035,Morgan,Johnson
1036,Taylor,Johnson
1037,Morgan,Jones
1038,Casey,Williams
1039,Morgan,Williams
1040,Morgan,Jones
1041,Taylor,Jones
1042,Taylor,Williams
1043,Casey,Johnson
1044,Alex,Johnson
1045,Casey,Williams
1046,Jordan,Williams
1047,Jordan,Jones
1048,Morgan,Smith
1049,Taylor,Jones
1050,Jordan,Brown
1051,Alex,Brown
1052,Taylor,Jones
1053,Jordan,Johnson
1054,Alex,Jones
1055,Casey,Johnson
1056,Morgan,Smith
1057,Morgan,Brown
1058,Alex,Williams
1059,Casey,Smith
1060,Casey,Williams
1061,Morgan,Williams
1062,Morgan,Brown
1063,Taylor,Smith
1064,Jordan,Brown
1065,Morgan,Johnson
1066,Taylor,Smith
1067,Casey,Johnson
1068,Morgan,Smith
1069,Casey,Jones
1070,Taylor,Williams
1071,Alex,Brown
1072,Jordan,Jones
1073,Morgan,Jones
1074,Casey,Smith
1075,Jordan,Johnson
1076,Taylor,Brown
1077,Jordan,Williams
1078,Jordan,Johnson
1079,Taylor,Smith
1080,Alex,Brown
1081,Alex,Brown
1082,Taylor,Jones
1083,Casey,Johnson
1084,Casey,Brown
1085,Jordan,Brown
1086,Casey,Smith
1087,Jordan,Williams
1088,Casey,Johnson
1089,Casey,Williams
1090,Taylor,Williams
1091,Alex,Smith
1092,Casey,Brown
1093,Alex,Johnson
1094,Alex,Johnson
1095,Morgan,Johnson
1096,Morgan,Smith
1097,Casey,Williams
1098,Casey,Smith
1099,Morgan,Smith
1100,Alex,Jones
1101,Taylor,Williams
1102,Morgan,Jones
1103,Taylor,Brown
1104,Alex,Smith
1105,Casey,Williams
1106,Morgan,Johnson
1107,Alex,Brown
1108,Casey,Williams
1109,Casey,Brown
1110,Alex,Jones
1111,Casey,Brown
1112,Alex,Jones
1113,Alex,Brown
1114,Alex,Smith
1115,Taylor,Brown
1116,Morgan,Smith
1117,Morgan,Jones
1118,Alex,Jones
1119,Alex,Brown
1120,Jordan,Jones
1121,Casey,Johnson
1122,Jordan,Jones
1123,Taylor,Smith
1124,Taylor,Jones
1125,Alex,Smith
1126,Casey,Brown
1127,Morgan,Williams
1128,Jordan,Johnson
1129,Casey,Williams
1130,Taylor,Smith
1131,Casey,Jones
1132,Alex,Brown
1133,Casey,Jones
1134,Morgan,Jones
1135,Taylor,Jones
1136,Casey,Johnson
1137,Casey,Brown
1138,Casey,Williams
1139,Morgan,Smith
1140,Jordan,Williams
1141,Morgan,Johnson
1142,Jordan,Smith
1143,Casey,Williams
1144,Alex,Brown
1145,Morgan,Williams
1146,Jordan,Williams
1147,Alex,Smith
1148,Morgan,Johnson
1149,Morgan,Williams
1150,Morgan,Williams
1151,Taylor,Jones
1152,Taylor,Brown
1153,Jordan,Smith
1154,Alex,Williams
1155,Taylor,Williams
1156,Morgan,Jones
1157,Alex,Brown
1158,Alex,Williams
1159,Alex,Johnson
1160,Jordan,Smith
1161,Casey,Smith
1162,Casey,Smith
1163,Alex,Jones
1164,Taylor,Williams
1165,Taylor,Williams
1166,Casey,Johnson
1167,Jordan,Brown
1168,Casey,Williams
1169,Jordan,Williams
1170,Jordan,Williams
1171,Casey,Jones
1172,Alex,Jones
1173,Taylor,Brown
1174,Jordan,Williams
1175,Alex,Smith
1176,Morgan,Smith
1177,Morgan,Brown
1178,Taylor,Jones
1179,Casey,Jones
1180,Jordan,Jones
1181,Casey,Brown
1182,Jordan,Smith
1183,Jordan,Johnson
1184,Taylor,Jones
1185,Taylor,Jones
1186,Morgan,Jones
1187,Morgan,Johnson
1188,Morgan,Smith
1189,Morgan,Williams
1190,Taylor,Brown
1191,Taylor,Williams
1192,Jordan,Brown
1193,Jordan,Johnson
1194,Jordan,Brown
1195,Casey,Williams
1196,Taylor,Brown
1197,Morgan,Jones
1198,Jordan,Johnson
1199,Casey,Brown
1200,Alex,Johnson
1201,Casey,Jones
1202,Morgan,Smith
1203,Morgan,Smith
1204,Morgan,Smith
1205,Alex,Jones
1206,Alex,Jones
1207,Taylor,Williams
1208,Alex,Brown
1209,Taylor,Jones
1210,Casey,Johnson
1211,Alex,Johnson
1212,Casey,Williams
1213,Jordan,Williams
1214,Morgan,Smith
1215,Taylor,Smith
1216,Alex,Johnson
1217,Casey,Smith
1218,Jordan,Jones
1219,Morgan,Jones
1220,Taylor,Smith
1221,Casey,Johnson
1222,Morgan,Johnson
1223,Taylor,Williams
1224,Morgan,Williams
1225,Jordan,Brown
1226,Morgan,Smith
1227,Jordan,Jones
1228,Taylor,Jones
1229,Taylor,Johnson
1230,Casey,Jones
1231,Taylor,Jones
1232,Taylor,Williams
1233,Taylor,Brown
1234,Alex,Smith
1235,Casey,Williams
1236,Alex,Williams
1237,Casey,Johnson
1238,Alex,Smith
1239,Morgan,Williams
1240,Jordan,Johnson
1241,Casey,Williams
1242,Taylor,Williams
1243,Morgan,Jones
1244,Alex,Williams
1245,Casey,Johnson
1246,Morgan,Johnson
1247,Casey,Johnson
1248,Jordan,Brown
1249,Taylor,Williams
1250,Jordan,Brown
1251,Jordan,Brown
1252,Taylor,Jones
1253,Jordan,Johnson
1254,Alex,Brown
1255,Morgan,Smith
1256,Morgan,Jones
1257,Casey,Smith
1258,Alex,Johnson
1259,Morgan,Brown
1260,Alex,Williams
1261,Alex,Jones
1262,Jordan,Smith
1263,Morgan,Brown
1264,Jordan,Jones
1265,Casey,Smith
1266,Jordan,Brown
1267,Morgan,Jones
1268,Jordan,Johnson
1269,Casey,Johnson
1270,Alex,Brown
1271,Taylor,Johnson
1272,Casey,Brown
1273,Casey,Smith
1274,Morgan,Smith
1275,Morgan,Smith
1276,Casey,Smith
1277,Taylor,Jones
1278,Alex,Johnson
1279,Morgan,Smith
1280,Morgan,Williams
1281,Jordan,Williams
1282,Morgan,Smith
1283,Alex,Williams
1284,Morgan,Williams
1285,Casey,Williams
1286,Morgan,Williams
1287,Jordan,Brown
1288,Jordan,Smith
1289,Jordan,Williams
1290,Morgan,Johnson
1291,Morgan,Smith
1292,Alex,Williams
1293,Morgan,Jones
1294,Alex,Williams
1295,Alex,Smith
1296,Casey,Johnson
1297,Alex,Williams
1298,Taylor,Jones
1299,Morgan,Johnson
1300,Taylor,Brown
1301,Casey,Johnson
1302,Morgan,Smith
1303,Alex,Brown
1304,Alex,Smith
1305,Alex,Johnson
1306,Taylor,Brown
1307,Alex,Brown
1308,Casey,Johnson
1309,Alex,Johnson
1310,Morgan,Brown
1311,Taylor,Johnson
1312,Taylor,Jones
1313,Morgan,Brown
1314,Casey,Smith
1315,Morgan,Smith
1316,Morgan,Brown
1317,Morgan,Johnson
1318,Alex,Williams
1319,Alex,Brown
1320,Alex,Jones
1321,Casey,Jones
1322,Taylor,Smith
1323,Casey,Jones
1324,Jordan,Johnson
1325,Jordan,Brown
1326,Jordan,Brown
1327,Alex,Johnson
1328,Casey,Brown
1329,Morgan,Johnson
1330,Jordan,Johnson
1331,Casey,Jones
1332,Morgan,Jones
1333,Alex,Johnson
1334,Taylor,Brown
1335,Alex,Williams
1336,Taylor,Brown
1337,Casey,Williams
1338,Alex,Smith
1339,Jordan,Williams
1340,Alex,Williams
1341,Morgan,Brown
1342,Alex,Johnson
1343,Morgan,Brown
1344,Morgan,Johnson
1345,Casey,Smith
1346,Morgan,Brown
1347,Alex,Brown
1348,Alex,Brown
1349,Taylor,Jones
1350,Taylor,Williams
1351,Jordan,Jones
1352,Jordan,Williams
1353,Alex,Johnson
1354,Jordan,Johnson
1355,Morgan,Jones
1356,Taylor,Smith
1357,Alex,Jones
1358,Morgan,Williams
1359,Casey,Smith
1360,Casey,Smith
1361,Jordan,Smith
1362,Alex,Jones
1363,Morgan,Williams
1364,Jordan,Jones
1365,Jordan,Johnson
1366,Alex,Smith
1367,Taylor,Johnson
1368,Alex,Brown
1369,Taylor,Brown
1370,Taylor,Jones
1371,Jordan,Smith
1372,Morgan,Johnson
1373,Taylor,Brown
1374,Casey,Jones
1375,Alex,Brown
1376,Morgan,Jones
1377,Alex,Smith
1378,Taylor,Jones
1379,Morgan,Smith
1380,Taylor,Brown
1381,Alex,Williams
1382,Alex,Smith
1383,Casey,Johnson
1384,Casey,Brown
1385,Morgan,Williams
1386,Taylor,Johnson
1387,Casey,Johnson
1388,Jordan,Smith
1389,Taylor,Brown
1390,Jordan,Williams
1391,Jordan,Brown
1392,Alex,Williams
1393,Jordan,Smith
1394,Taylor,Williams
1395,Morgan,Brown
1396,Jordan,Brown
1397,Alex,Williams
1398,Jordan,Johnson
1399,Morgan,Brown
1400,Morgan,Johnson
1401,Jordan,Jones
1402,Casey,Williams
1403,Alex,Smith
1404,Casey,Johnson
1405,Morgan,Smith
1406,Taylor,Williams
1407,Casey,Brown
1408,Casey,Jones
1409,Taylor,Jones
1410,Taylor,Smith
1411,Taylor,Smith
1412,Alex,Williams
1413,Morgan,Williams
1414,Taylor,Smith
1415,Jordan,Johnson
1416,Taylor,Brown
1417,Taylor,Jones
1418,Alex,Smith
1419,Jordan,Williams
1420,Morgan,Brown
1421,Casey,Williams
1422,Taylor,Smith
1423,Casey,Johnson
1424,Casey,Johnson
1425,Jordan,Johnson
1426,Taylor,Brown
1427,Jordan,Jones
1428,Alex,Jones
1429,Alex,Williams
1430,Jordan,Jones
1431,Alex,Jones
1432,Jordan,Brown
1433,Taylor,Williams
1434,Casey,Johnson
1435,Taylor,Brown
1436,Taylor,Jones
1437,Alex,Jones
1438,Casey,Johnson
1439,Jordan,Jones
1440,Taylor,Johnson
1441,Casey,Brown
1442,Taylor,Smith
1443,Morgan,Smith
1444,Jordan,Jones
1445,Casey,Williams
1446,Jordan,Smith
1447,Jordan,Johnson
1448,Morgan,Brown
1449,Taylor,Johnson
1450,Casey,Johnson
1451,Jordan,Smith
1452,Morgan,Williams
1453,Taylor,Jones
1454,Casey,Williams
1455,Morgan,Brown
1456,Casey,Brown
1457,Alex,Johnson
1458,Taylor,Jones
1459,Morgan,Jones
1460,Morgan,Williams
1461,Taylor,Johnson
1462,Jordan,Brown
1463,Casey,Williams
1464,Morgan,Brown
1465,Casey,Johnson
1466,Jordan,Johnson
1467,Casey,Jones
1468,Jordan,Williams
1469,Jordan,Smith
1470,Casey,Brown
1471,Morgan,Williams
1472,Jordan,Jones
1473,Alex,Williams
1474,Morgan,Smith
1475,Casey,Smith
1476,Morgan,Brown
1477,Casey,Jones
1478,Morgan,Brown
1479,Jordan,Smith
1480,Casey,Jones
1481,Morgan,Johnson
1482,Jordan,Brown
1483,Morgan,Smith
1484,Alex,Jones
1485,Casey,Smith
1486,Jordan,Brown
1487,Jordan,Jones
1488,Morgan,Williams
1489,Casey,Smith
1490,Taylor,Smith
1491,Taylor,Johnson
1492,Alex,Brown
1493,Alex,Smith
1494,Taylor,Jones
1495,Morgan,Smith
1496,Alex,Johnson
1497,Taylor,Johnson
1498,Taylor,Jones
1499,Taylor,Williams
1500,Alex,Johnson
1501,Taylor,Smith
1502,Jordan,Jones
1503,Taylor,Jones
1504,Jordan,Brown
1505,Taylor,Williams
1506,Taylor,Brown
1507,Alex,Johnson
1508,Jordan,Jones
1509,Alex,Brown
1510,Morgan,Johnson
1511,Taylor,Johnson
1512,Alex,Jones
1513,Jordan,Johnson
1514,Taylor,Brown
1515,Alex,Johnson
1516,Taylor,Johnson
1517,Morgan,Williams
1518,Alex,Smith
1519,Morgan,Smith
1520,Taylor,Brown
1521,Jordan,Jones
1522,Morgan,Johnson
1523,Morgan,Jones
1524,Casey,Brown
1525,Morgan,Smith
1526,Jordan,Jones
1527,Alex,Jones
1528,Taylor,Smith
1529,Morgan,Williams
1530,Jordan,Smith
1531,Morgan,Williams
1532,Alex,Brown
1533,Morgan,Johnson
1534,Alex,Johnson
1535,Jordan,Smith
1536,Casey,Brown
1537,Casey,Johnson
1538,Casey,Johnson
1539,Taylor,Jones
1540,Morgan,Williams
1541,Morgan,Smith
1542,Jordan,Brown
1543,Morgan,Williams
1544,Jordan,Brown
1545,Alex,Smith
1546,Casey,Brown
1547,Alex,Johnson
1548,Morgan,Williams
1549,Jordan,Jones
1550,Casey,Johnson
1551,Morgan,Williams
1552,Taylor,Smith
1553,Taylor,Jones
1554,Casey,Jones
1555,Jordan,Jones
1556,Casey,Jones
1557,Casey,Johnson
1558,Casey,Jones
1559,Alex,Brown
1560,Jordan,Williams
1561,Jordan,Smith
1562,Alex,Jones
1563,Jordan,Johnson
1564,Casey,Jones
1565,Casey,Smith
1566,Morgan,Brown
1567,Morgan,Smith
1568,Taylor,Jones
1569,Casey,Williams
1570,Morgan,Johnson
1571,Morgan,Brown
1572,Jordan,Jones
1573,Alex,Williams
1574,Casey,Smith
1575,Casey,Brown
1576,Jordan,Brown
1577,Casey,Jones
1578,Morgan,Williams
1579,Alex,Williams
1580,Alex,Jones
1581,Morgan,Johnson
1582,Casey,Johnson
1583,Taylor,Brown
1584,Casey,Jones
1585,Alex,Jones
1586,Casey,Smith
1587,Casey,Jones
1588,Morgan,Johnson
1589,Jordan,Brown
1590,Alex,Williams
1591,Jordan,Brown
1592,Jordan,Jones
1593,Alex,Williams
1594,Morgan,Smith
1595,Taylor,Brown
1596,Casey,Johnson
1597,Morgan,Jones
1598,Jordan,Williams
1599,Jordan,Smith
1600,Jordan,Johnson
1601,Jordan,Johnson
1602,Alex,Williams
1603,Alex,Brown
1604,Morgan,Smith
1605,Alex,Williams
1606,Casey,Johnson
1607,Casey,Jones
1608,Morgan,Smith
1609,Morgan,Williams
1610,Morgan,Jones
1611,Alex,Johnson
1612,Alex,Williams
1613,Morgan,Brown
1614,Taylor,Smith
1615,Alex,Smith
1616,Taylor,Smith
1617,Taylor,Williams
1618,Morgan,Williams
1619,Taylor,Williams
1620,Morgan,Smith
1621,Morgan,Johnson
1622,Morgan,Williams
1623,Taylor,Smith
1624,Morgan,Smith
1625,Jordan,Brown
1626,Casey,Jones
1627,Jordan,Smith
1628,Morgan,Williams
1629,Casey,Brown
1630,Jordan,Brown
1631,Taylor,Jones
1632,Casey,Smith
1633,Morgan,Smith
1634,Taylor,Johnson
1635,Alex,Brown
1636,Taylor,Williams
1637,Taylor,Brown
1638,Jordan,Johnson
1639,Morgan,Brown
1640,Casey,Smith
1641,Morgan,Jones
1642,Casey,Williams
1643,Taylor,Williams
1644,Jordan,Brown
1645,Morgan,Johnson
1646,Jordan,Smith
1647,Morgan,Johnson
1648,Taylor,Smith
1649,Alex,Smith
1650,Casey,Williams
1651,Taylor,Brown
1652,Alex,Brown
1653,Casey,Johnson
1654,Alex,Brown
1655,Jordan,Brown
1656,Jordan,Williams
1657,Alex,Williams
1658,Morgan,Smith
1659,Jordan,Jones
1660,Casey,Brown
1661,Morgan,Jones
1662,Morgan,Brown
1663,Taylor,Brown
1664,Morgan,Brown
1665,Taylor,Williams
1666,Jordan,Jones
1667,Morgan,Jones
1668,Morgan,Williams
1669,Morgan,Johnson
1670,Morgan,Jones
1671,Jordan,Johnson
1672,Taylor,Brown
1673,Alex,Williams
1674,Morgan,Smith
1675,Jordan,Williams
1676,Jordan,Brown
1677,Alex,Williams
1678,Morgan,Brown
1679,Casey,Williams
1680,Taylor,Brown
1681,Alex,Jones
1682,Jordan,Smith
1683,Jordan,Jones
1684,Casey,Smith
1685,Morgan,Johnson
1686,Morgan,Jones
1687,Taylor,Williams
1688,Jordan,Johnson
1689,Jordan,Brown
1690,Taylor,Williams
1691,Jordan,Johnson
1692,Jordan,Smith
1693,Jordan,Jones
1694,Alex,Johnson
1695,Casey,Johnson
1696,Jordan,Williams
1697,Taylor,Brown
1698,Jordan,Brown
1699,Casey,Smith
1700,Jordan,Johnson
1701,Taylor,Smith
1702,Taylor,Smith
1703,Taylor,Jones
1704,Alex,Johnson
1705,Morgan,Smith
1706,Taylor,Jones
1707,Jordan,Smith
1708,Taylor,Jones
1709,Casey,Jones
1710,Jordan,Smith
1711,Jordan,Smith
1712,Jordan,Brown
1713,Morgan,Johnson
1714,Morgan,Williams
1715,Taylor,Johnson
1716,Jordan,Brown
1717,Casey,Brown
1718,Casey,Williams
1719,Morgan,Brown
1720,Taylor,Williams
1721,Alex,Smith
1722,Jordan,Brown
1723,Alex,Smith
1724,Taylor,Jones
1725,Morgan,Williams
1726,Casey,Jones
1727,Casey,Brown
1728,Jordan,Brown
1729,Casey,Smith
1730,Casey,Johnson
1731,Casey,Smith
1732,Jordan,Johnson
1733,Alex,Jones
1734,Taylor,Brown
1735,Casey,Smith
1736,Jordan,Williams
1737,Taylor,Johnson
1738,Casey,Brown
1739,Jordan,Johnson
1740,Jordan,Williams
1741,Morgan,Williams
1742,Casey,Jones
1743,Morgan,Williams
1744,Casey,Johnson
1745,Alex,Williams
1746,Jordan,Smith
1747,Morgan,Williams
1748,Casey,Smith
1749,Morgan,Williams
1750,Alex,Smith
1751,Casey,Johnson
1752,Alex,Brown
1753,Casey,Williams
1754,Alex,Brown
1755,Jordan,Jones
1756,Alex,Williams
1757,Morgan,Smith
1758,Jordan,Smith
1759,Morgan,Smith
1760,Alex,Williams
1761,Casey,Jones
1762,Alex,Smith
1763,Taylor,Williams
1764,Alex,Brown
1765,Taylor,Brown
1766,Taylor,Brown
1767,Morgan,Brown
1768,Morgan,Johnson
1769,Taylor,Brown
1770,Taylor,Brown
1771,Jordan,Smith
1772,Morgan,Jones
1773,Morgan,Smith
1774,Alex,Johnson
1775,Alex,Jones
1776,Jordan,Smith
1777,Casey,Brown
1778,Casey,Brown
1779,Jordan,Brown
1780,Jordan,Johnson
1781,Casey,Jones
1782,Casey,Brown
1783,Morgan,Jones
1784,Casey,Jones
1785,Morgan,Brown
1786,Morgan,Smith
1787,Taylor,Williams
1788,Casey,Brown
1789,Jordan,Smith
1790,Jordan,Johnson
1791,Jordan,Brown
1792,Morgan,Williams
1793,Morgan,Jones
1794,Taylor,Johnson
1795,Jordan,Brown
1796,Taylor,Johnson
1797,Casey,Brown
1798,Jordan,Smith
1799,Morgan,Williams
1800,Jordan,Johnson
1801,Jordan,Jones
1802,Alex,Brown
1803,Casey,Smith
1804,Casey,Williams
1805,Jordan,Brown
1806,Alex,Jones
1807,Alex,Johnson
1808,Morgan,Johnson
1809,Morgan,Brown
1810,Jordan,Jones
1811,Taylor,Johnson
1812,Alex,Jones
1813,Jordan,Jones
1814,Jordan,Smith
1815,Morgan,Williams
1816,Casey,Johnson
1817,Jordan,Brown
1818,Jordan,Brown
1819,Taylor,Williams
1820,Jordan,Johnson
1821,Casey,Johnson
1822,Casey,Williams
1823,Jordan,Brown
1824,Jordan,Williams
1825,Jordan,Williams
1826,Casey,Brown
1827,Jordan,Williams
1828,Alex,Williams
1829,Taylor,Williams
1830,Morgan,Jones
1831,Taylor,Jones
1832,Taylor,Williams
1833,Casey,Brown
1834,Morgan,Smith
1835,Alex,Brown
1836,Alex,Brown
1837,Alex,Johnson
1838,Casey,Brown
1839,Jordan,Williams
1840,Taylor,Smith
1841,Morgan,Johnson
1842,Taylor,Smith
1843,Taylor,Jones
1844,Morgan,Jones
1845,Alex,Johnson
1846,Casey,Brown
1847,Taylor,Williams
1848,Morgan,Brown
1849,Morgan,Williams
1850,Casey,Johnson
1851,Jordan,Johnson
1852,Jordan,Williams
1853,Casey,Johnson
1854,Jordan,Jones
1855,Morgan,Brown
1856,Alex,Johnson
1857,Taylor,Brown
1858,Taylor,Smith
1859,Morgan,Jones
1860,Morgan,Williams
1861,Jordan,Williams
1862,Taylor,Jones
1863,Casey,Johnson
1864,Morgan,Brown
1865,Alex,Jones
1866,Taylor,Brown
1867,Alex,Jones
1868,Taylor,Jones
1869,Morgan,Smith
1870,Casey,Williams
1871,Taylor,Smith
1872,Casey,Brown
1873,Morgan,Jones
1874,Alex,Jones
1875,Morgan,Johnson
1876,Jordan,Brown
1877,Casey,Jones
1878,Morgan,Smith
1879,Jordan,Jones
1880,Jordan,Brown
1881,Alex,Williams
1882,Jordan,Jones
1883,Casey,Brown
1884,Jordan,Smith
1885,Alex,Smith
1886,Alex,Smith
1887,Casey,Jones
1888,Casey,Brown
1889,Jordan,Smith
1890,Jordan,Johnson
1891,Casey,Brown
1892,Jordan,Williams
1893,Alex,Johnson
1894,Casey,Johnson
1895,Alex,Brown
1896,Jordan,Brown
1897,Jordan,Williams
1898,Casey,Williams
1899,Taylor,Williams
1900,Morgan,Williams
1901,Alex,Brown
1902,Casey,Smith
1903,Alex,Smith
1904,Morgan,Johnson
1905,Jordan,Williams
1906,Jordan,Johnson
1907,Taylor,Jones
1908,Jordan,Smith
1909,Jordan,Smith
1910,Taylor,Smith
1911,Taylor,Brown
1912,Jordan,Johnson
1913,Casey,Smith
1914,Morgan,Johnson
1915,Morgan,Smith
1916,Jordan,Johnson
1917,Alex,Williams
1918,Casey,Williams
1919,Casey,Johnson
1920,Jordan,Williams
1921,Taylor,Brown
1922,Casey,Johnson
1923,Morgan,Johnson
1924,Taylor,Jones
1925,Casey,Brown
1926,Morgan,Jones
1927,Alex,Brown
1928,Alex,Smith
1929,Taylor,Johnson
1930,Taylor,Johnson
1931,Alex,Jones
1932,Alex,Jones
1933,Taylor,Smith
1934,Casey,Smith
1935,Jordan,Smith
1936,Casey,Johnson
1937,Jordan,Jones
1938,Morgan,Johnson
1939,Morgan,Brown
1940,Alex,Jones
1941,Jordan,Brown
1942,Morgan,Smith
1943,Jordan,Brown
1944,Jordan,Jones
1945,Casey,Smith
1946,Morgan,Williams
1947,Taylor,Smith
1948,Alex,Jones
1949,Taylor,Johnson
1950,Taylor,Brown
1951,Morgan,Brown
1952,Taylor,Brown
1953,Alex,Jones
1954,Alex,Smith
1955,Taylor,Williams
1956,Jordan,Williams
1957,Alex,Williams
1958,Casey,Jones
1959,Alex,Williams
1960,Casey,Williams
1961,Morgan,Johnson
1962,Taylor,Brown
1963,Alex,Brown
1964,Casey,Smith
1965,Taylor,Johnson
1966,Alex,Smith
1967,Taylor,Jones
1968,Casey,Williams
1969,Jordan,Smith
1970,Taylor,Brown
1971,Alex,Jones
1972,Jordan,Brown
1973,Alex,Williams
1974,Alex,Williams
1975,Jordan,Smith
1976,Taylor,Brown
1977,Casey,Brown
1978,Morgan,Jones
1979,Jordan,Brown
1980,Casey,Smith
1981,Jordan,Jones
1982,Casey,Johnson
1983,Taylor,Williams
1984,Alex,Johnson
1985,Morgan,Jones
1986,Morgan,Brown
1987,Casey,Jones
1988,Morgan,Johnson
1989,Casey,Williams
1990,Morgan,Jones
1991,Morgan,Smith
1992,Taylor,Smith
1993,Morgan,Jones
1994,Taylor,Brown
1995,Jordan,Jones
1996,Morgan,Williams
1997,Jordan,Jones
1998,Alex,Smith
1999,Morgan,Brown
2000,Casey,Brown
2001,Morgan,Smith
2002,Taylor,Jones
2003,Casey,Smith
2004,Jordan,Brown
2005,Alex,Brown
2006,Alex,Johnson
2007,Alex,Jones
2008,Morgan,Brown
2009,Alex,Williams
2010,Casey,Johnson
2011,Morgan,Smith
2012,Alex,Smith
2013,Taylor,Smith
2014,Taylor,Williams
2015,Alex,Williams
2016,Morgan,Johnson
2017,Taylor,Johnson
2018,Alex,Jones
2019,Alex,Brown
2020,Casey,Jones
2021,Alex,Brown
2022,Morgan,Jones
2023,Taylor,Johnson
2024,Jordan,Johnson
2025,Alex,Smith
2026,Jordan,Brown
2027,Alex,Jones
2028,Alex,Johnson
2029,Alex,Jones
2030,Alex,Smith
2031,Taylor,Brown
2032,Morgan,Johnson
2033,Jordan,Smith
2034,Taylor,Smith
2035,Morgan,Jones
2036,Alex,Brown
2037,Morgan,Johnson
2038,Morgan,Smith
2039,Alex,Brown
2040,Morgan,Jones
2041,Alex,Williams
2042,Taylor,Williams
2043,Alex,Brown
2044,Jordan,Smith
2045,Alex,Brown
2046,Morgan,Smith
2047,Alex,Johnson
2048,Morgan,Smith
2049,Morgan,Williams
2050,Taylor,Brown
2051,Jordan,Williams
2052,Alex,Smith
2053,Morgan,Jones
2054,Jordan,Johnson
2055,Jordan,Brown
2056,Morgan,Johnson
2057,Taylor,Smith
2058,Taylor,Jones
2059,Alex,Johnson
2060,Alex,Johnson
2061,Taylor,Smith
2062,Taylor,Jones
2063,Casey,Smith
2064,Jordan,Jones
2065,Taylor,Johnson
2066,Alex,Brown
2067,Taylor,Jones
2068,Jordan,Brown
2069,Taylor,Johnson
2070,Taylor,Jones
2071,Morgan,Johnson
2072,Morgan,Brown
2073,Alex,Williams
2074,Casey,Smith
2075,Casey,Johnson
2076,Morgan,Johnson
2077,Taylor,Williams
2078,Morgan,Smith
2079,Taylor,Jones
2080,Jordan,Smith
2081,Alex,Brown
2082,Jordan,Smith
2083,Alex,Jones
2084,Morgan,Smith
2085,Jordan,Jones
2086,Morgan,Williams
2087,Taylor,Williams
2088,Morgan,Johnson
2089,Jordan,Williams
2090,Morgan,Williams
2091,Jordan,Smith
2092,Morgan,Johnson
2093,Jordan,Johnson
2094,Casey,Williams
2095,Alex,Johnson
2096,Alex,Smith
2097,Jordan,Brown
2098,Alex,Williams
2099,Alex,Brown
2100,Morgan,Jones
2101,Taylor,Smith
2102,Jordan,Smith
2103,Alex,Smith
2104,Taylor,Jones
2105,Casey,Johnson
2106,Jordan,Williams
2107,Alex,Johnson
2108,Casey,Williams
2109,Jordan,Brown
2110,Alex,Johnson
2111,Casey,Williams
2112,Morgan,Johnson
2113,Jordan,Jones
2114,Morgan,Smith
2115,Morgan,Williams
2116,Alex,Johnson
2117,Casey,Johnson
2118,Jordan,Brown
2119,Taylor,Johnson
2120,Alex,Williams
2121,Jordan,Jones
2122,Taylor,Smith
2123,Taylor,Johnson
2124,Taylor,Williams
2125,Alex,Williams
2126,Taylor,Smith
2127,Casey,Brown
2128,Morgan,Brown
2129,Casey,Jones
2130,Jordan,Johnson
2131,Casey,Smith
2132,Taylor,Smith
2133,Alex,Brown
2134,Casey,Jones
2135,Morgan,Smith
2136,Alex,Johnson
2137,Casey,Williams
2138,Jordan,Brown
2139,Alex,Brown
2140,Jordan,Brown
2141,Taylor,Brown
2142,Morgan,Williams
2143,Casey,Smith
2144,Casey,Smith
2145,Casey,Johnson
2146,Morgan,Johnson
2147,Alex,Brown
2148,Morgan,Johnson
2149,Jordan,Williams
2150,Morgan,Williams
2151,Taylor,Smith
2152,Taylor,Jones
2153,Taylor,Williams
2154,Taylor,Jones
2155,Taylor,Brown
2156,Alex,Brown
2157,Casey,Johnson
2158,Casey,Brown
2159,Morgan,Smith
2160,Taylor,Brown
2161,Taylor,Williams
2162,Alex,Smith
2163,Jordan,Williams
2164,Morgan,Brown
2165,Jordan,Williams
2166,Casey,Jones
2167,Casey,Jones
2168,Alex,Williams
2169,Morgan,Smith
2170,Jordan,Brown
2171,Jordan,Williams
2172,Casey,Jones
2173,Taylor,Williams
2174,Alex,Smith
2175,Casey,Williams
2176,Jordan,Smith
2177,Jordan,Johnson
2178,Alex,Jones
2179,Morgan,Williams
2180,Jordan,Johnson
2181,Jordan,Jones
2182,Morgan,Williams
2183,Casey,Williams
2184,Casey,Johnson
2185,Jordan,Smith
2186,Taylor,Williams
2187,Casey,Williams
2188,Morgan,Williams
2189,Morgan,Williams
2190,Taylor,Johnson
2191,Taylor,Williams
2192,Casey,Johnson
2193,Alex,Brown
2194,Morgan,Jones
2195,Alex,Williams
2196,Casey,Smith
2197,Alex,Smith
2198,Morgan,Smith
2199,Alex,Williams
2200,Morgan,Jones
2201,Alex,Johnson
2202,Jordan,Williams
2203,Taylor,Brown
2204,Alex,Johnson
2205,Casey,Smith
2206,Casey,Johnson
2207,Jordan,Jones
2208,Morgan,Brown
2209,Alex,Brown
2210,Alex,Smith
2211,Morgan,Brown
2212,Morgan,Brown
2213,Alex,Jones
2214,Taylor,Williams
2215,Jordan,Williams
2216,Jordan,Williams
2217,Morgan,Jones
2218,Taylor,Jones
2219,Casey,Williams
2220,Alex,Brown
2221,Morgan,Jones
2222,Alex,Jones
2223,Jordan,Brown
2224,Alex,Jones
2225,Alex,Williams
2226,Taylor,Smith
2227,Taylor,Williams
2228,Taylor,Williams
2229,Casey,Williams
2230,Taylor,Johnson
2231,Taylor,Williams
2232,Taylor,Williams
2233,Casey,Williams
2234,Morgan,Brown
2235,Jordan,Williams
2236,Alex,Brown
2237,Taylor,Brown
2238,Casey,Williams
2239,Alex,Smith
2240,Morgan,Williams
2241,Taylor,Brown
2242,Alex,Jones
2243,Taylor,Smith
2244,Taylor,Williams
2245,Casey,Johnson
2246,Casey,Jones
2247,Casey,Johnson
2248,Taylor,Williams
2249,Taylor,Brown
2250,Jordan,Jones
2251,Morgan,Jones
2252,Morgan,Johnson
2253,Alex,Williams
2254,Morgan,Brown
2255,Casey,Jones
2256,Casey,Johnson
2257,Morgan,Jones
2258,Morgan,Brown
2259,Morgan,Jones
2260,Morgan,Johnson
2261,Jordan,Williams
2262,Taylor,Johnson
2263,Jordan,Brown
2264,Jordan,Smith
2265,Jordan,Williams
2266,Jordan,Smith
2267,Alex,Johnson
2268,Morgan,Jones
2269,Alex,Johnson
2270,Casey,Williams
2271,Casey,Brown
2272,Morgan,Jones
2273,Jordan,Smith
2274,Casey,Johnson
2275,Taylor,Smith
2276,Alex,Jones
2277,Taylor,Jones
2278,Taylor,Jones
2279,Casey,Smith
2280,Morgan,Brown
2281,Alex,Jones
2282,Casey,Smith
2283,Taylor,Williams
2284,Alex,Brown
2285,Morgan,Johnson
2286,Casey,Jones
2287,Casey,Johnson
2288,Alex,Johnson
2289,Alex,Williams
2290,Morgan,Williams
2291,Taylor,Brown
2292,Taylor,Williams
2293,Casey,Johnson
2294,Morgan,Smith
2295,Taylor,Smith
2296,Alex,Williams
2297,Casey,Johnson
2298,Alex,Smith
2299,Taylor,Jones
2300,Morgan,Williams
2301,Taylor,Jones
2302,Alex,Jones
2303,Casey,Brown
2304,Morgan,Jones
2305,Morgan,Johnson
2306,Jordan,Brown
2307,Jordan,Brown
2308,Morgan,Williams
2309,Alex,Williams
2310,Alex,Jones
2311,Alex,Johnson
2312,Morgan,Williams
2313,Jordan,Williams
2314,Alex,Brown
2315,Alex,Johnson
2316,Alex,Brown
2317,Casey,Jones
2318,Casey,Brown
2319,Casey,Jones
2320,Morgan,Williams
2321,Alex,Williams
2322,Morgan,Jones
2323,Jordan,Jones
2324,Casey,Williams
2325,Taylor,Jones
2326,Casey,Jones
2327,Taylor,Williams
2328,Jordan,Jones
2329,Alex,Jones
2330,Morgan,Johnson
2331,Alex,Williams
2332,Jordan,Brown
2333,Morgan,Jones
2334,Jordan,Smith
2335,Alex,Brown
2336,Casey,Brown
2337,Alex,Johnson
2338,Casey,Johnson
2339,Taylor,Williams
2340,Alex,Jones
2341,Casey,Johnson
2342,Jordan,Williams
2343,Alex,Jones
2344,Taylor,Williams
2345,Jordan,Johnson
2346,Jordan,Brown
2347,Alex,Smith
2348,Morgan,Jones
2349,Morgan,Jones
2350,Alex,Williams
2351,Alex,Williams
2352,Alex,Brown
2353,Alex,Williams
2354,Taylor,Johnson
2355,Jordan,Johnson
2356,Taylor,Brown
2357,Alex,Smith
2358,Jordan,Johnson
2359,Casey,Brown
2360,Casey,Brown
2361,Morgan,Johnson
2362,Jordan,Williams
2363,Casey,Jones
2364,Jordan,Johnson
2365,Morgan,Williams
2366,Casey,Johnson
2367,Morgan,Williams
2368,Taylor,Johnson
2369,Alex,Johnson
2370,Casey,Jones
2371,Taylor,Johnson
2372,Casey,Smith
2373,Morgan,Smith
2374,Morgan,Brown
2375,Casey,Jones
2376,Casey,Williams
2377,Taylor,Jones
2378,Casey,Jones
2379,Casey,Smith
2380,Morgan,Jones
2381,Casey,Johnson
2382,Morgan,Smith
2383,Morgan,Johnson
2384,Casey,Johnson
2385,Morgan,Brown
2386,Taylor,Williams
2387,Jordan,Smith
2388,Morgan,Smith
2389,Alex,Jones
2390,Casey,Smith
2391,Morgan,Jones
2392,Taylor,Smith
2393,Alex,Williams
2394,Morgan,Johnson
2395,Alex,Smith
2396,Jordan,Smith
2397,Taylor,Smith
2398,Casey,Johnson
2399,Jordan,Johnson
2400,Morgan,Smith
2401,Jordan,Williams
2402,Casey,Johnson
2403,Jordan,Jones
2404,Morgan,Johnson
2405,Taylor,Johnson
2406,Taylor,Jones
2407,Taylor,Smith
2408,Casey,Johnson
2409,Morgan,Johnson
2410,Taylor,Smith
2411,Alex,Williams
2412,Taylor,Brown
2413,Casey,Brown
2414,Casey,Brown
2415,Taylor,Johnson
2416,Morgan,Jones
2417,Jordan,Johnson
2418,Taylor,Brown
2419,Jordan,Jones
2420,Jordan,Johnson
2421,Casey,Smith
2422,Alex,Williams
2423,Morgan,Johnson
2424,Taylor,Jones
2425,Alex,Williams
2426,Morgan,Brown
2427,Morgan,Jones
2428,Morgan,Smith
2429,Alex,Brown
2430,Jordan,Brown
2431,Alex,Johnson
2432,Morgan,Smith
2433,Casey,Williams
2434,Taylor,Williams
2435,Jordan,Johnson
2436,Jordan,Johnson
2437,Taylor,Johnson
2438,Morgan,Williams
2439,Alex,Johnson
2440,Jordan,Jones
2441,Jordan,Johnson
2442,Alex,Smith
2443,Jordan,Brown
2444,Alex,Williams
2445,Alex,Jones
2446,Jordan,Smith
2447,Alex,Williams
2448,Taylor,Williams
2449,Alex,Jones
2450,Casey,Brown
2451,Taylor,Williams
2452,Alex,Smith
2453,Taylor,Johnson
2454,Casey,Jones
2455,Alex,Brown
2456,Casey,Brown
2457,Taylor,Johnson
2458,Taylor,Brown
2459,Casey,Williams
2460,Alex,Johnson
2461,Casey,Williams
2462,Morgan,Brown
2463,Alex,Johnson
2464,Taylor,Smith
2465,Casey,Smith
2466,Casey,Johnson
2467,Morgan,Williams
2468,Taylor,Johnson
2469,Casey,Jones
2470,Jordan,Williams
2471,Taylor,Williams
2472,Casey,Williams
2473,Jordan,Johnson
2474,Taylor,Williams
2475,Jordan,Williams
2476,Jordan,Brown
2477,Taylor,Williams
2478,Alex,Brown
2479,Jordan,Johnson
2480,Morgan,Smith
2481,Taylor,Johnson
2482,Casey,Williams
2483,Alex,Brown
2484,Alex,Smith
2485,Morgan,Brown
2486,Alex,Jones
2487,Jordan,Smith
2488,Taylor,Brown
2489,Casey,Brown
2490,Morgan,Jones
2491,Alex,Johnson
2492,Alex,Smith
2493,Casey,Smith
2494,Jordan,Brown
2495,Casey,Jones
2496,Alex,Brown
2497,Casey,Johnson
2498,Morgan,Brown
2499,Morgan,Jones
2500,Morgan,Brown
2501,Jordan,Smith
2502,Jordan,Jones
2503,Casey,Williams
2504,Taylor,Jones
2505,Casey,Smith
2506,Jordan,Smith
2507,Casey,Jones
2508,Jordan,Johnson
2509,Alex,Brown
2510,Casey,Johnson
2511,Jordan,Johnson
2512,Taylor,Smith
2513,Alex,Jones
2514,Taylor,Brown
2515,Casey,Smith
2516,Casey,Smith
2517,Jordan,Smith
2518,Taylor,Williams
2519,Morgan,Brown
2520,Taylor,Smith
2521,Taylor,Brown
2522,Morgan,Williams
2523,Alex,Smith
2524,Jordan,Brown
2525,Taylor,Smith
2526,Alex,Smith
2527,Alex,Williams
2528,Casey,Jones
2529,Morgan,Jones
2530,Alex,Johnson
2531,Taylor,Brown
2532,Taylor,Brown
2533,Taylor,Johnson
2534,Casey,Williams
2535,Morgan,Williams
2536,Alex,Jones
2537,Jordan,Johnson
2538,Jordan,Johnson
2539,Casey,Williams
2540,Jordan,Brown
2541,Casey,Williams
2542,Jordan,Smith
2543,Taylor,Smith
2544,Alex,Brown
2545,Alex,Williams
2546,Taylor,Williams
2547,Jordan,Jones
2548,Alex,Smith
2549,Alex,Smith
2550,Casey,Jones
2551,Taylor,Jones
2552,Alex,Smith
2553,Taylor,Smith
2554,Alex,Johnson
2555,Jordan,Smith
2556,Taylor,Johnson
2557,Taylor,Brown
2558,Jordan,Jones
2559,Jordan,Jones
2560,Alex,Smith
2561,Casey,Johnson
2562,Jordan,Brown
2563,Jordan,Smith
2564,Alex,Brown
2565,Morgan,Johnson
2566,Morgan,Jones
2567,Casey,Williams
2568,Jordan,Williams
2569,Casey,Smith
2570,Morgan,Johnson
2571,Morgan,Williams
2572,Morgan,Johnson
2573,Morgan,Williams
2574,Casey,Jones
2575,Alex,Williams
2576,Morgan,Jones
2577,Alex,Johnson
2578,Alex,Smith
2579,Morgan,Smith
2580,Taylor,Brown
2581,Taylor,Johnson
2582,Jordan,Johnson
2583,Alex,Williams
2584,Alex,Jones
2585,Taylor,Johnson
2586,Casey,Johnson
2587,Casey,Smith
2588,Taylor,Jones
2589,Jordan,Jones
2590,Taylor,Jones
2591,Jordan,Brown
2592,Taylor,Smith
2593,Morgan,Johnson
2594,Jordan,Jones
2595,Taylor,Johnson
2596,Taylor,Smith
2597,Casey,Williams
2598,Jordan,Johnson
2599,Alex,Smith
2600,Taylor,Smith
2601,Alex,Smith
2602,Morgan,Jones
2603,Jordan,Brown
2604,Casey,Smith
2605,Morgan,Jones
2606,Alex,Williams
2607,Alex,Williams
2608,Morgan,Williams
2609,Jordan,Johnson
2610,Casey,Johnson
2611,Casey,Brown
2612,Taylor,Brown
2613,Casey,Williams
2614,Jordan,Johnson
2615,Taylor,Williams
2616,Taylor,Johnson
2617,Taylor,Jones
2618,Alex,Williams
2619,Alex,Brown
2620,Taylor,Jones
2621,Casey,Smith
2622,Casey,Brown
2623,Taylor,Brown
2624,Jordan,Smith
2625,Morgan,Williams
2626,Morgan,Jones
2627,Taylor,Smith
2628,Alex,Williams
2629,Alex,Johnson
2630,Morgan,Jones
2631,Alex,Brown
2632,Casey,Jones
2633,Morgan,Johnson
2634,Morgan,Williams
2635,Morgan,Johnson
2636,Morgan,Brown
2637,Alex,Williams
2638,Morgan,Jones
2639,Casey,Brown
2640,Alex,Jones
2641,Taylor,Smith
2642,Morgan,Jones
2643,Alex,Smith
2644,Taylor,Johnson
2645,Morgan,Brown
2646,Taylor,Jones
2647,Casey,Johnson
2648,Morgan,Smith
2649,Alex,Jones
2650,Taylor,Williams
2651,Casey,Williams
2652,Jordan,Smith
2653,Alex,Brown
2654,Alex,Johnson
2655,Jordan,Jones
2656,Alex,Jones
2657,Taylor,Jones
2658,Jordan,Smith
2659,Casey,Jones
2660,Casey,Williams
2661,Morgan,Johnson
2662,Jordan,Brown
2663,Taylor,Brown
2664,Morgan,Jones
2665,Casey,Smith
2666,Casey,Johnson
2667,Morgan,Johnson
2668,Morgan,Jones
2669,Morgan,Smith
2670,Jordan,Johnson
2671,Jordan,Brown
2672,Taylor,Jones
2673,Casey,Smith
2674,Casey,Williams
2675,Casey,Jones
2676,Jordan,Smith
2677,Casey,Williams
2678,Jordan,Johnson
2679,Taylor,Smith
2680,Alex,Jones
2681,Jordan,Williams
2682,Jordan,Jones
2683,Taylor,Brown
2684,Jordan,Brown
2685,Casey,Williams
2686,Taylor,Smith
2687,Casey,Williams
2688,Casey,Brown
2689,Jordan,Brown
2690,Jordan,Brown
2691,Jordan,Brown
2692,Jordan,Williams
2693,Morgan,Williams
2694,Casey,Williams
2695,Casey,Jones
2696,Casey,Jones
2697,Morgan,Johnson
2698,Casey,Johnson
2699,Alex,Johnson
2700,Casey,Jones
2701,Jordan,Johnson
2702,Taylor,Jones
2703,Alex,Brown
2704,Taylor,Johnson
2705,Casey,Smith
2706,Taylor,Smith
2707,Morgan,Johnson
2708,Taylor,Jones
2709,Morgan,Johnson
2710,Alex,Jones
2711,Taylor,Johnson
2712,Morgan,Williams
2713,Taylor,Johnson
2714,Jordan,Jones
2715,Jordan,Smith
2716,Taylor,Brown
2717,Jordan,Brown
2718,Morgan,Brown
2719,Taylor,Williams
2720,Alex,Johnson
2721,Alex,Williams
2722,Casey,Jones
2723,Morgan,Smith
2724,Taylor,Williams
2725,Alex,Williams
2726,Morgan,Smith
2727,Casey,Johnson
2728,Morgan,Jones
2729,Jordan,Williams
2730,Casey,Brown
2731,Jordan,Jones
2732,Casey,Brown
2733,Taylor,Jones
2734,Morgan,Brown
2735,Taylor,Johnson
2736,Morgan,Smith
2737,Jordan,Smith
2738,Alex,Williams
2739,Jordan,Williams
2740,Alex,Williams
2741,Alex,Johnson
2742,Morgan,Johnson
2743,Casey,Williams
2744,Casey,Jones
2745,Casey,Brown
2746,Casey,Williams
2747,Morgan,Williams
2748,Jordan,Johnson
2749,Jordan,Jones
2750,Casey,Smith
2751,Taylor,Smith
2752,Taylor,Brown
2753,Morgan,Jones
2754,Morgan,Williams
2755,Taylor,Jones
2756,Jordan,Jones
2757,Jordan,Smith
2758,Casey,Jones
2759,Taylor,Williams
2760,Alex,Johnson
2761,Morgan,Brown
2762,Casey,Smith
2763,Jordan,Smith
2764,Morgan,Smith
2765,Taylor,Williams
2766,Alex,Smith
2767,Alex,Williams
2768,Casey,Smith
2769,Taylor,Williams
2770,Morgan,Williams
2771,Jordan,Smith
2772,Casey,Smith
2773,Casey,Brown
2774,Casey,Johnson
2775,Jordan,Brown
2776,Morgan,Brown
2777,Taylor,Williams
2778,Alex,Williams
2779,Morgan,Williams
2780,Casey,Jones
2781,Alex,Williams
2782,Morgan,Williams
2783,Jordan,Jones
2784,Jordan,Williams
2785,Jordan,Jones
2786,Alex,Brown
2787,Jordan,Brown
2788,Casey,Brown
2789,Jordan,Smith
2790,Alex,Smith
2791,Alex,Brown
2792,Morgan,Johnson
2793,Morgan,Williams
2794,Taylor,Brown
2795,Alex,Jones
2796,Casey,Johnson
2797,Alex,Johnson
2798,Morgan,Williams
2799,Morgan,Brown
2800,Morgan,Jones
2801,Jordan,Johnson
2802,Taylor,Jones
2803,Casey,Johnson
2804,Morgan,Brown
2805,Casey,Jones
2806,Morgan,Smith
2807,Alex,Smith
2808,Casey,Brown
2809,Casey,Jones
2810,Morgan,Brown
2811,Taylor,Williams
2812,Taylor,Brown
2813,Jordan,Williams
2814,Casey,Smith
2815,Alex,Johnson
2816,Jordan,Brown
2817,Alex,Smith
2818,Morgan,Johnson
2819,Morgan,Smith
2820,Alex,Johnson
2821,Alex,Brown
2822,Taylor,Johnson
2823,Taylor,Smith
2824,Morgan,Brown
2825,Alex,Brown
2826,Taylor,Johnson
2827,Alex,Williams
2828,Jordan,Williams
2829,Taylor,Smith
2830,Casey,Williams
2831,Casey,Johnson
2832,Alex,Johnson
2833,Casey,Williams
2834,Morgan,Williams
2835,Casey,Jones
2836,Alex,Johnson
2837,Jordan,Johnson
2838,Morgan,Brown
2839,Casey,Jones
2840,Casey,Jones
2841,Taylor,Brown
2842,Jordan,Williams
2843,Taylor,Smith
2844,Casey,Johnson
2845,Morgan,Johnson
2846,Alex,Brown
2847,Jordan,Williams
2848,Casey,Johnson
2849,Jordan,Smith
2850,Morgan,Smith
2851,Jordan,Jones
2852,Jordan,Smith
2853,Morgan,Williams
2854,Alex,Jones
2855,Casey,Smith
2856,Taylor,Johnson
2857,Taylor,Williams
2858,Taylor,Williams
2859,Casey,Jones
2860,Alex,Smith
2861,Casey,Williams
2862,Morgan,Williams
2863,Jordan,Jones
2864,Alex,Jones
2865,Taylor,Jones
2866,Morgan,Jones
2867,Jordan,Williams
2868,Taylor,Johnson
2869,Taylor,Smith
2870,Casey,Johnson
2871,Jordan,Williams
2872,Alex,Williams
2873,Morgan,Brown
2874,Casey,Brown
2875,Casey,Smith
2876,Jordan,Johnson
2877,Alex,Jones
2878,Taylor,Smith
2879,Casey,Jones
2880,Morgan,Johnson
2881,Morgan,Brown
2882,Taylor,Johnson
2883,Taylor,Jones
2884,Jordan,Smith
2885,Taylor,Smith
2886,Jordan,Smith
2887,Taylor,Smith
2888,Casey,Jones
2889,Taylor,Johnson
2890,Morgan,Brown
2891,Jordan,Brown
2892,Casey,Jones
2893,Jordan,Williams
2894,Casey,Smith
2895,Taylor,Williams
2896,Alex,Smith
2897,Morgan,Smith
2898,Casey,Williams
2899,Morgan,Smith
2900,Jordan,Williams
2901,Morgan,Brown
2902,Alex,Williams
2903,Jordan,Smith
2904,Morgan,Brown
2905,Taylor,Williams
2906,Morgan,Jones
2907,Alex,Jones
2908,Jordan,Williams
2909,Morgan,Brown
2910,Jordan,Jones
2911,Morgan,Smith
2912,Casey,Smith
2913,Alex,Johnson
2914,Casey,Johnson
2915,Taylor,Johnson
2916,Jordan,Jones
2917,Jordan,Jones
2918,Taylor,Williams
2919,Alex,Smith
2920,Casey,Jones
2921,Taylor,Johnson
2922,Morgan,Williams
2923,Casey,Jones
2924,Taylor,Johnson
2925,Jordan,Jones
2926,Taylor,Jones
2927,Morgan,Brown
2928,Alex,Smith
2929,Casey,Smith
2930,Taylor,Williams
2931,Jordan,Williams
2932,Jordan,Williams
2933,Jordan,Smith
2934,Alex,Brown
2935,Morgan,Smith
2936,Casey,Johnson
2937,Taylor,Brown
2938,Casey,Johnson
2939,Jordan,Smith
2940,Casey,Brown
2941,Taylor,Williams
2942,Jordan,Jones
2943,Morgan,Smith
2944,Jordan,Williams
2945,Taylor,Smith
2946,Taylor,Brown
2947,Casey,Brown
2948,Taylor,Brown
2949,Taylor,Johnson
2950,Alex,Smith
2951,Morgan,Smith
2952,Jordan,Williams
2953,Alex,Jones
2954,Alex,Smith
2955,Jordan,Johnson
2956,Casey,Smith
2957,Morgan,Johnson
2958,Jordan,Brown
2959,Casey,Jones
2960,Jordan,Brown
2961,Alex,Jones
2962,Casey,Brown
2963,Alex,Johnson
2964,Taylor,Brown
2965,Jordan,Brown
2966,Alex,Smith
2967,Jordan,Johnson
2968,Alex,Johnson
2969,Jordan,Jones
2970,Morgan,Williams
2971,Taylor,Smith
2972,Taylor,Jones
2973,Taylor,Johnson
2974,Morgan,Smith
2975,Morgan,Smith
2976,Taylor,Jones
2977,Morgan,Brown
2978,Alex,Jones
2979,Taylor,Williams
2980,Casey,Brown
2981,Taylor,Jones
2982,Casey,Jones
2983,Jordan,Jones
2984,Jordan,Johnson
2985,Alex,Smith
2986,Jordan,Jones
2987,Casey,Jones
2988,Morgan,Jones
2989,Jordan,Johnson
2990,Jordan,Johnson
2991,Jordan,Brown
2992,Casey,Johnson
2993,Morgan,Williams
2994,Jordan,Brown
2995,Jordan,Johnson
2996,Morgan,Brown
2997,Jordan,Jones
2998,Jordan,Brown
2999,Morgan,Smith
3000,Jordan,Johnson
3001,Taylor,Brown
3002,Alex,Jones
3003,Alex,Johnson
3004,Taylor,Jones
3005,Morgan,Williams
3006,Alex,Smith
3007,Taylor,Williams
3008,Casey,Williams
3009,Casey,Johnson
3010,Taylor,Johnson
3011,Morgan,Johnson
3012,Alex,Jones
3013,Taylor,Smith
3014,Jordan,Smith
3015,Jordan,Jones
3016,Alex,Jones
3017,Casey,Brown
3018,Morgan,Johnson
3019,Casey,Brown
3020,Taylor,Jones
3021,Casey,Williams
3022,Morgan,Brown
3023,Taylor,Smith
3024,Jordan,Smith
3025,Casey,Smith
3026,Taylor,Smith
3027,Casey,Williams
3028,Casey,Williams
3029,Morgan,Johnson
3030,Casey,Johnson
3031,Jordan,Johnson
3032,Morgan,Jones
3033,Taylor,Brown
3034,Morgan,Johnson
3035,Casey,Smith
3036,Jordan,Williams
3037,Alex,Brown
3038,Casey,Jones
3039,Jordan,Jones
3040,Alex,Smith
3041,Taylor,Jones
3042,Jordan,Johnson
3043,Casey,Brown
3044,Jordan,Williams
3045,Taylor,Smith
3046,Casey,Brown
3047,Alex,Johnson
3048,Jordan,Johnson
3049,Morgan,Smith
3050,Taylor,Smith
3051,Taylor,Brown
3052,Alex,Smith
3053,Taylor,Jones
3054,Taylor,Williams
3055,Casey,Williams
3056,Alex,Jones
3057,Alex,Williams
3058,Morgan,Smith
3059,Alex,Jones
3060,Jordan,Williams
3061,Jordan,Johnson
3062,Alex,Smith
3063,Morgan,Jones
3064,Alex,Smith
3065,Alex,Smith
3066,Morgan,Williams
3067,Casey,Smith
3068,Taylor,Williams
3069,Taylor,Smith
3070,Casey,Brown
3071,Jordan,Smith
3072,Casey,Jones
3073,Casey,Williams
3074,Alex,Smith
3075,Casey,Brown
3076,Morgan,Johnson
3077,Alex,Johnson
3078,Taylor,Johnson
3079,Morgan,Brown
3080,Casey,Smith
3081,Jordan,Johnson
3082,Morgan,Johnson
3083,Taylor,Johnson
3084,Alex,Smith
3085,Alex,Williams
3086,Alex,Brown
3087,Casey,Jones
3088,Taylor,Williams
3089,Jordan,Williams
3090,Alex,Smith
3091,Jordan,Brown
3092,Morgan,Smith
3093,Casey,Williams
3094,Taylor,Jones
3095,Alex,Johnson
3096,Taylor,Jones
3097,Jordan,Brown
3098,Alex,Jones
3099,Taylor,Jones
3100,Jordan,Brown
3101,Jordan,Brown
3102,Casey,Brown
3103,Casey,Smith
3104,Alex,Jones
3105,Alex,Williams
3106,Taylor,Smith
3107,Taylor,Johnson
3108,Jordan,Brown
3109,Jordan,Brown
3110,Casey,Brown
3111,Jordan,Jones
3112,Taylor,Smith
3113,Casey,Brown
3114,Jordan,Johnson
3115,Morgan,Johnson
3116,Casey,Johnson
3117,Jordan,Smith
3118,Casey,Smith
3119,Morgan,Williams
3120,Jordan,Jones
3121,Morgan,Williams
3122,Casey,Brown
3123,Taylor,Williams
3124,Alex,Johnson
3125,Morgan,Williams
3126,Morgan,Smith
3127,Morgan,Jones
3128,Jordan,Jones
3129,Jordan,Johnson
3130,Casey,Smith
3131,Taylor,Smith
3132,Taylor,Jones
3133,Jordan,Jones
3134,Jordan,Smith
3135,Alex,Smith
3136,Taylor,Johnson
3137,Casey,Johnson
3138,Alex,Smith
3139,Morgan,Smith
3140,Casey,Brown
3141,Taylor,Smith
3142,Jordan,Williams
3143,Casey,Smith
3144,Morgan,Johnson
3145,Taylor,Brown
3146,Jordan,Johnson
3147,Alex,Jones
3148,Jordan,Williams
3149,Alex,Williams
3150,Taylor,Williams
3151,Casey,Williams
3152,Morgan,Williams
3153,Jordan,Brown
3154,Morgan,Williams
3155,Alex,Brown
3156,Casey,Jones
3157,Jordan,Williams
3158,Alex,Williams
3159,Taylor,Brown
3160,Casey,Smith
3161,Jordan,Jones
3162,Casey,Johnson
3163,Jordan,Jones
3164,Taylor,Brown
3165,Casey,Williams
3166,Casey,Smith
3167,Morgan,Williams
3168,Casey,Smith
3169,Jordan,Brown
3170,Alex,Johnson
3171,Casey,Johnson
3172,Casey,Jones
3173,Jordan,Smith
3174,Jordan,Smith
3175,Casey,Brown
3176,Taylor,Johnson
3177,Alex,Smith
3178,Morgan,Brown
3179,Morgan,Johnson
3180,Taylor,Williams
3181,Alex,Williams
3182,Jordan,Williams
3183,Alex,Johnson
3184,Alex,Williams
3185,Alex,Brown
3186,Taylor,Williams
3187,Taylor,Brown
3188,Morgan,Johnson
3189,Casey,Brown
3190,Casey,Williams
3191,Alex,Smith
3192,Taylor,Brown
3193,Alex,Brown
3194,Casey,Johnson
3195,Alex,Smith
3196,Taylor,Johnson
3197,Casey,Williams
3198,Jordan,Brown
3199,Jordan,Williams
3200,Morgan,Smith
3201,Morgan,Smith
3202,Taylor,Johnson
3203,Morgan,Smith
3204,Alex,Brown
3205,Alex,Smith
3206,Alex,Smith
3207,Alex,Williams
3208,Alex,Brown
3209,Casey,Jones
3210,Casey,Johnson
3211,Alex,Smith
3212,Taylor,Williams
3213,Morgan,Johnson
3214,Alex,Smith
3215,Morgan,Johnson
3216,Jordan,Brown
3217,Morgan,Jones
3218,Jordan,Johnson
3219,Jordan,Smith
3220,Alex,Brown
3221,Morgan,Williams
3222,Alex,Jones
3223,Taylor,Jones
3224,Taylor,Williams
3225,Jordan,Brown
3226,Alex,Johnson
3227,Casey,Jones
3228,Taylor,Williams
3229,Casey,Jones
3230,Jordan,Johnson
3231,Jordan,Williams
3232,Casey,Williams
3233,Jordan,Jones
3234,Casey,Johnson
3235,Taylor,Johnson
3236,Taylor,Johnson
3237,Alex,Jones
3238,Jordan,Brown
3239,Taylor,Smith
3240,Taylor,Williams
3241,Alex,Williams
3242,Taylor,Jones
3243,Jordan,Jones
3244,Morgan,Jones
3245,Alex,Johnson
3246,Alex,Smith
3247,Casey,Johnson
3248,Morgan,Williams
3249,Taylor,Williams
3250,Alex,Brown
3251,Morgan,Jones
3252,Casey,Jones
3253,Taylor,Jones
3254,Casey,Brown
3255,Jordan,Brown
3256,Alex,Brown
3257,Alex,Smith
3258,Morgan,Smith
3259,Taylor,Brown
3260,Alex,Smith
3261,Alex,Jones
3262,Jordan,Brown
3263,Casey,Brown
3264,Taylor,Jones
3265,Casey,Smith
3266,Alex,Johnson
3267,Casey,Brown
3268,Jordan,Brown
3269,Casey,Jones
3270,Casey,Johnson
3271,Taylor,Brown
3272,Alex,Williams
3273,Alex,Brown
3274,Morgan,Williams
3275,Morgan,Williams
3276,Morgan,Johnson
3277,Casey,Williams
3278,Taylor,Jones
3279,Taylor,Brown
3280,Taylor,Williams
3281,Alex,Smith
3282,Jordan,Jones
3283,Alex,Williams
3284,Alex,Jones
3285,Morgan,Williams
3286,Morgan,Williams
3287,Taylor,Brown
3288,Casey,Williams
3289,Taylor,Brown
3290,Alex,Williams
3291,Jordan,Brown
3292,Morgan,Jones
3293,Morgan,Smith
3294,Casey,Johnson
3295,Alex,Johnson
3296,Alex,Johnson
3297,Casey,Smith
3298,Alex,Jones
3299,Morgan,Williams
3300,Morgan,Johnson
3301,Alex,Johnson
3302,Morgan,Jones
3303,Jordan,Jones
3304,Morgan,Smith
3305,Casey,Brown
3306,Taylor,Johnson
3307,Taylor,Jones
3308,Casey,Williams
3309,Taylor,Brown
3310,Taylor,Johnson
3311,Jordan,Johnson
3312,Jordan,Brown
3313,Taylor,Jones
3314,Casey,Johnson
3315,Morgan,Smith
3316,Taylor,Jones
3317,Jordan,Brown
3318,Taylor,Brown
3319,Alex,Williams
3320,Casey,Jones
3321,Alex,Williams
3322,Casey,Smith
3323,Morgan,Williams
3324,Taylor,Smith
3325,Casey,Smith
3326,Morgan,Johnson
3327,Morgan,Brown
3328,Jordan,Johnson
3329,Jordan,Jones
3330,Casey,Smith
3331,Alex,Brown
3332,Taylor,Johnson
3333,Morgan,Brown
3334,Alex,Williams
3335,Morgan,Brown
3336,Alex,Smith
3337,Jordan,Smith
3338,Jordan,Smith
3339,Jordan,Brown
3340,Alex,Williams
3341,Casey,Williams
3342,Morgan,Williams
3343,Morgan,Brown
3344,Morgan,Brown
3345,Taylor,Smith
3346,Casey,Johnson
3347,Taylor,Jones
3348,Jordan,Jones
3349,Casey,Jones
3350,Morgan,Smith
3351,Alex,Williams
3352,Casey,Williams
3353,Alex,Jones
3354,Taylor,Smith
3355,Casey,Johnson
3356,Alex,Williams
3357,Morgan,Brown
3358,Jordan,Smith
3359,Alex,Smith
3360,Taylor,Jones
3361,Jordan,Jones
3362,Alex,Williams
3363,Alex,Jones
3364,Casey,Williams
3365,Casey,Smith
3366,Jordan,Smith
3367,Morgan,Johnson
3368,Morgan,Jones
3369,Alex,Johnson
3370,Morgan,Williams
3371,Jordan,Johnson
3372,Morgan,Johnson
3373,Alex,Smith
3374,Jordan,Jones
3375,Jordan,Brown
3376,Morgan,Brown
3377,Taylor,Brown
3378,Taylor,Williams
3379,Alex,Brown
3380,Casey,Brown
3381,Taylor,Brown
3382,Morgan,Jones
3383,Jordan,Brown
3384,Morgan,Brown
3385,Casey,Johnson
3386,Alex,Johnson
3387,Taylor,Johnson
3388,Taylor,Smith
3389,Taylor,Johnson
3390,Morgan,Brown
3391,Casey,Johnson
3392,Taylor,Smith
3393,Alex,Brown
3394,Jordan,Brown
3395,Alex,Brown
3396,Alex,Johnson
3397,Jordan,Jones
3398,Morgan,Johnson
3399,Alex,Smith
3400,Casey,Smith
3401,Taylor,Brown
3402,Jordan,Smith
3403,Alex,Johnson
3404,Taylor,Williams
3405,Alex,Johnson
3406,Jordan,Brown
3407,Alex,Jones
3408,Jordan,Johnson
3409,Morgan,Johnson
3410,Morgan,Brown
3411,Casey,Williams
3412,Jordan,Johnson
3413,Casey,Williams
3414,Alex,Jones
3415,Casey,Smith
3416,Alex,Smith
3417,Jordan,Brown
3418,Jordan,Brown
3419,Jordan,Johnson
3420,Morgan,Jones
3421,Alex,Brown
3422,Casey,Johnson
3423,Casey,Jones
3424,Alex,Brown
3425,Taylor,Johnson
3426,Alex,Williams
3427,Morgan,Brown
3428,Alex,Williams
3429,Jordan,Brown
3430,Alex,Johnson
3431,Alex,Smith
3432,Morgan,Jones
3433,Casey,Williams
3434,Alex,Jones
3435,Alex,Brown
3436,Morgan,Brown
3437,Alex,Smith
3438,Taylor,Brown
3439,Alex,Johnson
3440,Casey,Brown
3441,Morgan,Brown
3442,Casey,Williams
3443,Morgan,Johnson
3444,Morgan,Jones
3445,Morgan,Smith
3446,Morgan,Williams
3447,Jordan,Brown
3448,Jordan,Smith
3449,Jordan,Smith
3450,Jordan,Smith
3451,Alex,Smith
3452,Morgan,Smith
3453,Morgan,Williams
3454,Taylor,Jones
3455,Alex,Johnson
3456,Morgan,Williams
3457,Morgan,Smith
3458,Jordan,Johnson
3459,Jordan,Jones
3460,Morgan,Johnson
3461,Morgan,Williams
3462,Jordan,Smith
3463,Casey,Smith
3464,Casey,Brown
3465,Alex,Williams
3466,Jordan,Brown
3467,Alex,Jones
3468,Morgan,Brown
3469,Casey,Brown
3470,Casey,Smith
3471,Morgan,Smith
3472,Morgan,Williams
3473,Alex,Jones
3474,Casey,Williams
3475,Jordan,Johnson
3476,Alex,Johnson
3477,Morgan,Brown
3478,Morgan,Jones
3479,Morgan,Smith
3480,Taylor,Brown
3481,Casey,Brown
3482,Alex,Williams
3483,Casey,Johnson
3484,Casey,Johnson
3485,Taylor,Brown
3486,Jordan,Jones
3487,Jordan,Johnson
3488,Casey,Williams
3489,Casey,Brown
3490,Morgan,Brown
3491,Morgan,Williams
3492,Jordan,Brown
3493,Taylor,Jones
3494,Casey,Brown
3495,Casey,Williams
3496,Casey,Jones
3497,Alex,Williams
3498,Jordan,Smith
3499,Morgan,Johnson
3500,Casey,Williams
3501,Jordan,Johnson
3502,Taylor,Johnson
3503,Alex,Jones
3504,Morgan,Williams
3505,Casey,Johnson
3506,Morgan,Brown
3507,Taylor,Williams
3508,Taylor,Johnson
3509,Casey,Jones
3510,Taylor,Smith
3511,Alex,Jones
3512,Jordan,Williams
3513,Casey,Brown
3514,Morgan,Jones
3515,Alex,Smith
3516,Morgan,Williams
3517,Jordan,Smith
3518,Taylor,Jones
3519,Alex,Brown
3520,Taylor,Smith
3521,Alex,Smith
3522,Morgan,Williams
3523,Casey,Brown
3524,Casey,Smith
3525,Alex,Jones
3526,Morgan,Brown
3527,Morgan,Brown
3528,Alex,Johnson
3529,Jordan,Brown
3530,Jordan,Williams
3531,Casey,Johnson
3532,Taylor,Brown
3533,Morgan,Williams
3534,Morgan,Williams
3535,Casey,Jones
3536,Alex,Smith
3537,Taylor,Williams
3538,Taylor,Jones
3539,Jordan,Williams
3540,Taylor,Johnson
3541,Casey,Williams
3542,Casey,Jones
3543,Casey,Williams
3544,Casey,Brown
3545,Alex,Johnson
3546,Jordan,Johnson
3547,Taylor,Jones
3548,Alex,Johnson
3549,Jordan,Jones
3550,Alex,Williams
3551,Alex,Brown
3552,Taylor,Williams
3553,Morgan,Brown
3554,Morgan,Jones
3555,Taylor,Jones
3556,Jordan,Jones
3557,Taylor,Brown
3558,Casey,Brown
3559,Alex,Brown
3560,Taylor,Smith
3561,Jordan,Brown
3562,Jordan,Smith
3563,Alex,Jones
3564,Casey,Williams
3565,Alex,Brown
3566,Morgan,Jones
3567,Alex,Williams
3568,Morgan,Johnson
3569,Morgan,Smith
3570,Morgan,Johnson
3571,Morgan,Brown
3572,Alex,Brown
3573,Jordan,Jones
3574,Taylor,Smith
3575,Morgan,Williams
3576,Alex,Brown
3577,Jordan,Brown
3578,Casey,Jones
3579,Alex,Smith
3580,Alex,Johnson
3581,Jordan,Brown
3582,Alex,Jones
3583,Alex,Smith
3584,Alex,Johnson
3585,Jordan,Williams
3586,Taylor,Smith
3587,Alex,Smith
3588,Casey,Smith
3589,Taylor,Smith
3590,Taylor,Brown
3591,Taylor,Brown
3592,Casey,Brown
3593,Taylor,Brown
3594,Morgan,Smith
3595,Casey,Johnson
3596,Casey,Jones
3597,Taylor,Smith
3598,Morgan,Jones
3599,Taylor,Jones
3600,Alex,Smith
3601,Jordan,Williams
3602,Casey,Jones
3603,Jordan,Jones
3604,Alex,Jones
3605,Jordan,Smith
3606,Alex,Brown
3607,Jordan,Jones
3608,Morgan,Jones
3609,Casey,Jones
3610,Jordan,Jones
3611,Jordan,Johnson
3612,Alex,Jones
3613,Morgan,Johnson
3614,Casey,Jones
3615,Casey,Jones
3616,Jordan,Brown
3617,Alex,Williams
3618,Taylor,Williams
3619,Jordan,Jones
3620,Jordan,Johnson
3621,Alex,Williams
3622,Morgan,Jones
3623,Alex,Jones
3624,Jordan,Brown
3625,Jordan,Jones
3626,Casey,Smith
3627,Casey,Smith
3628,Jordan,Johnson
3629,Alex,Johnson
3630,Jordan,Jones
3631,Taylor,Williams
3632,Morgan,Johnson
3633,Morgan,Jones
3634,Morgan,Brown
3635,Alex,Williams
3636,Alex,Smith
3637,Morgan,Jones
3638,Jordan,Johnson
3639,Casey,Jones
3640,Taylor,Smith
3641,Alex,Jones
3642,Jordan,Brown
3643,Jordan,Williams
3644,Alex,Brown
3645,Morgan,Johnson
3646,Taylor,Johnson
3647,Jordan,Brown
3648,Alex,Smith
3649,Morgan,Smith
3650,Taylor,Johnson
3651,Morgan,Johnson
3652,Alex,Brown
3653,Morgan,Smith
3654,Jordan,Williams
3655,Morgan,Smith
3656,Jordan,Smith
3657,Alex,Smith
3658,Jordan,Johnson
3659,Jordan,Brown
3660,Alex,Johnson
3661,Jordan,Brown
3662,Jordan,Johnson
3663,Taylor,Smith
3664,Taylor,Brown
3665,Alex,Smith
3666,Morgan,Smith
3667,Taylor,Brown
3668,Alex,Johnson
3669,Casey,Jones
3670,Taylor,Williams
3671,Alex,Johnson
3672,Jordan,Brown
3673,Jordan,Johnson
3674,Morgan,Smith
3675,Taylor,Jones
3676,Jordan,Jones
3677,Jordan,Jones
3678,Morgan,Johnson
3679,Jordan,Jones
3680,Morgan,Jones
3681,Casey,Johnson
3682,Taylor,Jones
3683,Casey,Jones
3684,Taylor,Brown
3685,Alex,Johnson
3686,Casey,Williams
3687,Jordan,Williams
3688,Casey,Williams
3689,Casey,Johnson
3690,Casey,Jones
3691,Taylor,Smith
3692,Jordan,Jones
3693,Morgan,Smith
3694,Alex,Williams
3695,Casey,Brown
3696,Casey,Jones
3697,Casey,Jones
3698,Morgan,Jones
3699,Casey,Johnson
3700,Alex,Smith
3701,Casey,Brown
3702,Alex,Johnson
3703,Taylor,Johnson
3704,Casey,Jones
3705,Alex,Williams
3706,Taylor,Brown
3707,Alex,Johnson
3708,Taylor,Smith
3709,Jordan,Williams
3710,Jordan,Brown
3711,Jordan,Johnson
3712,Jordan,Smith
3713,Morgan,Smith
3714,Alex,Brown
3715,Alex,Smith
3716,Taylor,Brown
3717,Morgan,Smith
3718,Alex,Johnson
3719,Taylor,Jones
3720,Alex,Jones
3721,Jordan,Williams
3722,Casey,Brown
3723,Alex,Jones
3724,Taylor,Smith
3725,Casey,Williams
3726,Morgan,Brown
3727,Taylor,Johnson
3728,Jordan,Jones
3729,Alex,Jones
3730,Taylor,Jones
3731,Morgan,Jones
3732,Taylor,Johnson
3733,Casey,Jones
3734,Alex,Williams
3735,Jordan,Smith
3736,Taylor,Williams
3737,Casey,Jones
3738,Taylor,Johnson
3739,Jordan,Smith
3740,Jordan,Jones
3741,Alex,Williams
3742,Casey,Johnson
3743,Morgan,Jones
3744,Alex,Jones
3745,Jordan,Brown
3746,Casey,Johnson
3747,Taylor,Brown
3748,Taylor,Smith
3749,Casey,Brown
3750,Morgan,Jones
3751,Casey,Smith
3752,Alex,Jones
3753,Casey,Johnson
3754,Alex,Williams
3755,Alex,Williams
3756,Taylor,Jones
3757,Alex,Jones
3758,Casey,Smith
3759,Casey,Jones
3760,Jordan,Brown
3761,Morgan,Williams
3762,Alex,Smith
3763,Alex,Brown
3764,Alex,Smith
3765,Taylor,Jones
3766,Taylor,Jones
3767,Alex,Smith
3768,Casey,Brown
3769,Casey,Williams
3770,Morgan,Jones
3771,Taylor,Smith
3772,Alex,Smith
3773,Alex,Williams
3774,Taylor,Jones
3775,Taylor,Smith
3776,Morgan,Johnson
3777,Alex,Williams
3778,Casey,Johnson
3779,Alex,Johnson
3780,Taylor,Williams
3781,Taylor,Williams
3782,Morgan,Williams
3783,Casey,Johnson
3784,Casey,Jones
3785,Jordan,Brown
3786,Jordan,Brown
3787,Morgan,Smith
3788,Casey,Smith
3789,Jordan,Smith
3790,Casey,Johnson
3791,Morgan,Smith
3792,Casey,Williams
3793,Taylor,Smith
3794,Jordan,Williams
3795,Morgan,Brown
3796,Morgan,Williams
3797,Alex,Smith
3798,Taylor,Smith
3799,Jordan,Brown
3800,Taylor,Williams
3801,Casey,Williams
3802,Taylor,Williams
3803,Alex,Brown
3804,Casey,Smith
3805,Morgan,Jones
3806,Taylor,Williams
3807,Morgan,Williams
3808,Taylor,Williams
3809,Taylor,Smith
3810,Morgan,Smith
3811,Casey,Jones
3812,Alex,Williams
3813,Casey,Brown
3814,Jordan,Smith
3815,Morgan,Smith
3816,Casey,Williams
3817,Casey,Smith
3818,Morgan,Williams
3819,Taylor,Williams
3820,Taylor,Brown
3821,Alex,Smith
3822,Alex,Jones
3823,Jordan,Brown
3824,Casey,Johnson
3825,Morgan,Williams
3826,Alex,Johnson
3827,Jordan,Smith
3828,Taylor,Johnson
3829,Taylor,Williams
3830,Morgan,Williams
3831,Taylor,Johnson
3832,Casey,Jones
3833,Taylor,Brown
3834,Taylor,Smith
3835,Morgan,Brown
3836,Casey,Brown
3837,Alex,Williams
3838,Casey,Smith
3839,Taylor,Brown
3840,Casey,Smith
3841,Jordan,Jones
3842,Morgan,Brown
3843,Jordan,Williams
3844,Jordan,Smith
3845,Casey,Jones
3846,Morgan,Williams
3847,Jordan,Smith
3848,Casey,Jones
3849,Morgan,Smith
3850,Alex,Brown
3851,Casey,Johnson
3852,Morgan,Jones
3853,Jordan,Johnson
3854,Taylor,Williams
3855,Alex,Jones
3856,Taylor,Jones
3857,Alex,Smith
3858,Morgan,Brown
3859,Alex,Jones
3860,Jordan,Brown
3861,Morgan,Smith
3862,Taylor,Brown
3863,Taylor,Jones
3864,Taylor,Smith
3865,Morgan,Jones
3866,Alex,Brown
3867,Alex,Smith
3868,Jordan,Jones
3869,Taylor,Jones
3870,Morgan,Johnson
3871,Morgan,Smith
3872,Morgan,Williams
3873,Morgan,Johnson
3874,Taylor,Williams
3875,Taylor,Brown
3876,Jordan,Johnson
3877,Casey,Smith
3878,Casey,Williams
3879,Casey,Jones
3880,Alex,Smith
3881,Alex,Smith
3882,Casey,Johnson
3883,Alex,Williams
3884,Alex,Jones
3885,Casey,Smith
3886,Jordan,Jones
3887,Morgan,Smith
3888,Alex,Brown
3889,Casey,Williams
3890,Morgan,Johnson
3891,Alex,Williams
3892,Taylor,Jones
3893,Alex,Williams
3894,Taylor,Jones
3895,Casey,Williams
3896,Taylor,Brown
3897,Alex,Smith
3898,Taylor,Jones
3899,Morgan,Smith
3900,Casey,Williams
3901,Taylor,Johnson
3902,Morgan,Smith
3903,Morgan,Johnson
3904,Morgan,Johnson
3905,Alex,Brown
3906,Taylor,Williams
3907,Alex,Johnson
3908,Alex,Williams
3909,Morgan,Jones
3910,Casey,Smith
3911,Morgan,Brown
3912,Jordan,Williams
3913,Jordan,Jones
3914,Morgan,Williams
3915,Morgan,Johnson
3916,Taylor,Williams
3917,Taylor,Smith
3918,Taylor,Smith
3919,Jordan,Brown
3920,Taylor,Brown
3921,Alex,Smith
3922,Jordan,Smith
3923,Casey,Jones
3924,Jordan,Smith
3925,Taylor,Johnson
3926,Taylor,Brown
3927,Casey,Williams
3928,Morgan,Johnson
3929,Casey,Jones
3930,Alex,Jones
3931,Alex,Johnson
3932,Morgan,Smith
3933,Taylor,Jones
3934,Casey,Johnson
3935,Morgan,Johnson
3936,Jordan,Williams
3937,Morgan,Smith
3938,Casey,Johnson
3939,Alex,Brown
3940,Jordan,Johnson
3941,Jordan,Jones
3942,Taylor,Brown
3943,Alex,Jones
3944,Taylor,Smith
3945,Taylor,Williams
3946,Jordan,Williams
3947,Morgan,Brown
3948,Morgan,Johnson
3949,Alex,Johnson
3950,Morgan,Williams
3951,Jordan,Smith
3952,Alex,Jones
3953,Casey,Williams
3954,Morgan,Jones
3955,Jordan,Jones
3956,Alex,Williams
3957,Alex,Johnson
3958,Casey,Smith
3959,Taylor,Jones
3960,Morgan,Smith
3961,Casey,Smith
3962,Taylor,Jones
3963,Taylor,Williams
3964,Jordan,Jones
3965,Alex,Smith
3966,Morgan,Williams
3967,Casey,Jones
3968,Alex,Johnson
3969,Alex,Jones
3970,Jordan,Jones
3971,Alex,Williams
3972,Casey,Smith
3973,Taylor,Williams
3974,Jordan,Johnson
3975,Taylor,Johnson
3976,Morgan,Williams
3977,Casey,Brown
3978,Taylor,Johnson
3979,Alex,Johnson
3980,Jordan,Brown
3981,Alex,Jones
3982,Jordan,Johnson
3983,Jordan,Brown
3984,Morgan,Johnson
3985,Casey,Jones
3986,Casey,Brown
3987,Casey,Jones
3988,Morgan,Brown
3989,Alex,Johnson
3990,Casey,Johnson
3991,Casey,Brown
3992,Casey,Johnson
3993,Jordan,Brown
3994,Casey,Johnson
3995,Casey,Williams
3996,Alex,Jones
3997,Morgan,Johnson
3998,Taylor,Smith
3999,Jordan,Brown
4000,Morgan,Smith
4001,Casey,Brown
4002,Taylor,Williams
4003,Jordan,Brown
4004,Alex,Smith
4005,Taylor,Smith
4006,Casey,Williams
4007,Casey,Johnson
4008,Taylor,Johnson
4009,Jordan,Jones
4010,Alex,Brown
4011,Jordan,Smith
4012,Jordan,Johnson
4013,Taylor,Brown
4014,Casey,Brown
4015,Alex,Brown
4016,Casey,Jones
4017,Alex,Smith
4018,Casey,Brown
4019,Casey,Williams
4020,Alex,Jones
4021,Alex,Johnson
4022,Casey,Jones
4023,Jordan,Brown
4024,Morgan,Johnson
4025,Taylor,Johnson
4026,Casey,Smith
4027,Taylor,Brown
4028,Taylor,Williams
4029,Jordan,Smith
4030,Alex,Johnson
4031,Morgan,Williams
4032,Morgan,Johnson
4033,Morgan,Smith
4034,Jordan,Williams
4035,Casey,Johnson
4036,Alex,Johnson
4037,Jordan,Jones
4038,Casey,Smith
4039,Alex,Johnson
4040,Taylor,Brown
4041,Jordan,Williams
4042,Casey,Johnson
4043,Taylor,Williams
4044,Alex,Brown
4045,Jordan,Jones
4046,Alex,Brown
4047,Casey,Jones
4048,Jordan,Smith
4049,Morgan,Smith
4050,Alex,Smith
4051,Morgan,Jones
4052,Taylor,Brown
4053,Alex,Johnson
4054,Jordan,Williams
4055,Jordan,Brown
4056,Taylor,Brown
4057,Casey,Johnson
4058,Morgan,Williams
4059,Casey,Smith
4060,Casey,Smith
4061,Morgan,Jones
4062,Alex,Williams
4063,Alex,Williams
4064,Jordan,Smith
4065,Alex,Smith
4066,Jordan,Smith
4067,Morgan,Williams
4068,Taylor,Jones
4069,Morgan,Johnson
4070,Casey,Williams
4071,Morgan,Jones
4072,Jordan,Smith
4073,Morgan,Brown
4074,Morgan,Johnson
4075,Casey,Williams
4076,Alex,Brown
4077,Jordan,Williams
4078,Casey,Jones
4079,Alex,Brown
4080,Jordan,Brown
4081,Jordan,Jones
4082,Taylor,Jones
4083,Alex,Jones
4084,Casey,Jones
4085,Morgan,Jones
4086,Morgan,Johnson
4087,Alex,Brown
4088,Morgan,Smith
4089,Morgan,Jones
4090,Taylor,Williams
4091,Jordan,Johnson
4092,Jordan,Jones
4093,Morgan,Smith
4094,Taylor,Smith
4095,Taylor,Smith
4096,Jordan,Williams
4097,Casey,Williams
4098,Casey,Brown
4099,Morgan,Smith
4100,Taylor,Jones
4101,Alex,Jones
4102,Taylor,Johnson
4103,Taylor,Johnson
4104,Taylor,Williams
4105,Alex,Brown
4106,Morgan,Jones
4107,Jordan,Jones
4108,Alex,Brown
4109,Alex,Jones
4110,Morgan,Smith
4111,Jordan,Smith
4112,Casey,Brown
4113,Jordan,Brown
4114,Taylor,Brown
4115,Jordan,Johnson
4116,Alex,Williams
4117,Jordan,Brown
4118,Alex,Jones
4119,Taylor,Smith
4120,Taylor,Jones
4121,Casey,Jones
4122,Alex,Brown
4123,Jordan,Johnson
4124,Jordan,Brown
4125,Morgan,Smith
4126,Casey,Jones
4127,Taylor,Brown
4128,Jordan,Johnson
4129,Jordan,Williams
4130,Jordan,Brown
4131,Jordan,Brown
4132,Jordan,Brown
4133,Morgan,Smith
4134,Alex,Williams
4135,Casey,Williams
4136,Casey,Smith
4137,Alex,Smith
4138,Jordan,Johnson
4139,Jordan,Smith
4140,Casey,Johnson
4141,Jordan,Brown
4142,Taylor,Johnson
4143,Morgan,Jones
4144,Casey,Johnson
4145,Alex,Williams
4146,Casey,Smith
4147,Alex,Jones
4148,Jordan,Smith
4149,Alex,Smith
4150,Taylor,Williams
4151,Alex,Smith
4152,Casey,Brown
4153,Alex,Jones
4154,Casey,Brown
4155,Alex,Williams
4156,Morgan,Johnson
4157,Casey,Williams
4158,Casey,Brown
4159,Morgan,Williams
4160,Taylor,Jones
4161,Morgan,Brown
4162,Morgan,Brown
4163,Alex,Jones
4164,Jordan,Johnson
4165,Alex,Johnson
4166,Casey,Jones
4167,Morgan,Smith
4168,Morgan,Brown
4169,Morgan,Smith
4170,Jordan,Jones
4171,Alex,Brown
4172,Casey,Jones
4173,Alex,Smith
4174,Taylor,Jones
4175,Taylor,Jones
4176,Morgan,Williams
4177,Taylor,Smith
4178,Taylor,Williams
4179,Jordan,Williams
4180,Casey,Jones
4181,Alex,Brown
4182,Casey,Smith
4183,Casey,Smith
4184,Taylor,Brown
4185,Taylor,Smith
4186,Casey,Smith
4187,Morgan,Jones
4188,Casey,Brown
4189,Taylor,Jones
4190,Taylor,Johnson
4191,Morgan,Brown
4192,Morgan,Smith
4193,Taylor,Jones
4194,Alex,Williams
4195,Jordan,Smith
4196,Morgan,Johnson
4197,Casey,Brown
4198,Taylor,Williams
4199,Taylor,Smith
4200,Jordan,Johnson
4201,Alex,Williams
4202,Alex,Jones
4203,Morgan,Smith
4204,Jordan,Jones
4205,Jordan,Johnson
4206,Morgan,Jones
4207,Alex,Brown
4208,Casey,Brown
4209,Alex,Jones
4210,Alex,Smith
4211,Jordan,Smith
4212,Taylor,Jones
4213,Alex,Williams
4214,Taylor,Smith
4215,Morgan,Williams
4216,Alex,Brown
4217,Alex,Smith
4218,Jordan,Williams
4219,Jordan,Smith
4220,Alex,Smith
4221,Alex,Brown
4222,Casey,Brown
4223,Alex,Brown
4224,Casey,Jones
4225,Casey,Brown
4226,Taylor,Johnson
4227,Morgan,Brown
4228,Taylor,Johnson
4229,Casey,Jones
4230,Morgan,Smith
4231,Morgan,Brown
4232,Alex,Williams
4233,Morgan,Brown
4234,Jordan,Brown
4235,Alex,Brown
4236,Casey,Smith
4237,Taylor,Smith
4238,Morgan,Smith
4239,Casey,Johnson
4240,Alex,Williams
4241,Alex,Johnson
4242,Alex,Brown
4243,Morgan,Jones
4244,Taylor,Johnson
4245,Alex,Smith
4246,Taylor,Smith
4247,Morgan,Jones
4248,Morgan,Smith
4249,Casey,Brown
4250,Taylor,Brown
4251,Casey,Williams
4252,Alex,Johnson
4253,Alex,Williams
4254,Morgan,Johnson
4255,Jordan,Williams
4256,Casey,Williams
4257,Morgan,Williams
4258,Casey,Smith
4259,Morgan,Johnson
4260,Taylor,Williams
4261,Jordan,Jones
4262,Morgan,Jones
4263,Alex,Smith
4264,Taylor,Jones
4265,Alex,Brown
4266,Jordan,Smith
4267,Morgan,Brown
4268,Jordan,Johnson
4269,Jordan,Smith
4270,Morgan,Johnson
4271,Morgan,Smith
4272,Alex,Brown
4273,Jordan,Brown
4274,Casey,Jones
4275,Casey,Jones
4276,Alex,Brown
4277,Jordan,Williams
4278,Taylor,Smith
4279,Taylor,Johnson
4280,Morgan,Williams
4281,Taylor,Jones
4282,Alex,Smith
4283,Alex,Smith
4284,Jordan,Smith
4285,Casey,Jones
4286,Casey,Williams
4287,Alex,Williams
4288,Morgan,Brown
4289,Alex,Brown
4290,Alex,Williams
4291,Alex,Smith
4292,Jordan,Brown
4293,Morgan,Smith
4294,Jordan,Brown
4295,Casey,Johnson
4296,Morgan,Brown
4297,Taylor,Williams
4298,Taylor,Johnson
4299,Alex,Smith
4300,Alex,Johnson
4301,Morgan,Jones
4302,Taylor,Smith
4303,Jordan,Jones
4304,Taylor,Johnson
4305,Casey,Williams
4306,Casey,Williams
4307,Jordan,Smith
4308,Jordan,Williams
4309,Morgan,Johnson
4310,Casey,Smith
4311,Morgan,Johnson
4312,Casey,Brown
4313,Morgan,Jones
4314,Alex,Johnson
4315,Taylor,Johnson
4316,Jordan,Jones
4317,Casey,Smith
4318,Casey,Smith
4319,Taylor,Johnson
4320,Alex,Johnson
4321,Jordan,Brown
4322,Morgan,Smith
4323,Morgan,Williams
4324,Morgan,Williams
4325,Taylor,Smith
4326,Taylor,Williams
4327,Morgan,Williams
4328,Alex,Johnson
4329,Taylor,Jones
4330,Casey,Brown
4331,Morgan,Smith
4332,Casey,Johnson
4333,Casey,Smith
4334,Jordan,Johnson
4335,Morgan,Brown
4336,Casey,Brown
4337,Alex,Williams
4338,Taylor,Williams
4339,Taylor,Williams
4340,Jordan,Williams
4341,Jordan,Brown
4342,Morgan,Williams
4343,Taylor,Johnson
4344,Casey,Jones
4345,Taylor,Jones
4346,Alex,Smith
4347,Casey,Smith
4348,Alex,Williams
4349,Casey,Jones
4350,Morgan,Smith
4351,Jordan,Jones
4352,Taylor,Williams
4353,Taylor,Williams
4354,Alex,Williams
4355,Jordan,Smith
4356,Casey,Smith
4357,Taylor,Williams
4358,Alex,Smith
4359,Casey,Jones
4360,Casey,Smith
4361,Morgan,Smith
4362,Morgan,Johnson
4363,Jordan,Jones
4364,Taylor,Brown
4365,Taylor,Smith
4366,Jordan,Brown
4367,Jordan,Brown
4368,Alex,Williams
4369,Jordan,Smith
4370,Alex,Johnson
4371,Taylor,Brown
4372,Jordan,Brown
4373,Alex,Williams
4374,Jordan,Jones
4375,Jordan,Smith
4376,Alex,Williams
4377,Jordan,Jones
4378,Jordan,Williams
4379,Taylor,Brown
4380,Taylor,Johnson
4381,Alex,Johnson
4382,Alex,Brown
4383,Casey,Williams
4384,Taylor,Jones
4385,Morgan,Johnson
4386,Taylor,Brown
4387,Alex,Brown
4388,Taylor,Johnson
4389,Morgan,Jones
4390,Jordan,Brown
4391,Jordan,Brown
4392,Morgan,Johnson
4393,Casey,Smith
4394,Morgan,Jones
4395,Taylor,Williams
4396,Casey,Brown
4397,Taylor,Smith
4398,Alex,Smith
4399,Morgan,Williams
4400,Alex,Williams
4401,Casey,Brown
4402,Taylor,Jones
4403,Casey,Smith
4404,Morgan,Brown
4405,Jordan,Brown
4406,Alex,Jones
4407,Jordan,Brown
4408,Morgan,Jones
4409,Morgan,Williams
4410,Jordan,Jones
4411,Casey,Johnson
4412,Casey,Smith
4413,Alex,Brown
4414,Casey,Brown
4415,Alex,Brown
4416,Casey,Johnson
4417,Alex,Smith
4418,Casey,Smith
4419,Alex,Johnson
4420,Alex,Jones
4421,Jordan,Johnson
4422,Jordan,Jones
4423,Morgan,Jones
4424,Alex,Williams
4425,Jordan,Jones
4426,Taylor,Brown
4427,Morgan,Brown
4428,Casey,Smith
4429,Casey,Jones
4430,Taylor,Johnson
4431,Morgan,Smith
4432,Morgan,Brown
4433,Alex,Smith
4434,Taylor,Brown
4435,Alex,Johnson
4436,Morgan,Brown
4437,Taylor,Brown
4438,Morgan,Brown
4439,Taylor,Brown
4440,Jordan,Smith
4441,Casey,Johnson
4442,Casey,Jones
4443,Taylor,Johnson
4444,Alex,Jones
4445,Taylor,Brown
4446,Jordan,Johnson
4447,Alex,Brown
4448,Alex,Jones
4449,Casey,Brown
4450,Morgan,Williams
4451,Jordan,Johnson
4452,Jordan,Jones
4453,Taylor,Jones
4454,Casey,Brown
4455,Alex,Smith
4456,Alex,Brown
4457,Alex,Smith
4458,Jordan,Brown
4459,Alex,Williams
4460,Taylor,Johnson
4461,Taylor,Johnson
4462,Morgan,Brown
4463,Taylor,Williams
4464,Taylor,Brown
4465,Morgan,Johnson
4466,Taylor,Johnson
4467,Taylor,Jones
4468,Alex,Smith
4469,Alex,Smith
4470,Jordan,Jones
4471,Taylor,Williams
4472,Jordan,Williams
4473,Taylor,Johnson
4474,Taylor,Smith
4475,Morgan,Smith
4476,Morgan,Brown
4477,Alex,Williams
4478,Morgan,Williams
4479,Taylor,Jones
4480,Taylor,Williams
4481,Jordan,Johnson
4482,Casey,Brown
4483,Casey,Brown
4484,Casey,Williams
4485,Jordan,Williams
4486,Alex,Johnson
4487,Morgan,Jones
4488,Jordan,Brown
4489,Casey,Smith
4490,Casey,Brown
4491,Jordan,Johnson
4492,Morgan,Brown
4493,Morgan,Brown
4494,Jordan,Jones
4495,Casey,Smith
4496,Jordan,Johnson
4497,Alex,Brown
4498,Morgan,Johnson
4499,Taylor,Jones
4500,Morgan,Johnson
4501,Taylor,Johnson
4502,Casey,Williams
4503,Taylor,Williams
4504,Morgan,Brown
4505,Alex,Johnson
4506,Morgan,Smith
4507,Taylor,Smith
4508,Taylor,Brown
4509,Taylor,Williams
4510,Morgan,Williams
4511,Taylor,Jones
4512,Alex,Smith
4513,Jordan,Brown
4514,Morgan,Brown
4515,Casey,Brown
4516,Taylor,Williams
4517,Morgan,Johnson
4518,Alex,Williams
4519,Alex,Johnson
4520,Alex,Williams
4521,Alex,Brown
4522,Alex,Johnson
4523,Alex,Williams
4524,Morgan,Johnson
4525,Taylor,Johnson
4526,Alex,Williams
4527,Taylor,Brown
4528,Alex,Williams
4529,Jordan,Smith
4530,Morgan,Jones
4531,Taylor,Williams
4532,Taylor,Smith
4533,Morgan,Johnson
4534,Alex,Brown
4535,Morgan,Williams
4536,Alex,Brown
4537,Alex,Smith
4538,Taylor,Williams
4539,Casey,Williams
4540,Alex,Jones
4541,Alex,Smith
4542,Taylor,Brown
4543,Jordan,Smith
4544,Casey,Williams
4545,Morgan,Williams
4546,Morgan,Brown
4547,Taylor,Williams
4548,Taylor,Brown
4549,Morgan,Smith
4550,Alex,Brown
4551,Jordan,Johnson
4552,Morgan,Williams
4553,Taylor,Brown
4554,Taylor,Brown
4555,Jordan,Williams
4556,Taylor,Smith
4557,Alex,Smith
4558,Taylor,Williams
4559,Taylor,Brown
4560,Casey,Williams
4561,Casey,Johnson
4562,Alex,Williams
4563,Morgan,Johnson
4564,Jordan,Brown
4565,Casey,Smith
4566,Alex,Johnson
4567,Alex,Smith
4568,Morgan,Johnson
4569,Jordan,Jones
4570,Morgan,Williams
4571,Casey,Johnson
4572,Casey,Johnson
4573,Taylor,Johnson
4574,Casey,Williams
4575,Morgan,Williams
4576,Taylor,Williams
4577,Casey,Johnson
4578,Alex,Smith
4579,Morgan,Smith
4580,Jordan,Brown
4581,Taylor,Johnson
4582,Morgan,Jones
4583,Casey,Jones
4584,Jordan,Johnson
4585,Jordan,Johnson
4586,Alex,Brown
4587,Taylor,Jones
4588,Casey,Smith
4589,Casey,Johnson
4590,Morgan,Jones
4591,Jordan,Brown
4592,Morgan,Johnson
4593,Casey,Brown
4594,Jordan,Smith
4595,Casey,Johnson
4596,Jordan,Williams
4597,Alex,Jones
4598,Alex,Smith
4599,Taylor,Johnson
4600,Taylor,Smith
4601,Morgan,Williams
4602,Jordan,Brown
4603,Taylor,Jones
4604,Casey,Smith
4605,Taylor,Brown
4606,Taylor,Smith
4607,Casey,Jones
4608,Taylor,Jones
4609,Casey,Jones
4610,Morgan,Brown
4611,Alex,Johnson
4612,Alex,Jones
4613,Casey,Smith
4614,Taylor,Williams
4615,Alex,Williams
4616,Casey,Brown
4617,Morgan,Smith
4618,Alex,Smith
4619,Jordan,Jones
4620,Casey,Williams
4621,Taylor,Jones
4622,Casey,Williams
4623,Jordan,Williams
4624,Taylor,Jones
4625,Morgan,Williams
4626,Jordan,Smith
4627,Taylor,Brown
4628,Casey,Johnson
4629,Jordan,Brown
4630,Taylor,Jones
4631,Jordan,Smith
4632,Casey,Johnson
4633,Taylor,Brown
4634,Jordan,Johnson
4635,Casey,Smith
4636,Morgan,Brown
4637,Casey,Jones
4638,Taylor,Brown
4639,Casey,Jones
4640,Casey,Jones
4641,Casey,Brown
4642,Taylor,Jones
4643,Casey,Johnson
4644,Morgan,Williams
4645,Morgan,Brown
4646,Alex,Brown
4647,Jordan,Williams
4648,Jordan,Jones
4649,Casey,Jones
4650,Jordan,Williams
4651,Taylor,Jones
4652,Taylor,Smith
4653,Taylor,Johnson
4654,Morgan,Brown
4655,Morgan,Brown
4656,Alex,Smith
4657,Taylor,Brown
4658,Taylor,Jones
4659,Casey,Brown
4660,Jordan,Johnson
4661,Casey,Smith
4662,Taylor,Jones
4663,Taylor,Jones
4664,Taylor,Jones
4665,Taylor,Johnson
4666,Jordan,Williams
4667,Alex,Brown
4668,Alex,Williams
4669,Morgan,Smith
4670,Alex,Johnson
4671,Taylor,Brown
4672,Alex,Johnson
4673,Morgan,Johnson
4674,Alex,Johnson
4675,Morgan,Brown
4676,Taylor,Jones
4677,Alex,Williams
4678,Jordan,Johnson
4679,Alex,Brown
4680,Alex,Jones
4681,Taylor,Jones
4682,Jordan,Williams
4683,Casey,Brown
4684,Alex,Jones
4685,Alex,Johnson
4686,Jordan,Jones
4687,Jordan,Brown
4688,Alex,Brown
4689,Taylor,Brown
4690,Alex,Smith
4691,Alex,Brown
4692,Taylor,Jones
4693,Taylor,Brown
4694,Alex,Smith
4695,Casey,Johnson
4696,Jordan,Smith
4697,Morgan,Johnson
4698,Taylor,Smith
4699,Morgan,Jones
4700,Taylor,Johnson
4701,Casey,Johnson
4702,Taylor,Jones
4703,Taylor,Johnson
4704,Jordan,Smith
4705,Alex,Brown
4706,Jordan,Smith
4707,Taylor,Johnson
4708,Morgan,Jones
4709,Alex,Smith
4710,Taylor,Johnson
4711,Jordan,Johnson
4712,Morgan,Smith
4713,Taylor,Johnson
4714,Alex,Jones
4715,Casey,Jones
4716,Casey,Jones
4717,Casey,Johnson
4718,Jordan,Jones
4719,Taylor,Johnson
4720,Alex,Jones
4721,Morgan,Brown
4722,Alex,Smith
4723,Jordan,Smith
4724,Casey,Brown
4725,Jordan,Jones
4726,Morgan,Williams
4727,Morgan,Brown
4728,Jordan,Johnson
4729,Jordan,Smith
4730,Alex,Smith
4731,Jordan,Johnson
4732,Jordan,Jones
4733,Taylor,Jones
4734,Taylor,Williams
4735,Taylor,Brown
4736,Alex,Jones
4737,Jordan,Jones
4738,Casey,Johnson
4739,Alex,Johnson
4740,Jordan,Johnson
4741,Taylor,Jones
4742,Jordan,Johnson
4743,Jordan,Smith
4744,Morgan,Brown
4745,Alex,Jones
4746,Morgan,Brown
4747,Alex,Williams
4748,Morgan,Williams
4749,Jordan,Jones
4750,Alex,Smith
4751,Jordan,Brown
4752,Alex,Brown
4753,Morgan,Brown
4754,Taylor,Jones
4755,Casey,Jones
4756,Alex,Williams
4757,Taylor,Johnson
4758,Casey,Smith
4759,Jordan,Jones
4760,Casey,Jones
4761,Alex,Jones
4762,Morgan,Johnson
4763,Alex,Smith
4764,Taylor,Jones
4765,Taylor,Williams
4766,Jordan,Smith
4767,Taylor,Brown
4768,Morgan,Smith
4769,Morgan,Jones
4770,Taylor,Johnson
4771,Alex,Jones
4772,Jordan,Jones
4773,Alex,Smith
4774,Taylor,Brown
4775,Jordan,Williams
4776,Alex,Williams
4777,Alex,Smith
4778,Taylor,Williams
4779,Taylor,Smith
4780,Morgan,Smith
4781,Casey,Smith
4782,Jordan,Johnson
4783,Morgan,Johnson
4784,Alex,Williams
4785,Taylor,Williams
4786,Alex,Jones
4787,Taylor,Jones
4788,Jordan,Johnson
4789,Alex,Jones
4790,Morgan,Johnson
4791,Morgan,Williams
4792,Jordan,Jones
4793,Morgan,Williams
4794,Casey,Brown
4795,Morgan,Smith
4796,Casey,Brown
4797,Jordan,Smith
4798,Casey,Smith
4799,Casey,Jones
4800,Casey,Smith
4801,Jordan,Jones
4802,Jordan,Williams
4803,Jordan,Brown
4804,Morgan,Johnson
4805,Taylor,Smith
4806,Morgan,Smith
4807,Casey,Johnson
4808,Morgan,Williams
4809,Morgan,Johnson
4810,Jordan,Smith
4811,Morgan,Williams
4812,Casey,Johnson
4813,Jordan,Smith
4814,Taylor,Johnson
4815,Alex,Williams
4816,Jordan,Williams
4817,Casey,Jones
4818,Casey,Williams
4819,Taylor,Williams
4820,Morgan,Smith
4821,Morgan,Jones
4822,Jordan,Johnson
4823,Jordan,Smith
4824,Morgan,Jones
4825,Taylor,Johnson
4826,Jordan,Williams
4827,Morgan,Jones
4828,Casey,Williams
4829,Taylor,Johnson
4830,Taylor,Williams
4831,Alex,Jones
4832,Alex,Johnson
4833,Morgan,Williams
4834,Taylor,Brown
4835,Jordan,Williams
4836,Morgan,Jones
4837,Morgan,Williams
4838,Taylor,Brown
4839,Taylor,Jones
4840,Morgan,Williams
4841,Casey,Jones
4842,Alex,Johnson
4843,Casey,Smith
4844,Jordan,Jones
4845,Taylor,Williams
4846,Casey,Jones
4847,Morgan,Johnson
4848,Alex,Jones
4849,Morgan,Smith
4850,Morgan,Williams
4851,Jordan,Johnson
4852,Taylor,Johnson
4853,Morgan,Williams
4854,Jordan,Smith
4855,Alex,Smith
4856,Alex,Smith
4857,Morgan,Williams
4858,Taylor,Williams
4859,Morgan,Jones
4860,Jordan,Smith
4861,Morgan,Johnson
4862,Casey,Williams
4863,Casey,Johnson
4864,Casey,Jones
4865,Morgan,Jones
4866,Jordan,Brown
4867,Morgan,Brown
4868,Casey,Williams
4869,Alex,Williams
4870,Alex,Smith
4871,Casey,Smith
4872,Alex,Smith
4873,Morgan,Johnson
4874,Taylor,Johnson
4875,Taylor,Smith
4876,Alex,Johnson
4877,Casey,Smith
4878,Alex,Smith
4879,Alex,Williams
4880,Morgan,Johnson
4881,Jordan,Jones
4882,Alex,Smith
4883,Jordan,Jones
4884,Casey,Brown
4885,Taylor,Jones
4886,Alex,Williams
4887,Jordan,Brown
4888,Morgan,Williams
4889,Alex,Williams
4890,Morgan,Brown
4891,Casey,Johnson
4892,Alex,Williams
4893,Alex,Brown
4894,Jordan,Brown
4895,Taylor,Johnson
4896,Taylor,Smith
4897,Morgan,Williams
4898,Alex,Johnson
4899,Alex,Jones
4900,Morgan,Johnson
4901,Taylor,Jones
4902,Taylor,Brown
4903,Alex,Brown
4904,Jordan,Brown
4905,Alex,Brown
4906,Morgan,Smith
4907,Jordan,Smith
4908,Jordan,Johnson
4909,Alex,Williams
4910,Taylor,Jones
4911,Casey,Brown
4912,Jordan,Jones
4913,Jordan,Brown
4914,Taylor,Johnson
4915,Morgan,Smith
4916,Morgan,Smith
4917,Jordan,Brown
4918,Alex,Williams
4919,Morgan,Smith
4920,Alex,Brown
4921,Taylor,Johnson
4922,Morgan,Johnson
4923,Jordan,Brown
4924,Casey,Jones
4925,Alex,Brown
4926,Jordan,Johnson
4927,Jordan,Johnson
4928,Taylor,Smith
4929,Casey,Johnson
4930,Morgan,Williams
4931,Taylor,Jones
4932,Alex,Smith
4933,Casey,Jones
4934,Morgan,Smith
4935,Alex,Johnson
4936,Taylor,Johnson
4937,Alex,Williams
4938,Jordan,Brown
4939,Morgan,Jones
4940,Casey,Johnson
4941,Morgan,Williams
4942,Casey,Smith
4943,Taylor,Brown
4944,Morgan,Smith
4945,Casey,Brown
4946,Taylor,Johnson
4947,Jordan,Brown
4948,Morgan,Smith
4949,Jordan,Smith
4950,Alex,Jones
4951,Jordan,Jones
4952,Taylor,Johnson
4953,Morgan,Brown
4954,Taylor,Brown
4955,Alex,Jones
4956,Morgan,Williams
4957,Taylor,Williams
4958,Alex,Brown
4959,Taylor,Brown
4960,Alex,Williams
4961,Casey,Smith
4962,Alex,Brown
4963,Jordan,Williams
4964,Alex,Williams
4965,Jordan,Johnson
4966,Jordan,Brown
4967,Alex,Jones
4968,Alex,Johnson
4969,Casey,Johnson
4970,Jordan,Smith
4971,Alex,Smith
4972,Taylor,Smith
4973,Taylor,Jones
4974,Alex,Johnson
4975,Morgan,Brown
4976,Morgan,Smith
4977,Jordan,Jones
4978,Taylor,Williams
4979,Alex,Brown
4980,Jordan,Jones
4981,Morgan,Brown
4982,Morgan,Williams
4983,Morgan,Jones
4984,Morgan,Brown
4985,Casey,Smith
4986,Taylor,Johnson
4987,Morgan,Brown
4988,Morgan,Johnson
4989,Taylor,Smith
4990,Jordan,Jones
4991,Morgan,Brown
4992,Casey,Johnson
4993,Taylor,Johnson
4994,Morgan,Brown
4995,Casey,Brown
4996,Jordan,Jones
4997,Alex,Johnson
4998,Casey,Johnson
4999,Casey,Brown
5000,Alex,Smith
5001,Alex,Jones
5002,Alex,Smith
5003,Morgan,Brown
5004,Taylor,Jones
5005,Alex,Brown
5006,Taylor,Jones
5007,Morgan,Brown
5008,Morgan,Brown
5009,Taylor,Williams
5010,Alex,Williams
5011,Morgan,Williams
5012,Alex,Jones
5013,Jordan,Brown
5014,Jordan,Brown
5015,Morgan,Johnson
5016,Jordan,Brown
5017,Morgan,Smith
5018,Morgan,Williams
5019,Alex,Jones
5020,Alex,Smith
5021,Casey,Williams
5022,Alex,Smith
5023,Alex,Smith
5024,Casey,Brown
5025,Alex,Brown
5026,Casey,Johnson
5027,Casey,Jones
5028,Morgan,Jones
5029,Jordan,Johnson
5030,Morgan,Williams
5031,Taylor,Williams
5032,Casey,Johnson
5033,Alex,Williams
5034,Alex,Jones
5035,Taylor,Johnson
5036,Taylor,Williams
5037,Taylor,Brown
5038,Alex,Jones
5039,Taylor,Smith
5040,Alex,Smith
5041,Taylor,Johnson
5042,Casey,Jones
5043,Morgan,Smith
5044,Casey,Jones
5045,Jordan,Smith
5046,Casey,Brown
5047,Taylor,Jones
5048,Alex,Jones
5049,Casey,Johnson
5050,Morgan,Williams
5051,Taylor,Williams
5052,Morgan,Jones
5053,Jordan,Johnson
5054,Morgan,Johnson
5055,Taylor,Smith
5056,Alex,Brown
5057,Alex,Smith
5058,Morgan,Jones
5059,Jordan,Brown
5060,Taylor,Brown
5061,Jordan,Brown
5062,Morgan,Smith
5063,Alex,Johnson
5064,Morgan,Smith
5065,Taylor,Smith
5066,Taylor,Williams
5067,Casey,Jones
5068,Taylor,Smith
5069,Casey,Johnson
5070,Taylor,Johnson
5071,Taylor,Smith
5072,Jordan,Johnson
5073,Jordan,Brown
5074,Alex,Smith
5075,Jordan,Jones
5076,Morgan,Williams
5077,Morgan,Brown
5078,Morgan,Williams
5079,Alex,Johnson
5080,Jordan,Jones
5081,Taylor,Brown
5082,Alex,Williams
5083,Alex,Johnson
5084,Casey,Smith
5085,Morgan,Johnson
5086,Jordan,Smith
5087,Jordan,Johnson
5088,Alex,Smith
5089,Casey,Smith
5090,Casey,Williams
5091,Alex,Brown
5092,Alex,Johnson
5093,Jordan,Brown
5094,Casey,Brown
5095,Alex,Smith
5096,Alex,Jones
5097,Alex,Williams
5098,Taylor,Smith
5099,Jordan,Smith
5100,Taylor,Smith
5101,Alex,Williams
5102,Casey,Smith
5103,Alex,Brown
5104,Taylor,Johnson
5105,Casey,Jones
5106,Casey,Williams
5107,Taylor,Jones
5108,Alex,Williams
5109,Morgan,Jones
5110,Taylor,Williams
5111,Casey,Smith
5112,Casey,Johnson
5113,Alex,Johnson
5114,Taylor,Jones
5115,Morgan,Johnson
5116,Jordan,Brown
5117,Morgan,Williams
5118,Casey,Johnson
5119,Morgan,Jones
5120,Alex,Brown
5121,Alex,Smith
5122,Casey,Williams
5123,Alex,Johnson
5124,Taylor,Brown
5125,Casey,Jones
5126,Casey,Williams
5127,Casey,Jones
5128,Alex,Smith
5129,Alex,Williams
5130,Alex,Johnson
5131,Casey,Johnson
5132,Taylor,Williams
5133,Jordan,Johnson
5134,Alex,Brown
5135,Jordan,Johnson
5136,Morgan,Jones
5137,Morgan,Johnson
5138,Taylor,Brown
5139,Morgan,Smith
5140,Morgan,Johnson
5141,Taylor,Smith
5142,Casey,Smith
5143,Morgan,Johnson
5144,Morgan,Smith
5145,Alex,Johnson
5146,Alex,Brown
5147,Jordan,Johnson
5148,Jordan,Jones
5149,Casey,Johnson
5150,Taylor,Johnson
5151,Taylor,Johnson
5152,Alex,Williams
5153,Casey,Williams
5154,Taylor,Johnson
5155,Taylor,Jones
5156,Morgan,Smith
5157,Jordan,Smith
5158,Morgan,Brown
5159,Morgan,Johnson
5160,Taylor,Williams
5161,Jordan,Johnson
5162,Casey,Johnson
5163,Alex,Brown
5164,Morgan,Jones
5165,Casey,Jones
5166,Taylor,Jones
5167,Casey,Williams
5168,Taylor,Smith
5169,Jordan,Johnson
5170,Taylor,Johnson
5171,Alex,Jones
5172,Morgan,Smith
5173,Taylor,Brown
5174,Alex,Brown
5175,Morgan,Johnson
5176,Jordan,Brown
5177,Taylor,Jones
5178,Alex,Johnson
5179,Taylor,Smith
5180,Jordan,Jones
5181,Alex,Williams
5182,Alex,Jones
5183,Casey,Smith
5184,Taylor,Brown
5185,Taylor,Smith
5186,Morgan,Smith
5187,Taylor,Williams
5188,Taylor,Smith
5189,Alex,Smith
5190,Casey,Smith
5191,Alex,Johnson
5192,Jordan,Jones
5193,Taylor,Jones
5194,Morgan,Smith
5195,Morgan,Jones
5196,Taylor,Jones
5197,Alex,Johnson
5198,Alex,Brown
5199,Casey,Jones
5200,Alex,Williams
5201,Alex,Smith
5202,Alex,Jones
5203,Alex,Jones
5204,Taylor,Jones
5205,Alex,Smith
5206,Morgan,Johnson
5207,Jordan,Smith
5208,Jordan,Jones
5209,Jordan,Jones
5210,Taylor,Brown
5211,Casey,Brown
5212,Jordan,Williams
5213,Jordan,Brown
5214,Taylor,Brown
5215,Morgan,Jones
5216,Casey,Johnson
5217,Casey,Williams
5218,Taylor,Smith
5219,Taylor,Jones
5220,Morgan,Johnson
5221,Morgan,Brown
5222,Alex,Smith
5223,Alex,Brown
5224,Taylor,Smith
5225,Alex,Johnson
5226,Casey,Brown
5227,Taylor,Johnson
5228,Alex,Brown
5229,Casey,Johnson
5230,Morgan,Smith
5231,Morgan,Williams
5232,Casey,Jones
5233,Casey,Smith
5234,Jordan,Brown
5235,Taylor,Johnson
5236,Morgan,Smith
5237,Jordan,Jones
5238,Jordan,Smith
5239,Casey,Brown
5240,Alex,Brown
5241,Taylor,Brown
5242,Taylor,Smith
5243,Jordan,Brown
5244,Jordan,Jones
5245,Alex,Jones
5246,Casey,Johnson
5247,Alex,Smith
5248,Jordan,Smith
5249,Jordan,Johnson
5250,Jordan,Johnson
5251,Casey,Williams
5252,Casey,Smith
5253,Morgan,Brown
5254,Jordan,Johnson
5255,Taylor,Johnson
5256,Jordan,Smith
5257,Morgan,Johnson
5258,Taylor,Johnson
5259,Jordan,Williams
5260,Morgan,Brown
5261,Alex,Jones
5262,Taylor,Johnson
5263,Casey,Brown
5264,Jordan,Smith
5265,Jordan,Williams
5266,Morgan,Brown
5267,Casey,Smith
5268,Morgan,Johnson
5269,Jordan,Brown
5270,Casey,Williams
5271,Morgan,Jones
5272,Morgan,Brown
5273,Morgan,Johnson
5274,Alex,Brown
5275,Casey,Johnson
5276,Morgan,Jones
5277,Morgan,Johnson
5278,Alex,Brown
5279,Alex,Johnson
5280,Morgan,Williams
5281,Morgan,Smith
5282,Taylor,Smith
5283,Taylor,Jones
5284,Alex,Smith
5285,Morgan,Johnson
5286,Taylor,Brown
5287,Casey,Smith
5288,Jordan,Johnson
5289,Taylor,Brown
5290,Jordan,Smith
5291,Jordan,Jones
5292,Taylor,Johnson
5293,Jordan,Johnson
5294,Taylor,Smith
5295,Alex,Brown
5296,Taylor,Smith
5297,Jordan,Williams
5298,Morgan,Smith
5299,Taylor,Williams
5300,Jordan,Johnson
5301,Casey,Brown
5302,Jordan,Jones
5303,Jordan,Brown
5304,Casey,Jones
5305,Jordan,Jones
5306,Jordan,Brown
5307,Jordan,Brown
5308,Jordan,Jones
5309,Morgan,Smith
5310,Morgan,Johnson
5311,Alex,Williams
5312,Casey,Johnson
5313,Morgan,Smith
5314,Casey,Jones
5315,Alex,Smith
5316,Taylor,Brown
5317,Jordan,Jones
5318,Taylor,Brown
5319,Alex,Brown
5320,Morgan,Johnson
5321,Casey,Brown
5322,Morgan,Williams
5323,Morgan,Smith
5324,Casey,Williams
5325,Casey,Johnson
5326,Morgan,Johnson
5327,Jordan,Brown
5328,Alex,Jones
5329,Casey,Smith
5330,Jordan,Williams
5331,Taylor,Williams
5332,Taylor,Smith
5333,Casey,Brown
5334,Casey,Williams
5335,Jordan,Johnson
5336,Jordan,Smith
5337,Alex,Smith
5338,Morgan,Smith
5339,Alex,Johnson
5340,Jordan,Johnson
5341,Jordan,Johnson
5342,Jordan,Smith
5343,Morgan,Smith
5344,Casey,Johnson
5345,Morgan,Smith
5346,Alex,Jones
5347,Alex,Brown
5348,Casey,Smith
5349,Jordan,Brown
5350,Jordan,Johnson
5351,Taylor,Brown
5352,Casey,Brown
5353,Taylor,Brown
5354,Taylor,Jones
5355,Alex,Smith
5356,Casey,Williams
5357,Casey,Smith
5358,Taylor,Williams
5359,Jordan,Johnson
5360,Alex,Williams
5361,Morgan,Smith
5362,Taylor,Smith
5363,Alex,Jones
5364,Casey,Brown
5365,Taylor,Johnson
5366,Taylor,Brown
5367,Casey,Jones
5368,Taylor,Jones
5369,Casey,Smith
5370,Morgan,Williams
5371,Jordan,Jones
5372,Alex,Johnson
5373,Taylor,Jones
5374,Alex,Brown
5375,Taylor,Williams
5376,Jordan,Jones
5377,Casey,Smith
5378,Taylor,Williams
5379,Taylor,Smith
5380,Morgan,Williams
5381,Taylor,Williams
5382,Taylor,Smith
5383,Casey,Williams
5384,Casey,Smith
5385,Jordan,Williams
5386,Taylor,Williams
5387,Casey,Williams
5388,Alex,Brown
5389,Alex,Johnson
5390,Alex,Jones
5391,Jordan,Smith
5392,Morgan,Johnson
5393,Casey,Williams
5394,Taylor,Williams
5395,Casey,Brown
5396,Alex,Smith
5397,Taylor,Johnson
5398,Alex,Williams
5399,Taylor,Brown
5400,Casey,Jones
5401,Alex,Johnson
5402,Casey,Williams
5403,Jordan,Jones
5404,Morgan,Johnson
5405,Taylor,Smith
5406,Taylor,Smith
5407,Casey,Brown
5408,Alex,Williams
5409,Jordan,Williams
5410,Morgan,Williams
5411,Alex,Brown
5412,Taylor,Smith
5413,Morgan,Brown
5414,Alex,Jones
5415,Taylor,Williams
5416,Casey,Jones
5417,Jordan,Jones
5418,Casey,Brown
5419,Casey,Brown
5420,Jordan,Williams
5421,Jordan,Jones
5422,Morgan,Jones
5423,Alex,Williams
5424,Taylor,Jones
5425,Alex,Smith
5426,Alex,Smith
5427,Jordan,Smith
5428,Taylor,Smith
5429,Casey,Smith
5430,Alex,Johnson
5431,Morgan,Smith
5432,Casey,Smith
5433,Alex,Williams
5434,Alex,Williams
5435,Taylor,Smith
5436,Morgan,Johnson
5437,Jordan,Brown
5438,Alex,Jones
5439,Alex,Williams
5440,Alex,Williams
5441,Jordan,Jones
5442,Jordan,Williams
5443,Morgan,Williams
5444,Morgan,Smith
5445,Alex,Williams
5446,Alex,Johnson
5447,Casey,Williams
5448,Alex,Williams
5449,Morgan,Williams
5450,Jordan,Smith
5451,Morgan,Williams
5452,Casey,Williams
5453,Morgan,Johnson
5454,Morgan,Brown
5455,Morgan,Brown
5456,Alex,Brown
5457,Morgan,Jones
5458,Morgan,Jones
5459,Taylor,Williams
5460,Casey,Brown
5461,Taylor,Johnson
5462,Alex,Jones
5463,Morgan,Williams
5464,Alex,Jones
5465,Casey,Jones
5466,Taylor,Johnson
5467,Morgan,Brown
5468,Morgan,Brown
5469,Alex,Williams
5470,Alex,Johnson
5471,Casey,Smith
5472,Casey,Jones
5473,Morgan,Jones
5474,Casey,Jones
5475,Morgan,Johnson
5476,Jordan,Smith
5477,Taylor,Smith
5478,Jordan,Smith
5479,Morgan,Williams
5480,Taylor,Williams
5481,Casey,Smith
5482,Alex,Smith
5483,Casey,Johnson
5484,Casey,Brown
5485,Alex,Jones
5486,Alex,Williams
5487,Casey,Johnson
5488,Alex,Smith
5489,Alex,Johnson
5490,Taylor,Brown
5491,Taylor,Smith
5492,Jordan,Smith
5493,Jordan,Smith
5494,Casey,Smith
5495,Alex,Smith
5496,Morgan,Williams
5497,Taylor,Williams
5498,Morgan,Johnson
5499,Morgan,Brown
5500,Morgan,Jones
5501,Casey,Brown
5502,Jordan,Brown
5503,Casey,Williams
5504,Morgan,Smith
5505,Alex,Smith
5506,Jordan,Williams
5507,Taylor,Brown
5508,Taylor,Smith
5509,Casey,Smith
5510,Alex,Brown
5511,Casey,Johnson
5512,Jordan,Jones
5513,Jordan,Jones
5514,Alex,Brown
5515,Jordan,Johnson
5516,Jordan,Johnson
5517,Casey,Johnson
5518,Taylor,Brown
5519,Morgan,Johnson
5520,Morgan,Smith
5521,Casey,Jones
5522,Jordan,Johnson
5523,Morgan,Williams
5524,Morgan,Johnson
5525,Taylor,Smith
5526,Alex,Smith
5527,Jordan,Brown
5528,Casey,Brown
5529,Alex,Johnson
5530,Alex,Johnson
5531,Alex,Smith
5532,Jordan,Brown
5533,Morgan,Johnson
5534,Alex,Brown
5535,Jordan,Jones
5536,Alex,Jones
5537,Morgan,Jones
5538,Morgan,Smith
5539,Alex,Brown
5540,Casey,Johnson
5541,Jordan,Johnson
5542,Taylor,Brown
5543,Morgan,Brown
5544,Taylor,Williams
5545,Alex,Williams
5546,Taylor,Jones
5547,Jordan,Jones
5548,Taylor,Jones
5549,Alex,Jones
5550,Casey,Johnson
5551,Casey,Williams
5552,Morgan,Smith
5553,Morgan,Jones
5554,Taylor,Johnson
5555,Morgan,Brown
5556,Morgan,Williams
5557,Jordan,Brown
5558,Taylor,Smith
5559,Casey,Brown
5560,Jordan,Williams
5561,Morgan,Johnson
5562,Alex,Brown
5563,Taylor,Jones
5564,Alex,Williams
5565,Jordan,Smith
5566,Morgan,Williams
5567,Jordan,Williams
5568,Taylor,Brown
5569,Alex,Brown
5570,Morgan,Johnson
5571,Jordan,Brown
5572,Casey,Jones
5573,Casey,Jones
5574,Morgan,Jones
5575,Morgan,Johnson
5576,Morgan,Johnson
5577,Jordan,Williams
5578,Morgan,Williams
5579,Alex,Brown
5580,Casey,Jones
5581,Alex,Smith
5582,Morgan,Jones
5583,Alex,Williams
5584,Taylor,Jones
5585,Jordan,Smith
5586,Casey,Jones
5587,Taylor,Williams
5588,Alex,Johnson
5589,Taylor,Johnson
5590,Taylor,Jones
5591,Morgan,Jones
5592,Jordan,Williams
5593,Taylor,Brown
5594,Jordan,Williams
5595,Casey,Johnson
5596,Alex,Jones
5597,Alex,Johnson
5598,Taylor,Jones
5599,Taylor,Williams
5600,Casey,Smith
5601,Morgan,Brown
5602,Casey,Smith
5603,Casey,Brown
5604,Jordan,Brown
5605,Alex,Brown
5606,Alex,Johnson
5607,Taylor,Williams
5608,Casey,Jones
5609,Jordan,Williams
5610,Alex,Johnson
5611,Jordan,Smith
5612,Morgan,Smith
5613,Jordan,Brown
5614,Morgan,Johnson
5615,Morgan,Smith
5616,Morgan,Williams
5617,Jordan,Johnson
5618,Alex,Brown
5619,Taylor,Williams
5620,Morgan,Brown
5621,Casey,Jones
5622,Jordan,Johnson
5623,Taylor,Williams
5624,Casey,Brown
5625,Morgan,Johnson
5626,Taylor,Williams
5627,Alex,Johnson
5628,Alex,Jones
5629,Taylor,Johnson
5630,Jordan,Smith
5631,Morgan,Jones
5632,Casey,Brown
5633,Jordan,Brown
5634,Morgan,Johnson
5635,Morgan,Smith
5636,Morgan,Smith
5637,Alex,Jones
5638,Morgan,Smith
5639,Taylor,Johnson
5640,Jordan,Jones
5641,Casey,Johnson
5642,Morgan,Williams
5643,Taylor,Brown
5644,Jordan,Johnson
5645,Taylor,Brown
5646,Casey,Smith
5647,Taylor,Johnson
5648,Casey,Williams
5649,Taylor,Johnson
5650,Morgan,Williams
5651,Morgan,Williams
5652,Casey,Williams
5653,Alex,Williams
5654,Casey,Johnson
5655,Morgan,Johnson
5656,Jordan,Williams
5657,Casey,Jones
5658,Alex,Brown
5659,Taylor,Jones
5660,Taylor,Williams
5661,Casey,Williams
5662,Alex,Williams
5663,Casey,Jones
5664,Jordan,Smith
5665,Jordan,Smith
5666,Casey,Jones
5667,Taylor,Smith
5668,Morgan,Jones
5669,Taylor,Johnson
5670,Taylor,Brown
5671,Taylor,Smith
5672,Casey,Williams
5673,Casey,Smith
5674,Casey,Smith
5675,Jordan,Jones
5676,Taylor,Brown
5677,Jordan,Smith
5678,Morgan,Johnson
5679,Alex,Smith
5680,Alex,Johnson
5681,Alex,Brown
5682,Alex,Williams
5683,Alex,Williams
5684,Morgan,Johnson
5685,Alex,Jones
5686,Casey,Johnson
5687,Alex,Smith
5688,Taylor,Brown
5689,Casey,Williams
5690,Casey,Brown
5691,Casey,Johnson
5692,Jordan,Smith
5693,Casey,Williams
5694,Taylor,Johnson
5695,Casey,Smith
5696,Taylor,Smith
5697,Casey,Williams
5698,Taylor,Johnson
5699,Alex,Williams
5700,Jordan,Smith
5701,Taylor,Jones
5702,Alex,Williams
5703,Jordan,Jones
5704,Jordan,Brown
5705,Casey,Smith
5706,Alex,Brown
5707,Casey,Smith
5708,Alex,Johnson
5709,Casey,Smith
5710,Jordan,Jones
5711,Casey,Smith
5712,Morgan,Williams
5713,Casey,Smith
5714,Jordan,Johnson
5715,Casey,Johnson
5716,Morgan,Williams
5717,Casey,Johnson
5718,Jordan,Williams
5719,Taylor,Jones
5720,Taylor,Williams
5721,Casey,Smith
5722,Morgan,Johnson
5723,Morgan,Johnson
5724,Taylor,Jones
5725,Alex,Jones
5726,Morgan,Johnson
5727,Alex,Brown
5728,Alex,Williams
5729,Taylor,Williams
5730,Taylor,Johnson
5731,Casey,Johnson
5732,Casey,Brown
5733,Taylor,Brown
5734,Alex,Johnson
5735,Morgan,Williams
5736,Taylor,Smith
5737,Jordan,Smith
5738,Alex,Jones
5739,Alex,Jones
5740,Taylor,Johnson
5741,Casey,Johnson
5742,Morgan,Johnson
5743,Jordan,Smith
5744,Taylor,Williams
5745,Morgan,Williams
5746,Jordan,Johnson
5747,Casey,Brown
5748,Jordan,Jones
5749,Jordan,Johnson
5750,Jordan,Smith
5751,Morgan,Williams
5752,Alex,Johnson
5753,Taylor,Johnson
5754,Alex,Smith
5755,Taylor,Brown
5756,Taylor,Brown
5757,Taylor,Johnson
5758,Casey,Johnson
5759,Casey,Brown
5760,Jordan,Johnson
5761,Taylor,Jones
5762,Jordan,Williams
5763,Jordan,Brown
5764,Morgan,Smith
5765,Alex,Johnson
5766,Alex,Jones
5767,Morgan,Brown
5768,Taylor,Brown
5769,Alex,Brown
5770,Casey,Jones
5771,Morgan,Johnson
5772,Morgan,Brown
5773,Casey,Smith
5774,Alex,Jones
5775,Casey,Brown
5776,Alex,Jones
5777,Morgan,Brown
5778,Jordan,Brown
5779,Taylor,Smith
5780,Morgan,Jones
5781,Taylor,Williams
5782,Jordan,Williams
5783,Taylor,Brown
5784,Morgan,Smith
5785,Taylor,Brown
5786,Morgan,Brown
5787,Jordan,Williams
5788,Morgan,Johnson
5789,Taylor,Williams
5790,Morgan,Smith
5791,Casey,Brown
5792,Casey,Smith
5793,Morgan,Brown
5794,Morgan,Johnson
5795,Alex,Brown
5796,Jordan,Williams
5797,Jordan,Williams
5798,Casey,Williams
5799,Morgan,Jones
5800,Jordan,Brown
5801,Alex,Williams
5802,Casey,Williams
5803,Taylor,Brown
5804,Taylor,Jones
5805,Jordan,Brown
5806,Morgan,Smith
5807,Casey,Williams
5808,Taylor,Jones
5809,Taylor,Jones
5810,Casey,Williams
5811,Morgan,Smith
5812,Morgan,Jones
5813,Casey,Smith
5814,Jordan,Jones
5815,Casey,Jones
5816,Alex,Jones
5817,Morgan,Smith
5818,Morgan,Johnson
5819,Taylor,Brown
5820,Casey,Smith
5821,Alex,Williams
5822,Taylor,Williams
5823,Casey,Brown
5824,Morgan,Smith
5825,Alex,Johnson
5826,Alex,Jones
5827,Taylor,Williams
5828,Alex,Smith
5829,Taylor,Jones
5830,Casey,Williams
5831,Morgan,Johnson
5832,Morgan,Williams
5833,Jordan,Smith
5834,Casey,Brown
5835,Alex,Smith
5836,Alex,Jones
5837,Casey,Smith
5838,Taylor,Brown
5839,Jordan,Jones
5840,Alex,Johnson
5841,Alex,Jones
5842,Morgan,Johnson
5843,Casey,Jones
5844,Morgan,Johnson
5845,Jordan,Brown
5846,Casey,Williams
5847,Casey,Jones
5848,Alex,Johnson
5849,Casey,Williams
5850,Casey,Smith
5851,Jordan,Smith
5852,Morgan,Williams
5853,Alex,Johnson
5854,Morgan,Jones
5855,Casey,Jones
5856,Morgan,Jones
5857,Casey,Johnson
5858,Alex,Johnson
5859,Casey,Johnson
5860,Taylor,Brown
5861,Alex,Brown
5862,Taylor,Jones
5863,Morgan,Williams
5864,Morgan,Williams
5865,Casey,Brown
5866,Morgan,Brown
5867,Alex,Jones
5868,Taylor,Smith
5869,Jordan,Jones
5870,Morgan,Brown
5871,Morgan,Brown
5872,Alex,Smith
5873,Alex,Smith
5874,Taylor,Jones
5875,Morgan,Johnson
5876,Alex,Smith
5877,Casey,Brown
5878,Casey,Brown
5879,Casey,Smith
5880,Jordan,Jones
5881,Casey,Jones
5882,Alex,Williams
5883,Jordan,Williams
5884,Jordan,Williams
5885,Morgan,Jones
5886,Morgan,Smith
5887,Morgan,Brown
5888,Taylor,Smith
5889,Alex,Johnson
5890,Morgan,Brown
5891,Taylor,Williams
5892,Morgan,Smith
5893,Taylor,Johnson
5894,Casey,Williams
5895,Jordan,Brown
5896,Morgan,Williams
5897,Casey,Williams
5898,Taylor,Smith
5899,Jordan,Smith
5900,Casey,Williams
5901,Casey,Brown
5902,Morgan,Williams
5903,Jordan,Brown
5904,Jordan,Johnson
5905,Alex,Brown
5906,Casey,Brown
5907,Alex,Jones
5908,Alex,Johnson
5909,Casey,Jones
5910,Morgan,Jones
5911,Alex,Jones
5912,Casey,Brown
5913,Taylor,Jones
5914,Morgan,Smith
5915,Alex,Johnson
5916,Casey,Jones
5917,Morgan,Smith
5918,Morgan,Williams
5919,Casey,Johnson
5920,Morgan,Brown
5921,Taylor,Brown
5922,Casey,Smith
5923,Casey,Brown
5924,Alex,Jones
5925,Casey,Johnson
5926,Morgan,Jones
5927,Morgan,Johnson
5928,Jordan,Jones
5929,Jordan,Williams
5930,Casey,Johnson
5931,Morgan,Smith
5932,Taylor,Williams
5933,Alex,Jones
5934,Alex,Brown
5935,Casey,Smith
5936,Alex,Williams
5937,Jordan,Johnson
5938,Alex,Smith
5939,Casey,Smith
5940,Taylor,Jones
5941,Jordan,Jones
5942,Casey,Brown
5943,Casey,Williams
5944,Casey,Jones
5945,Morgan,Jones
5946,Casey,Brown
5947,Alex,Brown
5948,Casey,Johnson
5949,Taylor,Williams
5950,Casey,Brown
5951,Morgan,Smith
5952,Jordan,Brown
5953,Casey,Williams
5954,Alex,Smith
5955,Jordan,Jones
5956,Taylor,Jones
5957,Casey,Smith
5958,Casey,Johnson
5959,Alex,Williams
5960,Casey,Brown
5961,Casey,Smith
5962,Jordan,Brown
5963,Morgan,Johnson
5964,Casey,Smith
5965,Taylor,Jones
5966,Casey,Smith
5967,Alex,Smith
5968,Taylor,Jones
5969,Jordan,Brown
5970,Alex,Brown
5971,Taylor,Smith
5972,Taylor,Johnson
5973,Casey,Smith
5974,Casey,Smith
5975,Taylor,Smith
5976,Jordan,Williams
5977,Morgan,Jones
5978,Taylor,Johnson
5979,Jordan,Brown
5980,Alex,Williams
5981,Taylor,Williams
5982,Alex,Williams
5983,Alex,Johnson
5984,Casey,Johnson
5985,Morgan,Williams
5986,Casey,Smith
5987,Morgan,Johnson
5988,Alex,Smith
5989,Taylor,Smith
5990,Casey,Johnson
5991,Morgan,Johnson
5992,Casey,Williams
5993,Alex,Brown
5994,Taylor,Williams
5995,Casey,Johnson
5996,Alex,Smith
5997,Casey,Smith
5998,Jordan,Williams
5999,Jordan,Williams
6000,Casey,Jones
6001,Taylor,Brown
6002,Alex,Smith
6003,Jordan,Johnson
6004,Jordan,Brown
6005,Taylor,Jones
6006,Casey,Johnson
6007,Casey,Williams
6008,Casey,Johnson
6009,Alex,Johnson
6010,Morgan,Williams
6011,Casey,Johnson
6012,Alex,Jones
6013,Taylor,Williams
6014,Jordan,Jones
6015,Alex,Jones
6016,Taylor,Williams
6017,Morgan,Johnson
6018,Taylor,Williams
6019,Casey,Johnson
6020,Morgan,Johnson
6021,Jordan,Brown
6022,Morgan,Brown
6023,Casey,Brown
6024,Casey,Jones
6025,Casey,Jones
6026,Casey,Jones
6027,Alex,Johnson
6028,Casey,Johnson
6029,Taylor,Williams
6030,Jordan,Jones
6031,Morgan,Johnson
6032,Casey,Jones
6033,Morgan,Jones
6034,Casey,Brown
6035,Casey,Johnson
6036,Morgan,Jones
6037,Taylor,Smith
6038,Jordan,Smith
6039,Jordan,Williams
6040,Alex,Johnson
6041,Morgan,Williams
6042,Taylor,Smith
6043,Casey,Williams
6044,Morgan,Johnson
6045,Casey,Jones
6046,Taylor,Williams
6047,Taylor,Jones
6048,Alex,Smith
6049,Morgan,Johnson
6050,Alex,Williams
6051,Casey,Jones
6052,Taylor,Williams
6053,Jordan,Smith
6054,Taylor,Williams
6055,Taylor,Williams
6056,Casey,Brown
6057,Morgan,Jones
6058,Alex,Jones
6059,Jordan,Williams
6060,Morgan,Smith
6061,Casey,Johnson
6062,Alex,Johnson
6063,Morgan,Brown
6064,Casey,Jones
6065,Alex,Brown
6066,Morgan,Johnson
6067,Morgan,Brown
6068,Morgan,Jones
6069,Jordan,Jones
6070,Jordan,Johnson
6071,Casey,Johnson
6072,Morgan,Jones
6073,Casey,Jones
6074,Casey,Johnson
6075,Taylor,Johnson
6076,Casey,Jones
6077,Morgan,Johnson
6078,Taylor,Jones
6079,Jordan,Johnson
6080,Alex,Smith
6081,Casey,Smith
6082,Taylor,Williams
6083,Taylor,Johnson
6084,Morgan,Brown
6085,Casey,Johnson
6086,Casey,Brown
6087,Morgan,Smith
6088,Casey,Brown
6089,Casey,Smith
6090,Alex,Brown
6091,Alex,Johnson
6092,Jordan,Smith
6093,Jordan,Johnson
6094,Casey,Williams
6095,Alex,Williams
6096,Alex,Jones
6097,Morgan,Johnson
6098,Jordan,Smith
6099,Taylor,Jones
6100,Alex,Jones
6101,Casey,Johnson
6102,Casey,Jones
6103,Casey,Williams
6104,Morgan,Williams
6105,Jordan,Brown
6106,Casey,Jones
6107,Taylor,Johnson
6108,Taylor,Brown
6109,Jordan,Williams
6110,Taylor,Johnson
6111,Casey,Smith
6112,Alex,Williams
6113,Taylor,Johnson
6114,Casey,Williams
6115,Casey,Williams
6116,Morgan,Williams
6117,Morgan,Brown
6118,Taylor,Smith
6119,Taylor,Johnson
6120,Casey,Johnson
6121,Jordan,Brown
6122,Casey,Johnson
6123,Casey,Johnson
6124,Alex,Johnson
6125,Morgan,Jones
6126,Jordan,Jones
6127,Alex,Brown
6128,Alex,Jones
6129,Jordan,Johnson
6130,Jordan,Jones
6131,Taylor,Brown
6132,Casey,Johnson
6133,Casey,Smith
6134,Casey,Jones
6135,Morgan,Jones
6136,Morgan,Jones
6137,Taylor,Johnson
6138,Alex,Johnson
6139,Casey,Williams
6140,Casey,Jones
6141,Casey,Smith
6142,Jordan,Johnson
6143,Jordan,Smith
6144,Alex,Smith
6145,Taylor,Brown
6146,Casey,Jones
6147,Alex,Brown
6148,Alex,Jones
6149,Morgan,Jones
6150,Taylor,Smith
6151,Morgan,Johnson
6152,Casey,Brown
6153,Jordan,Williams
6154,Morgan,Jones
6155,Morgan,Jones
6156,Morgan,Brown
6157,Jordan,Johnson
6158,Casey,Johnson
6159,Morgan,Jones
6160,Taylor,Smith
6161,Jordan,Williams
6162,Taylor,Brown
6163,Casey,Brown
6164,Taylor,Smith
6165,Casey,Smith
6166,Alex,Williams
6167,Alex,Williams
6168,Jordan,Williams
6169,Alex,Smith
6170,Casey,Jones
6171,Morgan,Jones
6172,Jordan,Smith
6173,Morgan,Williams
6174,Jordan,Jones
6175,Alex,Williams
6176,Casey,Smith
6177,Morgan,Williams
6178,Taylor,Williams
6179,Casey,Williams
6180,Jordan,Jones
6181,Alex,Smith
6182,Jordan,Smith
6183,Jordan,Smith
6184,Taylor,Johnson
6185,Morgan,Brown
6186,Taylor,Brown
6187,Morgan,Williams
6188,Morgan,Williams
6189,Alex,Brown
6190,Alex,Jones
6191,Jordan,Jones
6192,Morgan,Williams
6193,Taylor,Williams
6194,Morgan,Johnson
6195,Jordan,Brown
6196,Taylor,Williams
6197,Casey,Johnson
6198,Alex,Williams
6199,Alex,Jones
6200,Taylor,Johnson
6201,Alex,Brown
6202,Alex,Smith
6203,Alex,Brown
6204,Casey,Smith
6205,Casey,Brown
6206,Casey,Williams
6207,Alex,Johnson
6208,Taylor,Jones
6209,Morgan,Brown
6210,Alex,Johnson
6211,Jordan,Jones
6212,Taylor,Jones
6213,Casey,Smith
6214,Morgan,Brown
6215,Jordan,Williams
6216,Morgan,Johnson
6217,Jordan,Williams
6218,Morgan,Williams
6219,Morgan,Brown
6220,Morgan,Johnson
6221,Casey,Williams
6222,Taylor,Johnson
6223,Taylor,Brown
6224,Jordan,Brown
6225,Morgan,Brown
6226,Alex,Brown
6227,Jordan,Brown
6228,Morgan,Johnson
6229,Jordan,Smith
6230,Alex,Williams
6231,Casey,Johnson
6232,Morgan,Brown
6233,Jordan,Brown
6234,Alex,Williams
6235,Taylor,Jones
6236,Taylor,Brown
6237,Morgan,Jones
6238,Jordan,Jones
6239,Morgan,Williams
6240,Taylor,Johnson
6241,Morgan,Jones
6242,Taylor,Smith
6243,Jordan,Jones
6244,Casey,Smith
6245,Casey,Johnson
6246,Morgan,Williams
6247,Alex,Williams
6248,Jordan,Johnson
6249,Casey,Brown
6250,Taylor,Smith
6251,Casey,Williams
6252,Jordan,Williams
6253,Casey,Brown
6254,Casey,Jones
6255,Morgan,Smith
6256,Morgan,Smith
6257,Jordan,Smith
6258,Morgan,Brown
6259,Jordan,Brown
6260,Morgan,Jones
6261,Morgan,Jones
6262,Alex,Brown
6263,Jordan,Williams
6264,Taylor,Jones
6265,Jordan,Johnson
6266,Alex,Johnson
6267,Morgan,Brown
6268,Morgan,Smith
6269,Alex,Brown
6270,Casey,Smith
6271,Alex,Jones
6272,Jordan,Smith
6273,Morgan,Jones
6274,Morgan,Smith
6275,Casey,Williams
6276,Taylor,Smith
6277,Casey,Jones
6278,Alex,Williams
6279,Alex,Jones
6280,Morgan,Johnson
6281,Casey,Johnson
6282,Alex,Brown
6283,Casey,Jones
6284,Taylor,Williams
6285,Morgan,Johnson
6286,Morgan,Johnson
6287,Taylor,Williams
6288,Alex,Williams
6289,Alex,Smith
6290,Alex,Jones
6291,Jordan,Brown
6292,Taylor,Johnson
6293,Alex,Johnson
6294,Taylor,Smith
6295,Alex,Williams
6296,Morgan,Johnson
6297,Jordan,Smith
6298,Alex,Williams
6299,Taylor,Williams
6300,Alex,Brown
6301,Alex,Jones
6302,Taylor,Brown
6303,Morgan,Smith
6304,Alex,Smith
6305,Jordan,Williams
6306,Morgan,Jones
6307,Morgan,Smith
6308,Casey,Williams
6309,Casey,Jones
6310,Alex,Smith
6311,Jordan,Williams
6312,Taylor,Smith
6313,Casey,Johnson
6314,Casey,Smith
6315,Taylor,Smith
6316,Jordan,Williams
6317,Morgan,Jones
6318,Morgan,Johnson
6319,Morgan,Jones
6320,Morgan,Jones
6321,Morgan,Brown
6322,Taylor,Jones
6323,Casey,Williams
6324,Alex,Jones
6325,Alex,Jones
6326,Casey,Brown
6327,Alex,Smith
6328,Casey,Brown
6329,Casey,Brown
6330,Jordan,Williams
6331,Casey,Jones
6332,Jordan,Brown
6333,Morgan,Smith
6334,Jordan,Jones
6335,Morgan,Jones
6336,Morgan,Johnson
6337,Jordan,Smith
6338,Alex,Williams
6339,Casey,Williams
6340,Morgan,Brown
6341,Morgan,Johnson
6342,Morgan,Jones
6343,Morgan,Johnson
6344,Taylor,Smith
6345,Alex,Brown
6346,Casey,Brown
6347,Alex,Williams
6348,Casey,Smith
6349,Morgan,Jones
6350,Morgan,Williams
6351,Jordan,Brown
6352,Jordan,Jones
6353,Casey,Johnson
6354,Jordan,Williams
6355,Morgan,Smith
6356,Alex,Smith
6357,Taylor,Williams
6358,Alex,Jones
6359,Casey,Johnson
6360,Morgan,Jones
6361,Morgan,Smith
6362,Casey,Jones
6363,Morgan,Johnson
6364,Alex,Brown
6365,Morgan,Jones
6366,Jordan,Smith
6367,Morgan,Williams
6368,Alex,Brown
6369,Casey,Jones
6370,Morgan,Brown
6371,Alex,Smith
6372,Casey,Smith
6373,Alex,Williams
6374,Jordan,Williams
6375,Jordan,Smith
6376,Alex,Johnson
6377,Alex,Williams
6378,Taylor,Jones
6379,Jordan,Johnson
6380,Taylor,Jones
6381,Casey,Smith
6382,Alex,Smith
6383,Casey,Smith
6384,Casey,Jones
6385,Taylor,Brown
6386,Taylor,Brown
6387,Alex,Johnson
6388,Taylor,Brown
6389,Jordan,Brown
6390,Alex,Williams
6391,Alex,Williams
6392,Taylor,Johnson
6393,Morgan,Brown
6394,Alex,Brown
6395,Morgan,Johnson
6396,Taylor,Johnson
6397,Casey,Smith
6398,Taylor,Brown
6399,Jordan,Johnson
6400,Alex,Johnson
6401,Morgan,Williams
6402,Casey,Johnson
6403,Casey,Smith
6404,Morgan,Smith
6405,Alex,Jones
6406,Alex,Smith
6407,Casey,Smith
6408,Jordan,Jones
6409,Alex,Smith
6410,Morgan,Brown
6411,Jordan,Smith
6412,Taylor,Williams
6413,Jordan,Johnson
6414,Casey,Smith
6415,Jordan,Johnson
6416,Casey,Johnson
6417,Taylor,Williams
6418,Alex,Johnson
6419,Taylor,Jones
6420,Morgan,Smith
6421,Jordan,Brown
6422,Morgan,Smith
6423,Jordan,Brown
6424,Jordan,Smith
6425,Morgan,Brown
6426,Taylor,Williams
6427,Casey,Brown
6428,Taylor,Williams
6429,Alex,Smith
6430,Morgan,Brown
6431,Morgan,Johnson
6432,Taylor,Brown
6433,Casey,Johnson
6434,Jordan,Brown
6435,Jordan,Smith
6436,Casey,Jones
6437,Taylor,Williams
6438,Alex,Smith
6439,Jordan,Williams
6440,Jordan,Smith
6441,Casey,Smith
6442,Jordan,Smith
6443,Taylor,Smith
6444,Casey,Jones
6445,Casey,Williams
6446,Alex,Williams
6447,Morgan,Williams
6448,Taylor,Brown
6449,Taylor,Johnson
6450,Jordan,Jones
6451,Taylor,Brown
6452,Jordan,Johnson
6453,Casey,Williams
6454,Casey,Williams
6455,Jordan,Brown
6456,Morgan,Jones
6457,Taylor,Johnson
6458,Morgan,Smith
6459,Taylor,Smith
6460,Morgan,Brown
6461,Morgan,Williams
6462,Casey,Jones
6463,Casey,Jones
6464,Morgan,Johnson
6465,Taylor,Jones
6466,Morgan,Brown
6467,Taylor,Brown
6468,Jordan,Smith
6469,Jordan,Jones
6470,Morgan,Smith
6471,Jordan,Williams
6472,Alex,Jones
6473,Casey,Smith
6474,Morgan,Smith
6475,Alex,Smith
6476,Alex,Williams
6477,Casey,Brown
6478,Morgan,Jones
6479,Jordan,Brown
6480,Alex,Williams
6481,Jordan,Jones
6482,Jordan,Williams
6483,Casey,Smith
6484,Morgan,Smith
6485,Jordan,Williams
6486,Jordan,Williams
6487,Morgan,Jones
6488,Morgan,Johnson
6489,Casey,Smith
6490,Taylor,Johnson
6491,Jordan,Smith
6492,Casey,Johnson
6493,Morgan,Johnson
6494,Morgan,Smith
6495,Taylor,Brown
6496,Casey,Johnson
6497,Jordan,Johnson
6498,Taylor,Williams
6499,Taylor,Johnson
6500,Taylor,Smith
6501,Taylor,Johnson
6502,Casey,Johnson
6503,Taylor,Johnson
6504,Morgan,Jones
6505,Casey,Johnson
6506,Alex,Williams
6507,Alex,Williams
6508,Taylor,Smith
6509,Casey,Williams
6510,Taylor,Smith
6511,Taylor,Smith
6512,Jordan,Johnson
6513,Morgan,Johnson
6514,Alex,Brown
6515,Alex,Johnson
6516,Jordan,Jones
6517,Alex,Williams
6518,Jordan,Smith
6519,Morgan,Brown
6520,Casey,Williams
6521,Taylor,Johnson
6522,Jordan,Williams
6523,Morgan,Jones
6524,Jordan,Smith
6525,Jordan,Williams
6526,Morgan,Brown
6527,Jordan,Brown
6528,Taylor,Jones
6529,Alex,Johnson
6530,Jordan,Jones
6531,Taylor,Johnson
6532,Morgan,Smith
6533,Morgan,Jones
6534,Taylor,Williams
6535,Jordan,Brown
6536,Taylor,Jones
6537,Casey,Brown
6538,Jordan,Johnson
6539,Alex,Johnson
6540,Jordan,Smith
6541,Jordan,Brown
6542,Morgan,Johnson
6543,Casey,Brown
6544,Morgan,Brown
6545,Taylor,Johnson
6546,Taylor,Johnson
6547,Casey,Jones
6548,Casey,Brown
6549,Casey,Johnson
6550,Casey,Brown
6551,Casey,Williams
6552,Taylor,Jones
6553,Morgan,Jones
6554,Alex,Brown
6555,Alex,Williams
6556,Alex,Williams
6557,Alex,Jones
6558,Casey,Brown
6559,Alex,Williams
6560,Alex,Brown
6561,Casey,Jones
6562,Morgan,Williams
6563,Taylor,Brown
6564,Taylor,Johnson
6565,Alex,Smith
6566,Morgan,Smith
6567,Alex,Smith
6568,Casey,Brown
6569,Casey,Johnson
6570,Casey,Johnson
6571,Alex,Johnson
6572,Taylor,Williams
6573,Casey,Williams
6574,Casey,Williams
6575,Casey,Johnson
6576,Jordan,Jones
6577,Alex,Brown
6578,Jordan,Smith
6579,Taylor,Jones
6580,Jordan,Johnson
6581,Jordan,Williams
6582,Casey,Brown
6583,Morgan,Brown
6584,Alex,Smith
6585,Casey,Williams
6586,Jordan,Jones
6587,Jordan,Smith
6588,Jordan,Brown
6589,Alex,Brown
6590,Jordan,Smith
6591,Casey,Brown
6592,Jordan,Smith
6593,Morgan,Johnson
6594,Casey,Johnson
6595,Casey,Brown
6596,Alex,Brown
6597,Casey,Brown
6598,Alex,Jones
6599,Taylor,Williams
6600,Alex,Johnson
6601,Taylor,Johnson
6602,Morgan,Williams
6603,Morgan,Smith
6604,Morgan,Brown
6605,Morgan,Smith
6606,Jordan,Williams
6607,Taylor,Jones
6608,Taylor,Johnson
6609,Jordan,Smith
6610,Morgan,Brown
6611,Taylor,Brown
6612,Jordan,Williams
6613,Taylor,Brown
6614,Taylor,Smith
6615,Casey,Johnson
6616,Jordan,Brown
6617,Alex,Smith
6618,Morgan,Smith
6619,Alex,Williams
6620,Morgan,Jones
6621,Casey,Smith
6622,Morgan,Smith
6623,Jordan,Jones
6624,Morgan,Johnson
6625,Casey,Williams
6626,Morgan,Williams
6627,Taylor,Williams
6628,Morgan,Williams
6629,Jordan,Jones
6630,Jordan,Smith
6631,Jordan,Williams
6632,Taylor,Jones
6633,Alex,Johnson
6634,Jordan,Smith
6635,Morgan,Williams
6636,Taylor,Williams
6637,Alex,Brown
6638,Casey,Johnson
6639,Taylor,Smith
6640,Alex,Jones
6641,Casey,Johnson
6642,Taylor,Johnson
6643,Alex,Smith
6644,Alex,Johnson
6645,Alex,Jones
6646,Taylor,Jones
6647,Jordan,Smith
6648,Taylor,Smith
6649,Taylor,Jones
6650,Casey,Jones
6651,Alex,Brown
6652,Taylor,Williams
6653,Jordan,Williams
6654,Alex,Brown
6655,Alex,Johnson
6656,Morgan,Brown
6657,Jordan,Jones
6658,Alex,Williams
6659,Casey,Brown
6660,Alex,Williams
6661,Morgan,Jones
6662,Taylor,Johnson
6663,Taylor,Smith
6664,Morgan,Jones
6665,Jordan,Williams
6666,Morgan,Brown
6667,Jordan,Brown
6668,Casey,Williams
6669,Morgan,Williams
6670,Jordan,Johnson
6671,Alex,Smith
6672,Jordan,Brown
6673,Casey,Smith
6674,Jordan,Johnson
6675,Morgan,Brown
6676,Casey,Jones
6677,Jordan,Jones
6678,Morgan,Smith
6679,Jordan,Jones
6680,Morgan,Smith
6681,Casey,Brown
6682,Alex,Johnson
6683,Jordan,Jones
6684,Alex,Johnson
6685,Jordan,Johnson
6686,Taylor,Brown
6687,Jordan,Johnson
6688,Alex,Jones
6689,Casey,Smith
6690,Alex,Williams
6691,Jordan,Johnson
6692,Taylor,Johnson
6693,Jordan,Jones
6694,Alex,Jones
6695,Jordan,Jones
6696,Alex,Smith
6697,Taylor,Johnson
6698,Morgan,Johnson
6699,Morgan,Smith
6700,Alex,Williams
6701,Morgan,Smith
6702,Casey,Smith
6703,Taylor,Johnson
6704,Alex,Johnson
6705,Morgan,Williams
6706,Jordan,Smith
6707,Casey,Jones
6708,Alex,Williams
6709,Alex,Smith
6710,Jordan,Williams
6711,Alex,Johnson
6712,Jordan,Smith
6713,Casey,Williams
6714,Jordan,Smith
6715,Alex,Johnson
6716,Casey,Smith
6717,Morgan,Smith
6718,Alex,Jones
6719,Taylor,Brown
6720,Casey,Williams
6721,Morgan,Brown
6722,Taylor,Williams
6723,Jordan,Johnson
6724,Morgan,Brown
6725,Casey,Williams
6726,Alex,Brown
6727,Casey,Williams
6728,Morgan,Johnson
6729,Casey,Jones
6730,Alex,Williams
6731,Morgan,Brown
6732,Morgan,Brown
6733,Casey,Williams
6734,Jordan,Smith
6735,Alex,Jones
6736,Jordan,Jones
6737,Taylor,Johnson
6738,Casey,Johnson
6739,Morgan,Jones
6740,Alex,Brown
6741,Morgan,Williams
6742,Taylor,Johnson
6743,Casey,Brown
6744,Jordan,Brown
6745,Casey,Jones
6746,Casey,Brown
6747,Morgan,Brown
6748,Morgan,Smith
6749,Jordan,Smith
6750,Alex,Williams
6751,Alex,Williams
6752,Jordan,Smith
6753,Casey,Johnson
6754,Casey,Williams
6755,Jordan,Jones
6756,Taylor,Johnson
6757,Casey,Smith
6758,Casey,Jones
6759,Jordan,Brown
6760,Alex,Jones
6761,Alex,Jones
6762,Jordan,Brown
6763,Taylor,Brown
6764,Morgan,Johnson
6765,Alex,Brown
6766,Taylor,Williams
6767,Casey,Williams
6768,Alex,Brown
6769,Casey,Williams
6770,Morgan,Johnson
6771,Taylor,Jones
6772,Taylor,Johnson
6773,Morgan,Smith
6774,Taylor,Jones
6775,Taylor,Johnson
6776,Jordan,Jones
6777,Alex,Johnson
6778,Alex,Williams
6779,Alex,Jones
6780,Taylor,Williams
6781,Jordan,Smith
6782,Casey,Brown
6783,Jordan,Jones
6784,Jordan,Smith
6785,Casey,Jones
6786,Casey,Brown
6787,Jordan,Smith
6788,Morgan,Smith
6789,Morgan,Johnson
6790,Morgan,Williams
6791,Alex,Jones
6792,Casey,Smith
6793,Morgan,Smith
6794,Jordan,Johnson
6795,Taylor,Williams
6796,Alex,Johnson
6797,Casey,Jones
6798,Alex,Brown
6799,Alex,Williams
6800,Casey,Jones
6801,Taylor,Jones
6802,Taylor,Jones
6803,Alex,Jones
6804,Alex,Johnson
6805,Alex,Smith
6806,Jordan,Williams
6807,Taylor,Williams
6808,Morgan,Jones
6809,Casey,Johnson
6810,Alex,Jones
6811,Morgan,Johnson
6812,Morgan,Williams
6813,Jordan,Brown
6814,Taylor,Johnson
6815,Morgan,Johnson
6816,Taylor,Smith
6817,Jordan,Johnson
6818,Morgan,Johnson
6819,Casey,Williams
6820,Jordan,Johnson
6821,Casey,Brown
6822,Taylor,Jones
6823,Jordan,Smith
6824,Taylor,Johnson
6825,Taylor,Williams
6826,Alex,Brown
6827,Morgan,Jones
6828,Taylor,Smith
6829,Casey,Jones
6830,Taylor,Williams
6831,Alex,Smith
6832,Morgan,Jones
6833,Taylor,Johnson
6834,Alex,Jones
6835,Jordan,Jones
6836,Morgan,Jones
6837,Morgan,Jones
6838,Morgan,Williams
6839,Taylor,Jones
6840,Morgan,Williams
6841,Alex,Jones
6842,Casey,Jones
6843,Morgan,Jones
6844,Taylor,Johnson
6845,Taylor,Smith
6846,Morgan,Smith
6847,Jordan,Johnson
6848,Morgan,Brown
6849,Taylor,Jones
6850,Casey,Brown
6851,Casey,Williams
6852,Morgan,Jones
6853,Casey,Johnson
6854,Alex,Johnson
6855,Casey,Brown
6856,Jordan,Johnson
6857,Alex,Smith
6858,Casey,Johnson
6859,Morgan,Smith
6860,Jordan,Smith
6861,Morgan,Johnson
6862,Morgan,Jones
6863,Casey,Williams
6864,Alex,Johnson
6865,Morgan,Williams
6866,Taylor,Jones
6867,Casey,Smith
6868,Taylor,Smith
6869,Morgan,Brown
6870,Taylor,Brown
6871,Alex,Johnson
6872,Alex,Jones
6873,Alex,Jones
6874,Morgan,Johnson
6875,Morgan,Johnson
6876,Alex,Jones
6877,Casey,Brown
6878,Jordan,Smith
6879,Taylor,Johnson
6880,Alex,Brown
6881,Jordan,Smith
6882,Taylor,Smith
6883,Jordan,Johnson
6884,Alex,Williams
6885,Taylor,Johnson
6886,Casey,Brown
6887,Taylor,Johnson
6888,Alex,Brown
6889,Taylor,Johnson
6890,Casey,Brown
6891,Taylor,Jones
6892,Casey,Brown
6893,Jordan,Williams
6894,Alex,Williams
6895,Morgan,Johnson
6896,Taylor,Brown
6897,Morgan,Smith
6898,Taylor,Johnson
6899,Taylor,Brown
6900,Casey,Brown
6901,Taylor,Williams
6902,Casey,Brown
6903,Alex,Brown
6904,Casey,Smith
6905,Jordan,Jones
6906,Alex,Smith
6907,Taylor,Brown
6908,Morgan,Johnson
6909,Casey,Brown
6910,Jordan,Brown
6911,Jordan,Brown
6912,Morgan,Brown
6913,Taylor,Williams
6914,Taylor,Jones
6915,Jordan,Jones
6916,Jordan,Johnson
6917,Casey,Williams
6918,Morgan,Smith
6919,Jordan,Williams
6920,Alex,Smith
6921,Morgan,Jones
6922,Casey,Johnson
6923,Jordan,Smith
6924,Alex,Johnson
6925,Taylor,Jones
6926,Morgan,Johnson
6927,Morgan,Smith
6928,Morgan,Johnson
6929,Taylor,Brown
6930,Alex,Smith
6931,Alex,Johnson
6932,Morgan,Smith
6933,Jordan,Jones
6934,Jordan,Johnson
6935,Casey,Brown
6936,Casey,Smith
6937,Casey,Brown
6938,Casey,Williams
6939,Taylor,Johnson
6940,Morgan,Johnson
6941,Alex,Jones
6942,Casey,Smith
6943,Morgan,Johnson
6944,Morgan,Smith
6945,Taylor,Brown
6946,Casey,Brown
6947,Alex,Johnson
6948,Morgan,Williams
6949,Morgan,Williams
6950,Jordan,Jones
6951,Alex,Williams
6952,Jordan,Johnson
6953,Jordan,Smith
6954,Casey,Jones
6955,Alex,Jones
6956,Alex,Jones
6957,Alex,Smith
6958,Taylor,Brown
6959,Jordan,Brown
6960,Taylor,Brown
6961,Taylor,Smith
6962,Jordan,Johnson
6963,Jordan,Smith
6964,Alex,Johnson
6965,Jordan,Smith
6966,Jordan,Williams
6967,Casey,Williams
6968,Morgan,Johnson
6969,Alex,Smith
6970,Jordan,Brown
6971,Casey,Smith
6972,Morgan,Jones
6973,Alex,Brown
6974,Casey,Williams
6975,Alex,Jones
6976,Taylor,Smith
6977,Taylor,Johnson
6978,Alex,Jones
6979,Jordan,Williams
6980,Morgan,Smith
6981,Casey,Brown
6982,Alex,Jones
6983,Alex,Johnson
6984,Casey,Smith
6985,Alex,Johnson
6986,Taylor,Brown
6987,Taylor,Brown
6988,Taylor,Brown
6989,Jordan,Williams
6990,Taylor,Jones
6991,Morgan,Smith
6992,Taylor,Brown
6993,Alex,Jones
6994,Alex,Williams
6995,Casey,Brown
6996,Casey,Jones
6997,Jordan,Johnson
6998,Jordan,Jones
6999,Casey,Jones
7000,Jordan,Smith
7001,Morgan,Brown
7002,Jordan,Johnson
7003,Taylor,Williams
7004,Jordan,Brown
7005,Taylor,Jones
7006,Jordan,Jones
7007,Jordan,Williams
7008,Taylor,Brown
7009,Taylor,Johnson
7010,Morgan,Jones
7011,Casey,Johnson
7012,Jordan,Brown
7013,Taylor,Jones
7014,Taylor,Williams
7015,Jordan,Brown
7016,Casey,Smith
7017,Taylor,Brown
7018,Taylor,Jones
7019,Morgan,Smith
7020,Taylor,Johnson
7021,Taylor,Brown
7022,Casey,Johnson
7023,Alex,Smith
7024,Casey,Brown
7025,Alex,Smith
7026,Morgan,Johnson
7027,Taylor,Williams
7028,Morgan,Brown
7029,Taylor,Williams
7030,Taylor,Brown
7031,Taylor,Brown
7032,Casey,Williams
7033,Jordan,Jones
7034,Jordan,Smith
7035,Casey,Brown
7036,Jordan,Johnson
7037,Casey,Williams
7038,Morgan,Brown
7039,Alex,Jones
7040,Morgan,Jones
7041,Alex,Johnson
7042,Alex,Johnson
7043,Taylor,Smith
7044,Taylor,Smith
7045,Taylor,Smith
7046,Alex,Johnson
7047,Morgan,Smith
7048,Taylor,Smith
7049,Taylor,Jones
7050,Alex,Jones
7051,Taylor,Jones
7052,Casey,Smith
7053,Casey,Jones
7054,Jordan,Williams
7055,Taylor,Williams
7056,Jordan,Williams
7057,Taylor,Williams
7058,Alex,Johnson
7059,Morgan,Smith
7060,Jordan,Williams
7061,Alex,Smith
7062,Jordan,Johnson
7063,Casey,Williams
7064,Morgan,Johnson
7065,Casey,Brown
7066,Taylor,Jones
7067,Taylor,Johnson
7068,Casey,Brown
7069,Jordan,Brown
7070,Jordan,Johnson
7071,Alex,Williams
7072,Casey,Brown
7073,Jordan,Williams
7074,Casey,Williams
7075,Alex,Smith
7076,Alex,Jones
7077,Morgan,Williams
7078,Morgan,Williams
7079,Morgan,Brown
7080,Morgan,Jones
7081,Taylor,Jones
7082,Taylor,Williams
7083,Morgan,Johnson
7084,Alex,Smith
7085,Morgan,Smith
7086,Casey,Smith
7087,Casey,Smith
7088,Casey,Johnson
7089,Casey,Jones
7090,Alex,Brown
7091,Alex,Jones
7092,Alex,Brown
7093,Alex,Smith
7094,Jordan,Jones
7095,Casey,Smith
7096,Morgan,Brown
7097,Jordan,Jones
7098,Morgan,Johnson
7099,Jordan,Brown
7100,Jordan,Williams
7101,Jordan,Johnson
7102,Alex,Brown
7103,Alex,Smith
7104,Alex,Johnson
7105,Alex,Jones
7106,Casey,Brown
7107,Morgan,Smith
7108,Taylor,Johnson
7109,Taylor,Williams
7110,Jordan,Jones
7111,Taylor,Smith
7112,Taylor,Brown
7113,Alex,Smith
7114,Taylor,Brown
7115,Taylor,Johnson
7116,Alex,Jones
7117,Morgan,Jones
7118,Taylor,Jones
7119,Morgan,Johnson
7120,Morgan,Smith
7121,Casey,Smith
7122,Morgan,Brown
7123,Alex,Johnson
7124,Alex,Williams
7125,Jordan,Smith
7126,Jordan,Jones
7127,Jordan,Smith
7128,Casey,Johnson
7129,Jordan,Brown
7130,Morgan,Jones
7131,Casey,Williams
7132,Casey,Johnson
7133,Jordan,Williams
7134,Jordan,Smith
7135,Taylor,Brown
7136,Jordan,Johnson
7137,Jordan,Brown
7138,Morgan,Brown
7139,Alex,Johnson
7140,Morgan,Jones
7141,Jordan,Smith
7142,Jordan,Johnson
7143,Jordan,Williams
7144,Taylor,Smith
7145,Jordan,Smith
7146,Morgan,Williams
7147,Alex,Johnson
7148,Morgan,Smith
7149,Jordan,Brown
7150,Taylor,Smith
7151,Alex,Jones
7152,Morgan,Jones
7153,Casey,Johnson
7154,Casey,Williams
7155,Alex,Smith
7156,Alex,Jones
7157,Taylor,Williams
7158,Casey,Smith
7159,Taylor,Williams
7160,Taylor,Smith
7161,Alex,Brown
7162,Casey,Johnson
7163,Alex,Johnson
7164,Alex,Johnson
7165,Jordan,Smith
7166,Alex,Johnson
7167,Alex,Smith
7168,Alex,Brown
7169,Casey,Johnson
7170,Taylor,Williams
7171,Alex,Williams
7172,Morgan,Williams
7173,Jordan,Smith
7174,Taylor,Jones
7175,Taylor,Jones
7176,Casey,Brown
7177,Morgan,Williams
7178,Taylor,Johnson
7179,Alex,Jones
7180,Morgan,Johnson
7181,Morgan,Brown
7182,Morgan,Brown
7183,Jordan,Smith
7184,Alex,Brown
7185,Taylor,Smith
7186,Jordan,Brown
7187,Casey,Johnson
7188,Casey,Williams
7189,Morgan,Johnson
7190,Casey,Smith
7191,Alex,Jones
7192,Taylor,Smith
7193,Jordan,Jones
7194,Taylor,Smith
7195,Alex,Williams
7196,Alex,Williams
7197,Taylor,Jones
7198,Jordan,Smith
7199,Morgan,Brown
7200,Taylor,Williams
7201,Taylor,Jones
7202,Morgan,Smith
7203,Morgan,Jones
7204,Jordan,Johnson
7205,Alex,Smith
7206,Jordan,Brown
7207,Morgan,Johnson
7208,Jordan,Smith
7209,Alex,Smith
7210,Jordan,Jones
7211,Morgan,Jones
7212,Jordan,Williams
7213,Morgan,Brown
7214,Casey,Brown
7215,Jordan,Jones
7216,Alex,Brown
7217,Morgan,Williams
7218,Jordan,Smith
7219,Casey,Smith
7220,Jordan,Smith
7221,Alex,Brown
7222,Morgan,Johnson
7223,Casey,Brown
7224,Morgan,Johnson
7225,Alex,Johnson
7226,Jordan,Brown
7227,Alex,Jones
7228,Morgan,Smith
7229,Morgan,Brown
7230,Morgan,Johnson
7231,Taylor,Smith
7232,Jordan,Johnson
7233,Jordan,Johnson
7234,Casey,Jones
7235,Casey,Brown
7236,Morgan,Johnson
7237,Morgan,Williams
7238,Jordan,Brown
7239,Taylor,Brown
7240,Casey,Jones
7241,Casey,Jones
7242,Taylor,Jones
7243,Jordan,Johnson
7244,Alex,Brown
7245,Casey,Brown
7246,Casey,Brown
7247,Jordan,Smith
7248,Alex,Smith
7249,Casey,Jones
7250,Alex,Jones
7251,Morgan,Brown
7252,Morgan,Brown
7253,Casey,Smith
7254,Taylor,Johnson
7255,Alex,Jones
7256,Alex,Johnson
7257,Taylor,Smith
7258,Morgan,Williams
7259,Morgan,Johnson
7260,Morgan,Williams
7261,Morgan,Smith
7262,Jordan,Johnson
7263,Jordan,Smith
7264,Jordan,Jones
7265,Taylor,Smith
7266,Morgan,Williams
7267,Jordan,Jones
7268,Taylor,Smith
7269,Morgan,Williams
7270,Casey,Williams
7271,Casey,Jones
7272,Taylor,Williams
7273,Jordan,Williams
7274,Morgan,Brown
7275,Taylor,Jones
7276,Jordan,Smith
7277,Taylor,Williams
7278,Jordan,Jones
7279,Morgan,Johnson
7280,Jordan,Johnson
7281,Casey,Brown
7282,Jordan,Brown
7283,Alex,Williams
7284,Taylor,Jones
7285,Morgan,Smith
7286,Alex,Smith
7287,Casey,Jones
7288,Casey,Smith
7289,Jordan,Johnson
7290,Morgan,Brown
7291,Jordan,Brown
7292,Morgan,Brown
7293,Alex,Jones
7294,Taylor,Smith
7295,Jordan,Jones
7296,Casey,Jones
7297,Jordan,Brown
7298,Taylor,Jones
7299,Alex,Smith
7300,Taylor,Jones
7301,Casey,Jones
7302,Casey,Jones
7303,Alex,Brown
7304,Taylor,Jones
7305,Alex,Smith
7306,Alex,Brown
7307,Casey,Williams
7308,Morgan,Brown
7309,Casey,Brown
7310,Jordan,Smith
7311,Taylor,Williams
7312,Alex,Brown
7313,Jordan,Brown
7314,Casey,Jones
7315,Alex,Williams
7316,Jordan,Smith
7317,Jordan,Brown
7318,Casey,Brown
7319,Taylor,Williams
7320,Alex,Williams
7321,Morgan,Jones
7322,Morgan,Johnson
7323,Morgan,Johnson
7324,Taylor,Williams
7325,Morgan,Jones
7326,Casey,Jones
7327,Alex,Johnson
7328,Jordan,Johnson
7329,Taylor,Smith
7330,Casey,Williams
7331,Jordan,Johnson
7332,Casey,Williams
7333,Casey,Williams
7334,Alex,Williams
7335,Jordan,Smith
7336,Casey,Johnson
7337,Morgan,Smith
7338,Taylor,Smith
7339,Casey,Williams
7340,Taylor,Smith
7341,Taylor,Johnson
7342,Jordan,Jones
7343,Taylor,Williams
7344,Jordan,Brown
7345,Morgan,Brown
7346,Alex,Williams
7347,Jordan,Jones
7348,Jordan,Jones
7349,Morgan,Brown
7350,Morgan,Johnson
7351,Jordan,Smith
7352,Alex,Johnson
7353,Jordan,Williams
7354,Casey,Jones
7355,Alex,Smith
7356,Taylor,Williams
7357,Alex,Jones
7358,Casey,Smith
7359,Casey,Johnson
7360,Casey,Brown
7361,Jordan,Brown
7362,Taylor,Johnson
7363,Jordan,Brown
7364,Morgan,Jones
7365,Alex,Brown
7366,Jordan,Smith
7367,Taylor,Jones
7368,Casey,Williams
7369,Alex,Johnson
7370,Casey,Brown
7371,Casey,Jones
7372,Jordan,Williams
7373,Alex,Brown
7374,Jordan,Williams
7375,Morgan,Williams
7376,Taylor,Brown
7377,Casey,Jones
7378,Casey,Smith
7379,Morgan,Jones
7380,Alex,Williams
7381,Alex,Brown
7382,Casey,Johnson
7383,Jordan,Smith
7384,Casey,Jones
7385,Morgan,Brown
7386,Taylor,Brown
7387,Casey,Johnson
7388,Jordan,Smith
7389,Taylor,Brown
7390,Alex,Williams
7391,Morgan,Smith
7392,Jordan,Johnson
7393,Alex,Smith
7394,Morgan,Smith
7395,Jordan,Smith
7396,Casey,Jones
7397,Alex,Smith
7398,Casey,Williams
7399,Morgan,Jones
7400,Alex,Brown
7401,Alex,Jones
7402,Taylor,Brown
7403,Morgan,Williams
7404,Alex,Johnson
7405,Taylor,Jones
7406,Alex,Johnson
7407,Casey,Brown
7408,Alex,Smith
7409,Jordan,Brown
7410,Taylor,Williams
7411,Taylor,Brown
7412,Alex,Smith
7413,Casey,Smith
7414,Taylor,Smith
7415,Alex,Williams
7416,Alex,Jones
7417,Morgan,Johnson
7418,Morgan,Johnson
7419,Morgan,Johnson
7420,Alex,Williams
7421,Alex,Jones
7422,Taylor,Smith
7423,Alex,Jones
7424,Taylor,Williams
7425,Jordan,Jones
7426,Taylor,Smith
7427,Casey,Brown
7428,Morgan,Williams
7429,Morgan,Smith
7430,Jordan,Jones
7431,Morgan,Williams
7432,Taylor,Johnson
7433,Alex,Johnson
7434,Casey,Johnson
7435,Jordan,Jones
7436,Alex,Williams
7437,Jordan,Johnson
7438,Casey,Jones
7439,Casey,Williams
7440,Taylor,Jones
7441,Morgan,Smith
7442,Morgan,Williams
7443,Morgan,Jones
7444,Morgan,Williams
7445,Taylor,Johnson
7446,Morgan,Jones
7447,Casey,Jones
7448,Jordan,Smith
7449,Jordan,Jones
7450,Jordan,Williams
7451,Casey,Johnson
7452,Taylor,Williams
7453,Morgan,Johnson
7454,Jordan,Smith
7455,Casey,Jones
7456,Alex,Jones
7457,Morgan,Williams
7458,Jordan,Smith
7459,Taylor,Johnson
7460,Jordan,Brown
7461,Jordan,Williams
7462,Taylor,Brown
7463,Casey,Williams
7464,Taylor,Johnson
7465,Morgan,Johnson
7466,Jordan,Brown
7467,Alex,Jones
7468,Morgan,Williams
7469,Morgan,Johnson
7470,Jordan,Jones
7471,Taylor,Johnson
7472,Jordan,Smith
7473,Casey,Smith
7474,Taylor,Smith
7475,Alex,Williams
7476,Alex,Jones
7477,Alex,Jones
7478,Jordan,Williams
7479,Morgan,Johnson
7480,Taylor,Jones
7481,Taylor,Brown
7482,Casey,Johnson
7483,Taylor,Jones
7484,Jordan,Williams
7485,Jordan,Jones
7486,Alex,Brown
7487,Taylor,Johnson
7488,Jordan,Smith
7489,Jordan,Jones
7490,Alex,Williams
7491,Casey,Johnson
7492,Jordan,Johnson
7493,Casey,Johnson
7494,Jordan,Johnson
7495,Morgan,Jones
7496,Alex,Smith
7497,Alex,Brown
7498,Casey,Brown
7499,Casey,Williams
7500,Jordan,Johnson
7501,Jordan,Smith
7502,Alex,Williams
7503,Alex,Johnson
7504,Casey,Williams
7505,Casey,Smith
7506,Morgan,Jones
7507,Taylor,Smith
7508,Alex,Williams
7509,Casey,Johnson
7510,Casey,Williams
7511,Morgan,Williams
7512,Morgan,Williams
7513,Alex,Brown
7514,Casey,Brown
7515,Casey,Williams
7516,Casey,Brown
7517,Morgan,Brown
7518,Taylor,Williams
7519,Taylor,Jones
7520,Taylor,Smith
7521,Jordan,Johnson
7522,Taylor,Brown
7523,Alex,Brown
7524,Casey,Jones
7525,Morgan,Smith
7526,Jordan,Williams
7527,Jordan,Jones
7528,Taylor,Brown
7529,Taylor,Williams
7530,Jordan,Jones
7531,Jordan,Johnson
7532,Alex,Brown
7533,Taylor,Jones
7534,Alex,Brown
7535,Alex,Jones
7536,Morgan,Johnson
7537,Morgan,Williams
7538,Alex,Brown
7539,Casey,Smith
7540,Taylor,Smith
7541,Morgan,Brown
7542,Taylor,Williams
7543,Jordan,Jones
7544,Casey,Smith
7545,Morgan,Smith
7546,Taylor,Smith
7547,Casey,Jones
7548,Alex,Jones
7549,Casey,Johnson
7550,Alex,Johnson
7551,Morgan,Williams
7552,Taylor,Williams
7553,Casey,Johnson
7554,Taylor,Williams
7555,Jordan,Smith
7556,Morgan,Johnson
7557,Alex,Smith
7558,Alex,Smith
7559,Taylor,Brown
7560,Alex,Johnson
7561,Alex,Brown
7562,Jordan,Williams
7563,Alex,Smith
7564,Jordan,Johnson
7565,Casey,Williams
7566,Casey,Johnson
7567,Taylor,Williams
7568,Jordan,Williams
7569,Morgan,Brown
7570,Morgan,Jones
7571,Taylor,Smith
7572,Morgan,Williams
7573,Casey,Williams
7574,Taylor,Williams
7575,Alex,Williams
7576,Casey,Williams
7577,Morgan,Brown
7578,Morgan,Jones
7579,Casey,Smith
7580,Casey,Brown
7581,Jordan,Brown
7582,Jordan,Jones
7583,Taylor,Williams
7584,Taylor,Williams
7585,Taylor,Jones
7586,Taylor,Jones
7587,Jordan,Jones
7588,Taylor,Smith
7589,Alex,Jones
7590,Morgan,Jones
7591,Morgan,Jones
7592,Jordan,Smith
7593,Alex,Johnson
7594,Morgan,Brown
7595,Morgan,Johnson
7596,Morgan,Johnson
7597,Alex,Brown
7598,Casey,Williams
7599,Taylor,Williams
7600,Morgan,Williams
7601,Morgan,Smith
7602,Taylor,Johnson
7603,Casey,Smith
7604,Casey,Williams
7605,Casey,Williams
7606,Taylor,Brown
7607,Morgan,Williams
7608,Casey,Jones
7609,Taylor,Jones
7610,Morgan,Johnson
7611,Morgan,Williams
7612,Taylor,Brown
7613,Taylor,Johnson
7614,Alex,Jones
7615,Alex,Smith
7616,Morgan,Johnson
7617,Taylor,Johnson
7618,Taylor,Johnson
7619,Taylor,Johnson
7620,Jordan,Smith
7621,Casey,Johnson
7622,Alex,Smith
7623,Jordan,Jones
7624,Jordan,Williams
7625,Casey,Smith
7626,Alex,Johnson
7627,Taylor,Jones
7628,Casey,Brown
7629,Casey,Brown
7630,Taylor,Williams
7631,Alex,Johnson
7632,Casey,Johnson
7633,Alex,Johnson
7634,Jordan,Williams
7635,Taylor,Jones
7636,Casey,Johnson
7637,Taylor,Jones
7638,Alex,Jones
7639,Jordan,Jones
7640,Alex,Jones
7641,Jordan,Williams
7642,Alex,Jones
7643,Jordan,Williams
7644,Morgan,Brown
7645,Jordan,Williams
7646,Morgan,Jones
7647,Alex,Smith
7648,Casey,Smith
7649,Taylor,Smith
7650,Casey,Williams
7651,Morgan,Johnson
7652,Casey,Brown
7653,Taylor,Brown
7654,Taylor,Johnson
7655,Jordan,Johnson
7656,Alex,Smith
7657,Morgan,Williams
7658,Jordan,Brown
7659,Alex,Jones
7660,Jordan,Johnson
7661,Jordan,Johnson
7662,Morgan,Williams
7663,Alex,Williams
7664,Casey,Williams
7665,Alex,Brown
7666,Casey,Jones
7667,Morgan,Williams
7668,Casey,Jones
7669,Morgan,Jones
7670,Jordan,Jones
7671,Jordan,Johnson
7672,Alex,Smith
7673,Jordan,Jones
7674,Taylor,Smith
7675,Taylor,Jones
7676,Morgan,Johnson
7677,Alex,Williams
7678,Taylor,Jones
7679,Casey,Johnson
7680,Taylor,Jones
7681,Jordan,Smith
7682,Jordan,Smith
7683,Taylor,Brown
7684,Jordan,Jones
7685,Alex,Johnson
7686,Casey,Brown
7687,Jordan,Brown
7688,Jordan,Williams
7689,Alex,Jones
7690,Jordan,Jones
7691,Alex,Johnson
7692,Casey,Williams
7693,Morgan,Jones
7694,Alex,Johnson
7695,Casey,Williams
7696,Taylor,Williams
7697,Casey,Jones
7698,Jordan,Williams
7699,Morgan,Johnson
7700,Casey,Jones
7701,Casey,Johnson
7702,Alex,Johnson
7703,Casey,Brown
7704,Alex,Jones
7705,Jordan,Williams
7706,Alex,Jones
7707,Taylor,Johnson
7708,Casey,Smith
7709,Jordan,Jones
7710,Morgan,Brown
7711,Casey,Johnson
7712,Jordan,Johnson
7713,Alex,Williams
7714,Casey,Johnson
7715,Alex,Williams
7716,Taylor,Johnson
7717,Taylor,Jones
7718,Taylor,Smith
7719,Taylor,Jones
7720,Taylor,Johnson
7721,Morgan,Williams
7722,Jordan,Jones
7723,Jordan,Brown
7724,Taylor,Brown
7725,Morgan,Williams
7726,Taylor,Johnson
7727,Taylor,Brown
7728,Casey,Williams
7729,Jordan,Smith
7730,Taylor,Jones
7731,Casey,Jones
7732,Taylor,Smith
7733,Taylor,Johnson
7734,Casey,Jones
7735,Taylor,Jones
7736,Casey,Smith
7737,Casey,Williams
7738,Casey,Williams
7739,Casey,Williams
7740,Casey,Brown
7741,Casey,Jones
7742,Taylor,Smith
7743,Taylor,Brown
7744,Jordan,Williams
7745,Jordan,Johnson
7746,Taylor,Brown
7747,Casey,Smith
7748,Morgan,Williams
7749,Casey,Jones
7750,Casey,Jones
7751,Taylor,Jones
7752,Morgan,Smith
7753,Morgan,Johnson
7754,Jordan,Smith
7755,Jordan,Jones
7756,Alex,Jones
7757,Jordan,Brown
7758,Morgan,Brown
7759,Alex,Smith
7760,Alex,Smith
7761,Alex,Brown
7762,Taylor,Smith
7763,Jordan,Smith
7764,Alex,Brown
7765,Casey,Jones
7766,Morgan,Jones
7767,Alex,Johnson
7768,Alex,Jones
7769,Morgan,Johnson
7770,Morgan,Jones
7771,Jordan,Jones
7772,Morgan,Jones
7773,Morgan,Brown
7774,Jordan,Brown
7775,Alex,Smith
7776,Jordan,Johnson
7777,Jordan,Jones
7778,Casey,Smith
7779,Alex,Williams
7780,Jordan,Jones
7781,Casey,Jones
7782,Morgan,Williams
7783,Alex,Johnson
7784,Morgan,Williams
7785,Casey,Williams
7786,Jordan,Jones
7787,Alex,Williams
7788,Morgan,Smith
7789,Jordan,Brown
7790,Alex,Johnson
7791,Morgan,Brown
7792,Casey,Jones
7793,Taylor,Johnson
7794,Casey,Jones
7795,Morgan,Brown
7796,Alex,Smith
7797,Morgan,Williams
7798,Taylor,Johnson
7799,Casey,Williams
7800,Morgan,Brown
7801,Morgan,Smith
7802,Morgan,Williams
7803,Casey,Johnson
7804,Morgan,Smith
7805,Alex,Smith
7806,Casey,Jones
7807,Casey,Williams
7808,Jordan,Williams
7809,Alex,Brown
7810,Casey,Brown
7811,Jordan,Smith
7812,Casey,Williams
7813,Morgan,Williams
7814,Alex,Brown
7815,Casey,Williams
7816,Alex,Smith
7817,Taylor,Johnson
7818,Alex,Brown
7819,Taylor,Smith
7820,Jordan,Jones
7821,Alex,Smith
7822,Taylor,Brown
7823,Casey,Jones
7824,Morgan,Smith
7825,Casey,Smith
7826,Jordan,Williams
7827,Casey,Smith
7828,Taylor,Brown
7829,Taylor,Williams
7830,Casey,Johnson
7831,Alex,Jones
7832,Casey,Smith
7833,Morgan,Brown
7834,Alex,Brown
7835,Alex,Williams
7836,Jordan,Williams
7837,Alex,Williams
7838,Taylor,Williams
7839,Alex,Smith
7840,Taylor,Jones
7841,Taylor,Williams
7842,Taylor,Smith
7843,Alex,Jones
7844,Casey,Smith
7845,Morgan,Johnson
7846,Taylor,Jones
7847,Casey,Williams
7848,Casey,Jones
7849,Alex,Jones
7850,Taylor,Jones
7851,Morgan,Brown
7852,Alex,Johnson
7853,Taylor,Williams
7854,Jordan,Smith
7855,Taylor,Smith
7856,Morgan,Smith
7857,Alex,Jones
7858,Taylor,Jones
7859,Jordan,Johnson
7860,Morgan,Brown
7861,Taylor,Smith
7862,Morgan,Smith
7863,Casey,Jones
7864,Jordan,Brown
7865,Alex,Smith
7866,Jordan,Johnson
7867,Jordan,Smith
7868,Alex,Smith
7869,Jordan,Johnson
7870,Alex,Smith
7871,Casey,Jones
7872,Casey,Jones
7873,Alex,Smith
7874,Morgan,Smith
7875,Jordan,Brown
7876,Casey,Johnson
7877,Jordan,Jones
7878,Morgan,Brown
7879,Taylor,Smith
7880,Taylor,Brown
7881,Jordan,Smith
7882,Taylor,Williams
7883,Alex,Johnson
7884,Jordan,Jones
7885,Morgan,Smith
7886,Morgan,Brown
7887,Morgan,Smith
7888,Taylor,Williams
7889,Taylor,Brown
7890,Alex,Williams
7891,Jordan,Williams
7892,Alex,Jones
7893,Jordan,Jones
7894,Taylor,Brown
7895,Casey,Jones
7896,Casey,Brown
7897,Morgan,Williams
7898,Casey,Jones
7899,Morgan,Johnson
7900,Morgan,Smith
7901,Casey,Williams
7902,Taylor,Williams
7903,Taylor,Smith
7904,Alex,Williams
7905,Jordan,Jones
7906,Taylor,Jones
7907,Morgan,Smith
7908,Casey,Johnson
7909,Alex,Williams
7910,Jordan,Johnson
7911,Alex,Smith
7912,Alex,Williams
7913,Jordan,Williams
7914,Jordan,Brown
7915,Jordan,Jones
7916,Jordan,Smith
7917,Casey,Jones
7918,Morgan,Brown
7919,Taylor,Williams
7920,Alex,Williams
7921,Morgan,Johnson
7922,Alex,Brown
7923,Casey,Jones
7924,Jordan,Johnson
7925,Casey,Williams
7926,Jordan,Johnson
7927,Casey,Johnson
7928,Casey,Jones
7929,Casey,Smith
7930,Jordan,Jones
7931,Morgan,Williams
7932,Casey,Smith
7933,Jordan,Smith
7934,Jordan,Brown
7935,Alex,Brown
7936,Taylor,Jones
7937,Taylor,Brown
7938,Taylor,Jones
7939,Alex,Brown
7940,Jordan,Brown
7941,Taylor,Williams
7942,Morgan,Johnson
7943,Casey,Jones
7944,Casey,Brown
7945,Taylor,Williams
7946,Taylor,Brown
7947,Taylor,Johnson
7948,Morgan,Brown
7949,Alex,Johnson
7950,Taylor,Johnson
7951,Alex,Johnson
7952,Morgan,Smith
7953,Jordan,Jones
7954,Casey,Johnson
7955,Casey,Smith
7956,Taylor,Smith
7957,Casey,Williams
7958,Morgan,Williams
7959,Jordan,Brown
7960,Jordan,Brown
7961,Jordan,Williams
7962,Taylor,Williams
7963,Taylor,Johnson
7964,Alex,Williams
7965,Morgan,Jones
7966,Jordan,Smith
7967,Alex,Brown
7968,Casey,Smith
7969,Taylor,Brown
7970,Morgan,Johnson
7971,Taylor,Smith
7972,Alex,Jones
7973,Jordan,Williams
7974,Morgan,Johnson
7975,Casey,Jones
7976,Morgan,Brown
7977,Casey,Brown
7978,Jordan,Jones
7979,Casey,Johnson
7980,Casey,Brown
7981,Casey,Brown
7982,Morgan,Jones
7983,Jordan,Jones
7984,Casey,Johnson
7985,Alex,Johnson
7986,Alex,Jones
7987,Casey,Williams
7988,Jordan,Williams
7989,Casey,Smith
7990,Taylor,Jones
7991,Morgan,Smith
7992,Alex,Johnson
7993,Casey,Smith
7994,Morgan,Jones
7995,Jordan,Johnson
7996,Taylor,Williams
7997,Morgan,Williams
7998,Jordan,Brown
7999,Morgan,Williams
8000,Morgan,Jones
8001,Jordan,Williams
8002,Jordan,Brown
8003,Casey,Williams
8004,Alex,Williams
8005,Morgan,Williams
8006,Taylor,Smith
8007,Alex,Smith
8008,Morgan,Williams
8009,Taylor,Brown
8010,Jordan,Jones
8011,Alex,Johnson
8012,Casey,Johnson
8013,Casey,Williams
8014,Casey,Jones
8015,Morgan,Jones
8016,Casey,Brown
8017,Jordan,Brown
8018,Casey,Brown
8019,Alex,Jones
8020,Alex,Jones
8021,Taylor,Brown
8022,Casey,Johnson
8023,Jordan,Johnson
8024,Casey,Williams
8025,Morgan,Williams
8026,Morgan,Johnson
8027,Jordan,Jones
8028,Jordan,Jones
8029,Taylor,Johnson
8030,Casey,Williams
8031,Taylor,Johnson
8032,Alex,Williams
8033,Morgan,Brown
8034,Taylor,Williams
8035,Jordan,Jones
8036,Jordan,Williams
8037,Casey,Brown
8038,Alex,Brown
8039,Alex,Smith
8040,Taylor,Smith
8041,Morgan,Williams
8042,Taylor,Jones
8043,Taylor,Williams
8044,Alex,Smith
8045,Taylor,Johnson
8046,Alex,Smith
8047,Jordan,Jones
8048,Jordan,Smith
8049,Jordan,Smith
8050,Taylor,Brown
8051,Alex,Jones
8052,Taylor,Johnson
8053,Casey,Brown
8054,Jordan,Williams
8055,Jordan,Williams
8056,Taylor,Jones
8057,Alex,Jones
8058,Jordan,Jones
8059,Morgan,Jones
8060,Jordan,Williams
8061,Casey,Brown
8062,Casey,Johnson
8063,Alex,Johnson
8064,Taylor,Johnson
8065,Alex,Smith
8066,Jordan,Brown
8067,Jordan,Smith
8068,Morgan,Johnson
8069,Morgan,Smith
8070,Casey,Jones
8071,Morgan,Smith
8072,Taylor,Brown
8073,Taylor,Johnson
8074,Morgan,Smith
8075,Taylor,Johnson
8076,Jordan,Johnson
8077,Jordan,Brown
8078,Taylor,Johnson
8079,Taylor,Brown
8080,Alex,Williams
8081,Jordan,Jones
8082,Morgan,Smith
8083,Taylor,Williams
8084,Morgan,Jones
8085,Taylor,Jones
8086,Casey,Brown
8087,Alex,Johnson
8088,Casey,Jones
8089,Alex,Williams
8090,Taylor,Brown
8091,Casey,Smith
8092,Casey,Jones
8093,Jordan,Williams
8094,Casey,Brown
8095,Taylor,Jones
8096,Taylor,Brown
8097,Jordan,Johnson
8098,Morgan,Smith
8099,Alex,Brown
8100,Jordan,Johnson
8101,Jordan,Johnson
8102,Morgan,Jones
8103,Alex,Williams
8104,Jordan,Smith
8105,Morgan,Smith
8106,Taylor,Johnson
8107,Alex,Williams
8108,Jordan,Smith
8109,Jordan,Smith
8110,Morgan,Smith
8111,Casey,Williams
8112,Casey,Smith
8113,Casey,Jones
8114,Jordan,Smith
8115,Alex,Williams
8116,Morgan,Brown
8117,Jordan,Brown
8118,Casey,Williams
8119,Taylor,Johnson
8120,Taylor,Johnson
8121,Alex,Jones
8122,Taylor,Jones
8123,Taylor,Brown
8124,Taylor,Williams
8125,Taylor,Brown
8126,Casey,Jones
8127,Taylor,Smith
8128,Casey,Williams
8129,Alex,Smith
8130,Taylor,Smith
8131,Alex,Brown
8132,Jordan,Brown
8133,Morgan,Jones
8134,Morgan,Jones
8135,Jordan,Williams
8136,Taylor,Williams
8137,Morgan,Smith
8138,Alex,Smith
8139,Morgan,Brown
8140,Taylor,Johnson
8141,Morgan,Brown
8142,Alex,Johnson
8143,Casey,Smith
8144,Jordan,Jones
8145,Jordan,Brown
8146,Taylor,Jones
8147,Casey,Williams
8148,Casey,Smith
8149,Taylor,Smith
8150,Taylor,Johnson
8151,Morgan,Smith
8152,Jordan,Williams
8153,Taylor,Johnson
8154,Jordan,Brown
8155,Morgan,Smith
8156,Casey,Williams
8157,Taylor,Smith
8158,Jordan,Johnson
8159,Morgan,Smith
8160,Morgan,Williams
8161,Jordan,Jones
8162,Alex,Jones
8163,Alex,Johnson
8164,Morgan,Brown
8165,Casey,Johnson
8166,Casey,Brown
8167,Jordan,Johnson
8168,Alex,Smith
8169,Jordan,Williams
8170,Taylor,Brown
8171,Taylor,Brown
8172,Alex,Johnson
8173,Alex,Brown
8174,Jordan,Jones
8175,Taylor,Brown
8176,Morgan,Brown
8177,Casey,Smith
8178,Jordan,Brown
8179,Taylor,Smith
8180,Morgan,Smith
8181,Casey,Jones
8182,Jordan,Williams
8183,Taylor,Smith
8184,Alex,Brown
8185,Alex,Jones
8186,Taylor,Williams
8187,Taylor,Jones
8188,Jordan,Brown
8189,Taylor,Smith
8190,Jordan,Smith
8191,Morgan,Brown
8192,Taylor,Williams
8193,Morgan,Brown
8194,Morgan,Smith
8195,Casey,Johnson
8196,Taylor,Brown
8197,Casey,Brown
8198,Taylor,Johnson
8199,Taylor,Brown
8200,Alex,Jones
8201,Jordan,Williams
8202,Jordan,Smith
8203,Alex,Smith
8204,Morgan,Williams
8205,Taylor,Smith
8206,Taylor,Johnson
8207,Morgan,Jones
8208,Taylor,Brown
8209,Morgan,Jones
8210,Casey,Williams
8211,Morgan,Johnson
8212,Alex,Smith
8213,Morgan,Brown
8214,Taylor,Williams
8215,Casey,Williams
8216,Jordan,Smith
8217,Morgan,Jones
8218,Casey,Johnson
8219,Morgan,Smith
8220,Taylor,Williams
8221,Jordan,Jones
8222,Morgan,Johnson
8223,Taylor,Brown
8224,Casey,Smith
8225,Casey,Brown
8226,Jordan,Smith
8227,Taylor,Williams
8228,Casey,Brown
8229,Casey,Smith
8230,Jordan,Williams
8231,Alex,Jones
8232,Taylor,Johnson
8233,Taylor,Smith
8234,Casey,Jones
8235,Taylor,Smith
8236,Morgan,Williams
8237,Alex,Brown
8238,Jordan,Jones
8239,Alex,Smith
8240,Morgan,Smith
8241,Taylor,Jones
8242,Taylor,Smith
8243,Morgan,Jones
8244,Casey,Smith
8245,Casey,Jones
8246,Jordan,Smith
8247,Casey,Johnson
8248,Alex,Williams
8249,Casey,Johnson
8250,Taylor,Brown
8251,Jordan,Jones
8252,Morgan,Jones
8253,Alex,Johnson
8254,Morgan,Johnson
8255,Morgan,Smith
8256,Taylor,Williams
8257,Morgan,Jones
8258,Casey,Johnson
8259,Alex,Brown
8260,Morgan,Smith
8261,Taylor,Jones
8262,Jordan,Brown
8263,Alex,Williams
8264,Casey,Williams
8265,Morgan,Smith
8266,Morgan,Johnson
8267,Alex,Brown
8268,Taylor,Smith
8269,Morgan,Brown
8270,Morgan,Williams
8271,Morgan,Williams
8272,Morgan,Jones
8273,Jordan,Johnson
8274,Casey,Smith
8275,Taylor,Smith
8276,Taylor,Smith
8277,Taylor,Johnson
8278,Jordan,Jones
8279,Jordan,Jones
8280,Taylor,Brown
8281,Jordan,Jones
8282,Morgan,Smith
8283,Jordan,Jones
8284,Taylor,Johnson
8285,Alex,Johnson
8286,Jordan,Brown
8287,Taylor,Johnson
8288,Morgan,Smith
8289,Morgan,Brown
8290,Morgan,Smith
8291,Jordan,Brown
8292,Morgan,Smith
8293,Jordan,Smith
8294,Taylor,Brown
8295,Casey,Brown
8296,Alex,Smith
8297,Morgan,Johnson
8298,Casey,Smith
8299,Jordan,Brown
8300,Casey,Williams
8301,Alex,Johnson
8302,Taylor,Brown
8303,Morgan,Williams
8304,Morgan,Johnson
8305,Jordan,Jones
8306,Alex,Brown
8307,Morgan,Brown
8308,Morgan,Johnson
8309,Morgan,Smith
8310,Alex,Smith
8311,Alex,Jones
8312,Jordan,Jones
8313,Jordan,Williams
8314,Morgan,Brown
8315,Jordan,Johnson
8316,Casey,Williams
8317,Jordan,Williams
8318,Taylor,Jones
8319,Taylor,Williams
8320,Alex,Brown
8321,Alex,Jones
8322,Jordan,Brown
8323,Jordan,Brown
8324,Jordan,Williams
8325,Taylor,Smith
8326,Casey,Johnson
8327,Taylor,Smith
8328,Taylor,Smith
8329,Morgan,Smith
8330,Taylor,Smith
8331,Alex,Jones
8332,Jordan,Williams
8333,Jordan,Smith
8334,Jordan,Johnson
8335,Alex,Jones
8336,Morgan,Brown
8337,Jordan,Williams
8338,Jordan,Brown
8339,Morgan,Johnson
8340,Alex,Williams
8341,Jordan,Johnson
8342,Casey,Smith
8343,Morgan,Jones
8344,Jordan,Johnson
8345,Alex,Brown
8346,Taylor,Jones
8347,Casey,Jones
8348,Morgan,Brown
8349,Morgan,Smith
8350,Alex,Smith
8351,Taylor,Williams
8352,Taylor,Williams
8353,Taylor,Jones
8354,Casey,Williams
8355,Jordan,Williams
8356,Alex,Jones
8357,Morgan,Jones
8358,Taylor,Williams
8359,Morgan,Jones
8360,Jordan,Jones
8361,Alex,Johnson
8362,Alex,Williams
8363,Jordan,Johnson
8364,Taylor,Brown
8365,Alex,Brown
8366,Morgan,Smith
8367,Jordan,Smith
8368,Morgan,Brown
8369,Alex,Johnson
8370,Alex,Smith
8371,Alex,Williams
8372,Taylor,Johnson
8373,Jordan,Johnson
8374,Alex,Williams
8375,Morgan,Johnson
8376,Alex,Jones
8377,Taylor,Brown
8378,Morgan,Smith
8379,Jordan,Smith
8380,Taylor,Johnson
8381,Jordan,Smith
8382,Alex,Williams
8383,Jordan,Jones
8384,Alex,Jones
8385,Alex,Jones
8386,Jordan,Smith
8387,Taylor,Johnson
8388,Morgan,Jones
8389,Morgan,Brown
8390,Jordan,Johnson
8391,Morgan,Smith
8392,Morgan,Johnson
8393,Casey,Brown
8394,Taylor,Johnson
8395,Taylor,Williams
8396,Morgan,Williams
8397,Casey,Williams
8398,Morgan,Johnson
8399,Taylor,Smith
8400,Alex,Brown
8401,Taylor,Jones
8402,Alex,Jones
8403,Casey,Williams
8404,Casey,Williams
8405,Taylor,Smith
8406,Morgan,Jones
8407,Taylor,Brown
8408,Alex,Williams
8409,Casey,Smith
8410,Casey,Johnson
8411,Jordan,Johnson
8412,Alex,Jones
8413,Alex,Johnson
8414,Morgan,Jones
8415,Casey,Brown
8416,Alex,Brown
8417,Morgan,Johnson
8418,Alex,Smith
8419,Jordan,Williams
8420,Morgan,Johnson
8421,Taylor,Williams
8422,Alex,Williams
8423,Jordan,Williams
8424,Alex,Brown
8425,Casey,Jones
8426,Morgan,Brown
8427,Alex,Brown
8428,Casey,Williams
8429,Jordan,Brown
8430,Taylor,Smith
8431,Alex,Williams
8432,Casey,Smith
8433,Morgan,Williams
8434,Jordan,Smith
8435,Jordan,Williams
8436,Alex,Brown
8437,Jordan,Williams
8438,Casey,Brown
8439,Jordan,Smith
8440,Morgan,Johnson
8441,Jordan,Jones
8442,Casey,Smith
8443,Alex,Williams
8444,Jordan,Jones
8445,Alex,Smith
8446,Taylor,Johnson
8447,Jordan,Brown
8448,Taylor,Johnson
8449,Jordan,Smith
8450,Casey,Brown
8451,Jordan,Jones
8452,Alex,Williams
8453,Alex,Brown
8454,Casey,Williams
8455,Morgan,Williams
8456,Jordan,Smith
8457,Alex,Williams
8458,Casey,Smith
8459,Taylor,Smith
8460,Casey,Jones
8461,Jordan,Williams
8462,Morgan,Brown
8463,Morgan,Williams
8464,Casey,Brown
8465,Casey,Brown
8466,Taylor,Williams
8467,Morgan,Brown
8468,Casey,Jones
8469,Taylor,Jones
8470,Casey,Brown
8471,Jordan,Brown
8472,Taylor,Smith
8473,Taylor,Smith
8474,Jordan,Williams
8475,Taylor,Jones
8476,Alex,Jones
8477,Morgan,Brown
8478,Casey,Jones
8479,Morgan,Jones
8480,Alex,Brown
8481,Alex,Jones
8482,Morgan,Brown
8483,Morgan,Brown
8484,Morgan,Williams
8485,Casey,Johnson
8486,Casey,Jones
8487,Morgan,Brown
8488,Taylor,Jones
8489,Taylor,Williams
8490,Morgan,Williams
8491,Morgan,Jones
8492,Casey,Smith
8493,Morgan,Smith
8494,Alex,Johnson
8495,Morgan,Williams
8496,Alex,Jones
8497,Morgan,Smith
8498,Casey,Jones
8499,Alex,Brown
8500,Morgan,Johnson
8501,Taylor,Smith
8502,Jordan,Jones
8503,Alex,Brown
8504,Taylor,Smith
8505,Alex,Smith
8506,Morgan,Smith
8507,Casey,Johnson
8508,Morgan,Jones
8509,Jordan,Brown
8510,Jordan,Brown
8511,Taylor,Brown
8512,Jordan,Jones
8513,Alex,Jones
8514,Casey,Brown
8515,Jordan,Jones
8516,Alex,Smith
8517,Taylor,Johnson
8518,Alex,Williams
8519,Jordan,Williams
8520,Morgan,Johnson
8521,Casey,Williams
8522,Jordan,Brown
8523,Alex,Johnson
8524,Casey,Johnson
8525,Casey,Brown
8526,Morgan,Smith
8527,Morgan,Smith
8528,Alex,Williams
8529,Morgan,Jones
8530,Alex,Brown
8531,Casey,Brown
8532,Casey,Brown
8533,Alex,Williams
8534,Casey,Williams
8535,Jordan,Brown
8536,Taylor,Smith
8537,Casey,Johnson
8538,Alex,Smith
8539,Jordan,Jones
8540,Taylor,Smith
8541,Jordan,Williams
8542,Jordan,Brown
8543,Morgan,Brown
8544,Casey,Johnson
8545,Casey,Williams
8546,Taylor,Jones
8547,Alex,Brown
8548,Taylor,Jones
8549,Alex,Johnson
8550,Alex,Smith
8551,Jordan,Smith
8552,Alex,Jones
8553,Jordan,Jones
8554,Morgan,Brown
8555,Alex,Williams
8556,Jordan,Johnson
8557,Alex,Williams
8558,Morgan,Brown
8559,Taylor,Jones
8560,Taylor,Brown
8561,Taylor,Johnson
8562,Jordan,Smith
8563,Morgan,Johnson
8564,Alex,Smith
8565,Morgan,Smith
8566,Alex,Brown
8567,Taylor,Brown
8568,Alex,Johnson
8569,Jordan,Williams
8570,Casey,Brown
8571,Taylor,Brown
8572,Casey,Jones
8573,Morgan,Jones
8574,Taylor,Smith
8575,Taylor,Brown
8576,Morgan,Smith
8577,Alex,Brown
8578,Jordan,Williams
8579,Morgan,Smith
8580,Casey,Brown
8581,Morgan,Jones
8582,Casey,Johnson
8583,Casey,Brown
8584,Morgan,Johnson
8585,Casey,Brown
8586,Taylor,Brown
8587,Jordan,Smith
8588,Casey,Williams
8589,Alex,Johnson
8590,Jordan,Jones
8591,Morgan,Smith
8592,Jordan,Williams
8593,Casey,Johnson
8594,Alex,Johnson
8595,Taylor,Smith
8596,Morgan,Williams
8597,Morgan,Johnson
8598,Casey,Smith
8599,Jordan,Brown
8600,Alex,Smith
8601,Jordan,Jones
8602,Jordan,Brown
8603,Taylor,Smith
8604,Casey,Jones
8605,Taylor,Brown
8606,Jordan,Jones
8607,Jordan,Jones
8608,Morgan,Williams
8609,Taylor,Smith
8610,Alex,Jones
8611,Casey,Brown
8612,Alex,Johnson
8613,Casey,Jones
8614,Morgan,Jones
8615,Taylor,Brown
8616,Casey,Williams
8617,Jordan,Brown
8618,Casey,Jones
8619,Jordan,Johnson
8620,Morgan,Jones
8621,Morgan,Williams
8622,Taylor,Johnson
8623,Alex,Smith
8624,Taylor,Brown
8625,Jordan,Brown
8626,Taylor,Smith
8627,Taylor,Jones
8628,Alex,Williams
8629,Alex,Johnson
8630,Morgan,Jones
8631,Casey,Williams
8632,Casey,Williams
8633,Alex,Johnson
8634,Casey,Smith
8635,Morgan,Williams
8636,Alex,Smith
8637,Taylor,Smith
8638,Jordan,Williams
8639,Morgan,Williams
8640,Taylor,Williams
8641,Taylor,Jones
8642,Taylor,Smith
8643,Jordan,Williams
8644,Taylor,Jones
8645,Morgan,Jones
8646,Alex,Brown
8647,Taylor,Jones
8648,Jordan,Smith
8649,Alex,Johnson
8650,Jordan,Williams
8651,Alex,Williams
8652,Jordan,Williams
8653,Taylor,Williams
8654,Morgan,Brown
8655,Alex,Williams
8656,Taylor,Williams
8657,Alex,Smith
8658,Taylor,Brown
8659,Jordan,Jones
8660,Alex,Smith
8661,Casey,Brown
8662,Casey,Williams
8663,Morgan,Smith
8664,Jordan,Johnson
8665,Casey,Johnson
8666,Jordan,Jones
8667,Taylor,Brown
8668,Morgan,Williams
8669,Jordan,Brown
8670,Jordan,Jones
8671,Casey,Williams
8672,Alex,Smith
8673,Morgan,Williams
8674,Jordan,Jones
8675,Alex,Johnson
8676,Taylor,Williams
8677,Jordan,Brown
8678,Taylor,Jones
8679,Alex,Brown
8680,Casey,Smith
8681,Morgan,Johnson
8682,Jordan,Brown
8683,Taylor,Jones
8684,Jordan,Smith
8685,Casey,Smith
8686,Morgan,Williams
8687,Casey,Johnson
8688,Casey,Williams
8689,Taylor,Smith
8690,Alex,Smith
8691,Taylor,Johnson
8692,Casey,Brown
8693,Morgan,Johnson
8694,Casey,Brown
8695,Morgan,Jones
8696,Alex,Johnson
8697,Taylor,Williams
8698,Jordan,Williams
8699,Alex,Jones
8700,Taylor,Brown
8701,Casey,Jones
8702,Morgan,Jones
8703,Morgan,Johnson
8704,Alex,Jones
8705,Alex,Jones
8706,Casey,Williams
8707,Jordan,Jones
8708,Morgan,Brown
8709,Casey,Jones
8710,Taylor,Brown
8711,Jordan,Brown
8712,Taylor,Williams
8713,Alex,Brown
8714,Jordan,Williams
8715,Alex,Johnson
8716,Taylor,Smith
8717,Casey,Brown
8718,Casey,Williams
8719,Casey,Williams
8720,Taylor,Johnson
8721,Jordan,Johnson
8722,Casey,Williams
8723,Casey,Smith
8724,Morgan,Jones
8725,Casey,Johnson
8726,Jordan,Jones
8727,Alex,Jones
8728,Jordan,Jones
8729,Morgan,Brown
8730,Jordan,Smith
8731,Taylor,Brown
8732,Morgan,Smith
8733,Jordan,Jones
8734,Alex,Smith
8735,Taylor,Brown
8736,Casey,Johnson
8737,Taylor,Smith
8738,Morgan,Johnson
8739,Taylor,Williams
8740,Morgan,Brown
8741,Alex,Jones
8742,Alex,Williams
8743,Casey,Brown
8744,Taylor,Williams
8745,Alex,Johnson
8746,Jordan,Smith
8747,Casey,Johnson
8748,Morgan,Brown
8749,Casey,Williams
8750,Taylor,Smith
8751,Morgan,Jones
8752,Jordan,Smith
8753,Jordan,Jones
8754,Taylor,Smith
8755,Alex,Brown
8756,Casey,Williams
8757,Morgan,Smith
8758,Casey,Williams
8759,Casey,Smith
8760,Jordan,Williams
8761,Morgan,Williams
8762,Morgan,Smith
8763,Alex,Brown
8764,Morgan,Williams
8765,Jordan,Brown
8766,Taylor,Williams
8767,Alex,Brown
8768,Jordan,Smith
8769,Jordan,Brown
8770,Casey,Jones
8771,Taylor,Brown
8772,Taylor,Brown
8773,Morgan,Smith
8774,Jordan,Brown
8775,Taylor,Smith
8776,Morgan,Brown
8777,Taylor,Williams
8778,Morgan,Johnson
8779,Alex,Johnson
8780,Casey,Johnson
8781,Alex,Jones
8782,Taylor,Smith
8783,Alex,Jones
8784,Taylor,Jones
8785,Morgan,Brown
8786,Jordan,Jones
8787,Alex,Jones
8788,Jordan,Jones
8789,Taylor,Brown
8790,Morgan,Williams
8791,Morgan,Johnson
8792,Casey,Williams
8793,Taylor,Williams
8794,Morgan,Brown
8795,Alex,Williams
8796,Morgan,Jones
8797,Casey,Williams
8798,Alex,Smith
8799,Taylor,Williams
8800,Taylor,Johnson
8801,Jordan,Smith
8802,Casey,Smith
8803,Casey,Johnson
8804,Morgan,Smith
8805,Casey,Brown
8806,Jordan,Brown
8807,Morgan,Williams
8808,Alex,Smith
8809,Casey,Smith
8810,Jordan,Smith
8811,Alex,Brown
8812,Morgan,Brown
8813,Alex,Williams
8814,Morgan,Williams
8815,Casey,Jones
8816,Jordan,Brown
8817,Alex,Brown
8818,Casey,Smith
8819,Jordan,Jones
8820,Morgan,Johnson
8821,Morgan,Smith
8822,Morgan,Brown
8823,Casey,Jones
8824,Morgan,Brown
8825,Jordan,Jones
8826,Casey,Williams
8827,Casey,Johnson
8828,Jordan,Jones
8829,Alex,Brown
8830,Jordan,Johnson
8831,Alex,Johnson
8832,Morgan,Smith
8833,Taylor,Smith
8834,Taylor,Johnson
8835,Taylor,Brown
8836,Casey,Jones
8837,Taylor,Smith
8838,Morgan,Johnson
8839,Alex,Johnson
8840,Morgan,Williams
8841,Taylor,Jones
8842,Casey,Brown
8843,Alex,Johnson
8844,Jordan,Jones
8845,Alex,Williams
8846,Alex,Smith
8847,Taylor,Jones
8848,Morgan,Jones
8849,Jordan,Williams
8850,Jordan,Brown
8851,Alex,Brown
8852,Jordan,Williams
8853,Casey,Smith
8854,Casey,Johnson
8855,Morgan,Brown
8856,Casey,Jones
8857,Alex,Williams
8858,Jordan,Jones
8859,Jordan,Williams
8860,Alex,Jones
8861,Jordan,Smith
8862,Alex,Johnson
8863,Jordan,Brown
8864,Casey,Smith
8865,Morgan,Smith
8866,Taylor,Smith
8867,Jordan,Smith
8868,Casey,Williams
8869,Alex,Brown
8870,Alex,Williams
8871,Casey,Williams
8872,Jordan,Johnson
8873,Morgan,Johnson
8874,Taylor,Johnson
8875,Morgan,Williams
8876,Jordan,Williams
8877,Alex,Williams
8878,Casey,Smith
8879,Jordan,Smith
8880,Jordan,Smith
8881,Jordan,Williams
8882,Casey,Williams
8883,Alex,Williams
8884,Alex,Williams
8885,Morgan,Smith
8886,Jordan,Smith
8887,Casey,Johnson
8888,Jordan,Williams
8889,Alex,Brown
8890,Taylor,Johnson
8891,Alex,Smith
8892,Morgan,Williams
8893,Taylor,Brown
8894,Taylor,Jones
8895,Taylor,Jones
8896,Alex,Smith
8897,Taylor,Jones
8898,Casey,Brown
8899,Taylor,Jones
8900,Alex,Jones
8901,Morgan,Williams
8902,Casey,Jones
8903,Morgan,Jones
8904,Casey,Brown
8905,Morgan,Jones
8906,Casey,Brown
8907,Alex,Williams
8908,Morgan,Brown
8909,Jordan,Smith
8910,Casey,Jones
8911,Jordan,Johnson
8912,Jordan,Jones
8913,Morgan,Smith
8914,Casey,Williams
8915,Casey,Brown
8916,Casey,Brown
8917,Jordan,Williams
8918,Alex,Williams
8919,Morgan,Brown
8920,Alex,Johnson
8921,Casey,Smith
8922,Morgan,Williams
8923,Casey,Williams
8924,Casey,Brown
8925,Casey,Smith
8926,Morgan,Jones
8927,Jordan,Brown
8928,Alex,Johnson
8929,Morgan,Smith
8930,Alex,Brown
8931,Morgan,Smith
8932,Taylor,Jones
8933,Jordan,Johnson
8934,Jordan,Williams
8935,Jordan,Smith
8936,Alex,Brown
8937,Alex,Smith
8938,Casey,Smith
8939,Alex,Williams
8940,Alex,Brown
8941,Casey,Smith
8942,Jordan,Williams
8943,Morgan,Johnson
8944,Morgan,Williams
8945,Morgan,Brown
8946,Morgan,Jones
8947,Jordan,Williams
8948,Alex,Jones
8949,Casey,Brown
8950,Jordan,Johnson
8951,Morgan,Jones
8952,Casey,Smith
8953,Morgan,Jones
8954,Jordan,Smith
8955,Casey,Johnson
8956,Jordan,Jones
8957,Alex,Williams
8958,Jordan,Brown
8959,Jordan,Jones
8960,Casey,Williams
8961,Jordan,Johnson
8962,Casey,Jones
8963,Morgan,Brown
8964,Taylor,Brown
8965,Alex,Jones
8966,Taylor,Johnson
8967,Morgan,Jones
8968,Casey,Smith
8969,Jordan,Brown
8970,Taylor,Williams
8971,Jordan,Johnson
8972,Casey,Smith
8973,Taylor,Johnson
8974,Taylor,Williams
8975,Jordan,Brown
8976,Casey,Smith
8977,Taylor,Jones
8978,Casey,Jones
8979,Morgan,Jones
8980,Casey,Jones
8981,Alex,Williams
8982,Morgan,Williams
8983,Morgan,Williams
8984,Taylor,Johnson
8985,Jordan,Brown
8986,Taylor,Johnson
8987,Taylor,Smith
8988,Taylor,Smith
8989,Alex,Jones
8990,Casey,Jones
8991,Morgan,Brown
8992,Taylor,Jones
8993,Morgan,Jones
8994,Casey,Johnson
8995,Morgan,Smith
8996,Jordan,Smith
8997,Casey,Brown
8998,Casey,Brown
8999,Alex,Jones
9000,Morgan,Jones
9001,Morgan,Smith
9002,Taylor,Brown
9003,Alex,Jones
9004,Alex,Johnson
9005,Taylor,Williams
9006,Jordan,Jones
9007,Alex,Williams
9008,Jordan,Smith
9009,Jordan,Brown
9010,Casey,Jones
9011,Casey,Williams
9012,Casey,Brown
9013,Taylor,Williams
9014,Morgan,Jones
9015,Jordan,Johnson
9016,Casey,Johnson
9017,Casey,Brown
9018,Alex,Williams
9019,Taylor,Williams
9020,Casey,Smith
9021,Taylor,Williams
9022,Taylor,Williams
9023,Taylor,Johnson
9024,Jordan,Williams
9025,Morgan,Brown
9026,Jordan,Smith
9027,Alex,Johnson
9028,Taylor,Williams
9029,Alex,Smith
9030,Alex,Jones
9031,Alex,Williams
9032,Casey,Smith
9033,Taylor,Johnson
9034,Casey,Jones
9035,Jordan,Brown
9036,Alex,Brown
9037,Alex,Brown
9038,Taylor,Smith
9039,Taylor,Smith
9040,Taylor,Jones
9041,Morgan,Johnson
9042,Alex,Jones
9043,Jordan,Smith
9044,Morgan,Williams
9045,Jordan,Brown
9046,Morgan,Jones
9047,Jordan,Williams
9048,Casey,Johnson
9049,Casey,Johnson
9050,Morgan,Johnson
9051,Alex,Smith
9052,Morgan,Jones
9053,Morgan,Williams
9054,Morgan,Johnson
9055,Taylor,Williams
9056,Morgan,Williams
9057,Alex,Williams
9058,Jordan,Jones
9059,Jordan,Jones
9060,Jordan,Smith
9061,Morgan,Smith
9062,Casey,Johnson
9063,Taylor,Brown
9064,Morgan,Jones
9065,Casey,Smith
9066,Taylor,Williams
9067,Jordan,Williams
9068,Taylor,Williams
9069,Morgan,Johnson
9070,Morgan,Jones
9071,Jordan,Brown
9072,Taylor,Johnson
9073,Morgan,Smith
9074,Jordan,Johnson
9075,Morgan,Johnson
9076,Taylor,Smith
9077,Morgan,Brown
9078,Morgan,Brown
9079,Casey,Brown
9080,Jordan,Jones
9081,Casey,Johnson
9082,Alex,Jones
9083,Taylor,Smith
9084,Morgan,Johnson
9085,Jordan,Johnson
9086,Alex,Jones
9087,Morgan,Jones
9088,Alex,Smith
9089,Morgan,Jones
9090,Jordan,Johnson
9091,Alex,Smith
9092,Alex,Williams
9093,Casey,Jones
9094,Morgan,Jones
9095,Alex,Jones
9096,Alex,Brown
9097,Casey,Brown
9098,Morgan,Brown
9099,Alex,Johnson
9100,Alex,Johnson
9101,Jordan,Johnson
9102,Jordan,Jones
9103,Morgan,Johnson
9104,Taylor,Smith
9105,Alex,Johnson
9106,Alex,Smith
9107,Morgan,Williams
9108,Morgan,Brown
9109,Casey,Brown
9110,Morgan,Smith
9111,Taylor,Brown
9112,Taylor,Smith
9113,Taylor,Johnson
9114,Casey,Johnson
9115,Morgan,Johnson
9116,Jordan,Jones
9117,Jordan,Jones
9118,Morgan,Johnson
9119,Morgan,Smith
9120,Taylor,Brown
9121,Jordan,Williams
9122,Alex,Williams
9123,Alex,Smith
9124,Casey,Jones
9125,Morgan,Williams
9126,Casey,Brown
9127,Morgan,Williams
9128,Taylor,Smith
9129,Alex,Smith
9130,Alex,Williams
9131,Alex,Brown
9132,Taylor,Brown
9133,Alex,Williams
9134,Alex,Brown
9135,Taylor,Johnson
9136,Jordan,Smith
9137,Taylor,Brown
9138,Morgan,Smith
9139,Alex,Williams
9140,Morgan,Williams
9141,Morgan,Williams
9142,Morgan,Williams
9143,Morgan,Johnson
9144,Morgan,Williams
9145,Morgan,Williams
9146,Alex,Smith
9147,Morgan,Brown
9148,Taylor,Williams
9149,Casey,Brown
9150,Jordan,Johnson
9151,Jordan,Brown
9152,Alex,Brown
9153,Alex,Smith
9154,Taylor,Jones
9155,Casey,Johnson
9156,Casey,Brown
9157,Jordan,Williams
9158,Morgan,Smith
9159,Morgan,Jones
9160,Taylor,Jones
9161,Morgan,Johnson
9162,Jordan,Williams
9163,Casey,Williams
9164,Alex,Johnson
9165,Casey,Brown
9166,Jordan,Brown
9167,Alex,Brown
9168,Morgan,Brown
9169,Casey,Williams
9170,Alex,Williams
9171,Jordan,Jones
9172,Taylor,Brown
9173,Jordan,Jones
9174,Morgan,Jones
9175,Morgan,Williams
9176,Morgan,Johnson
9177,Casey,Smith
9178,Alex,Brown
9179,Taylor,Brown
9180,Casey,Smith
9181,Alex,Brown
9182,Casey,Jones
9183,Casey,Smith
9184,Jordan,Smith
9185,Taylor,Jones
9186,Taylor,Williams
9187,Jordan,Jones
9188,Taylor,Williams
9189,Jordan,Jones
9190,Casey,Johnson
9191,Taylor,Brown
9192,Jordan,Jones
9193,Casey,Smith
9194,Morgan,Jones
9195,Jordan,Jones
9196,Casey,Jones
9197,Morgan,Johnson
9198,Jordan,Williams
9199,Morgan,Johnson
9200,Casey,Johnson
9201,Taylor,Williams
9202,Jordan,Johnson
9203,Alex,Smith
9204,Alex,Jones
9205,Alex,Williams
9206,Casey,Smith
9207,Alex,Williams
9208,Taylor,Smith
9209,Morgan,Jones
9210,Taylor,Johnson
9211,Casey,Williams
9212,Jordan,Brown
9213,Alex,Johnson
9214,Jordan,Jones
9215,Jordan,Jones
9216,Morgan,Johnson
9217,Alex,Brown
9218,Casey,Smith
9219,Alex,Jones
9220,Casey,Jones
9221,Jordan,Johnson
9222,Morgan,Smith
9223,Casey,Jones
9224,Casey,Johnson
9225,Alex,Brown
9226,Alex,Jones
9227,Jordan,Smith
9228,Jordan,Smith
9229,Taylor,Williams
9230,Jordan,Williams
9231,Morgan,Brown
9232,Morgan,Smith
9233,Taylor,Smith
9234,Alex,Brown
9235,Casey,Brown
9236,Morgan,Brown
9237,Jordan,Smith
9238,Casey,Johnson
9239,Taylor,Jones
9240,Taylor,Smith
9241,Morgan,Smith
9242,Jordan,Smith
9243,Morgan,Johnson
9244,Morgan,Johnson
9245,Alex,Brown
9246,Taylor,Smith
9247,Alex,Brown
9248,Casey,Brown
9249,Jordan,Smith
9250,Taylor,Williams
9251,Morgan,Johnson
9252,Casey,Johnson
9253,Jordan,Williams
9254,Morgan,Smith
9255,Morgan,Williams
9256,Jordan,Smith
9257,Alex,Johnson
9258,Taylor,Jones
9259,Casey,Brown
9260,Taylor,Johnson
9261,Taylor,Williams
9262,Jordan,Jones
9263,Alex,Brown
9264,Casey,Smith
9265,Morgan,Smith
9266,Casey,Smith
9267,Jordan,Brown
9268,Casey,Williams
9269,Casey,Brown
9270,Taylor,Smith
9271,Taylor,Jones
9272,Morgan,Johnson
9273,Casey,Jones
9274,Alex,Jones
9275,Taylor,Jones
9276,Taylor,Johnson
9277,Alex,Smith
9278,Morgan,Smith
9279,Jordan,Williams
9280,Taylor,Brown
9281,Taylor,Williams
9282,Jordan,Jones
9283,Casey,Jones
9284,Casey,Williams
9285,Morgan,Brown
9286,Alex,Brown
9287,Casey,Brown
9288,Jordan,Brown
9289,Casey,Williams
9290,Jordan,Johnson
9291,Jordan,Smith
9292,Taylor,Brown
9293,Morgan,Williams
9294,Alex,Jones
9295,Jordan,Jones
9296,Morgan,Johnson
9297,Morgan,Jones
9298,Jordan,Smith
9299,Casey,Brown
9300,Jordan,Smith
9301,Morgan,Smith
9302,Jordan,Smith
9303,Morgan,Brown
9304,Casey,Smith
9305,Jordan,Smith
9306,Casey,Smith
9307,Taylor,Smith
9308,Alex,Jones
9309,Morgan,Williams
9310,Jordan,Brown
9311,Jordan,Jones
9312,Morgan,Williams
9313,Morgan,Jones
9314,Jordan,Jones
9315,Casey,Williams
9316,Casey,Williams
9317,Morgan,Jones
9318,Jordan,Johnson
9319,Taylor,Smith
9320,Alex,Johnson
9321,Casey,Smith
9322,Morgan,Johnson
9323,Casey,Jones
9324,Morgan,Smith
9325,Jordan,Williams
9326,Casey,Brown
9327,Taylor,Brown
9328,Alex,Brown
9329,Jordan,Williams
9330,Alex,Williams
9331,Casey,Johnson
9332,Alex,Brown
9333,Taylor,Jones
9334,Morgan,Johnson
9335,Casey,Smith
9336,Jordan,Smith
9337,Taylor,Jones
9338,Morgan,Johnson
9339,Casey,Johnson
9340,Taylor,Brown
9341,Taylor,Johnson
9342,Jordan,Williams
9343,Alex,Brown
9344,Casey,Johnson
9345,Jordan,Brown
9346,Casey,Jones
9347,Casey,Brown
9348,Morgan,Johnson
9349,Alex,Smith
9350,Morgan,Johnson
9351,Morgan,Johnson
9352,Casey,Johnson
9353,Taylor,Brown
9354,Alex,Brown
9355,Casey,Jones
9356,Alex,Smith
9357,Taylor,Brown
9358,Taylor,Brown
9359,Casey,Brown
9360,Jordan,Johnson
9361,Jordan,Smith
9362,Casey,Johnson
9363,Jordan,Brown
9364,Casey,Williams
9365,Morgan,Williams
9366,Casey,Williams
9367,Jordan,Brown
9368,Alex,Smith
9369,Morgan,Smith
9370,Taylor,Johnson
9371,Taylor,Williams
9372,Alex,Jones
9373,Jordan,Smith
9374,Morgan,Jones
9375,Alex,Smith
9376,Morgan,Williams
9377,Jordan,Brown
9378,Taylor,Smith
9379,Jordan,Brown
9380,Jordan,Johnson
9381,Morgan,Jones
9382,Morgan,Williams
9383,Casey,Jones
9384,Casey,Smith
9385,Casey,Williams
9386,Alex,Williams
9387,Casey,Brown
9388,Taylor,Smith
9389,Alex,Brown
9390,Casey,Williams
9391,Morgan,Brown
9392,Alex,Brown
9393,Jordan,Johnson
9394,Casey,Johnson
9395,Casey,Smith
9396,Alex,Brown
9397,Alex,Brown
9398,Jordan,Williams
9399,Taylor,Jones
9400,Jordan,Williams
9401,Jordan,Smith
9402,Casey,Brown
9403,Casey,Williams
9404,Jordan,Jones
9405,Jordan,Smith
9406,Alex,Jones
9407,Jordan,Johnson
9408,Taylor,Brown
9409,Casey,Johnson
9410,Jordan,Johnson
9411,Casey,Smith
9412,Taylor,Brown
9413,Jordan,Jones
9414,Casey,Williams
9415,Morgan,Williams
9416,Taylor,Brown
9417,Casey,Jones
9418,Taylor,Williams
9419,Morgan,Brown
9420,Alex,Brown
9421,Morgan,Johnson
9422,Jordan,Smith
9423,Morgan,Jones
9424,Casey,Smith
9425,Morgan,Johnson
9426,Alex,Johnson
9427,Taylor,Jones
9428,Alex,Smith
9429,Morgan,Smith
9430,Alex,Brown
9431,Alex,Johnson
9432,Casey,Jones
9433,Taylor,Jones
9434,Alex,Brown
9435,Morgan,Jones
9436,Alex,Johnson
9437,Casey,Brown
9438,Jordan,Williams
9439,Casey,Williams
9440,Taylor,Williams
9441,Casey,Williams
9442,Jordan,Williams
9443,Jordan,Johnson
9444,Casey,Johnson
9445,Alex,Brown
9446,Taylor,Brown
9447,Casey,Brown
9448,Taylor,Smith
9449,Jordan,Johnson
9450,Alex,Williams
9451,Morgan,Williams
9452,Jordan,Jones
9453,Morgan,Williams
9454,Morgan,Jones
9455,Jordan,Jones
9456,Jordan,Jones
9457,Casey,Williams
9458,Taylor,Williams
9459,Alex,Johnson
9460,Alex,Smith
9461,Jordan,Jones
9462,Alex,Jones
9463,Taylor,Williams
9464,Casey,Jones
9465,Taylor,Smith
9466,Taylor,Jones
9467,Alex,Jones
9468,Morgan,Smith
9469,Jordan,Jones
9470,Jordan,Johnson
9471,Casey,Williams
9472,Jordan,Smith
9473,Morgan,Smith
9474,Casey,Smith
9475,Alex,Brown
9476,Alex,Johnson
9477,Morgan,Smith
9478,Casey,Brown
9479,Jordan,Smith
9480,Jordan,Smith
9481,Morgan,Brown
9482,Jordan,Smith
9483,Jordan,Brown
9484,Taylor,Jones
9485,Jordan,Smith
9486,Taylor,Johnson
9487,Casey,Brown
9488,Alex,Brown
9489,Jordan,Williams
9490,Alex,Jones
9491,Jordan,Smith
9492,Jordan,Williams
9493,Casey,Johnson
9494,Morgan,Brown
9495,Jordan,Brown
9496,Morgan,Brown
9497,Alex,Williams
9498,Casey,Johnson
9499,Alex,Smith
9500,Morgan,Brown
9501,Taylor,Johnson
9502,Alex,Brown
9503,Casey,Johnson
9504,Jordan,Jones
9505,Casey,Jones
9506,Taylor,Jones
9507,Morgan,Smith
9508,Taylor,Johnson
9509,Casey,Brown
9510,Alex,Jones
9511,Jordan,Brown
9512,Casey,Jones
9513,Morgan,Smith
9514,Casey,Brown
9515,Casey,Jones
9516,Casey,Johnson
9517,Casey,Johnson
9518,Alex,Jones
9519,Alex,Smith
9520,Jordan,Johnson
9521,Taylor,Williams
9522,Casey,Jones
9523,Taylor,Brown
9524,Morgan,Brown
9525,Jordan,Jones
9526,Morgan,Brown
9527,Casey,Smith
9528,Casey,Williams
9529,Morgan,Johnson
9530,Alex,Johnson
9531,Jordan,Brown
9532,Jordan,Brown
9533,Taylor,Smith
9534,Taylor,Brown
9535,Alex,Brown
9536,Casey,Brown
9537,Casey,Brown
9538,Jordan,Jones
9539,Morgan,Jones
9540,Morgan,Brown
9541,Casey,Smith
9542,Casey,Johnson
9543,Jordan,Smith
9544,Casey,Brown
9545,Morgan,Smith
9546,Alex,Jones
9547,Morgan,Smith
9548,Jordan,Brown
9549,Taylor,Williams
9550,Casey,Smith
9551,Morgan,Brown
9552,Casey,Smith
9553,Morgan,Jones
9554,Jordan,Brown
9555,Taylor,Smith
9556,Casey,Smith
9557,Casey,Jones
9558,Morgan,Jones
9559,Jordan,Smith
9560,Jordan,Jones
9561,Casey,Williams
9562,Morgan,Williams
9563,Morgan,Jones
9564,Casey,Williams
9565,Casey,Williams
9566,Casey,Jones
9567,Alex,Williams
9568,Taylor,Smith
9569,Morgan,Williams
9570,Casey,Johnson
9571,Morgan,Johnson
9572,Casey,Brown
9573,Alex,Jones
9574,Alex,Brown
9575,Casey,Brown
9576,Alex,Johnson
9577,Morgan,Williams
9578,Casey,Williams
9579,Jordan,Jones
9580,Morgan,Jones
9581,Jordan,Jones
9582,Morgan,Johnson
9583,Jordan,Williams
9584,Morgan,Johnson
9585,Jordan,Johnson
9586,Casey,Smith
9587,Morgan,Williams
9588,Alex,Williams
9589,Alex,Jones
9590,Jordan,Williams
9591,Casey,Jones
9592,Jordan,Jones
9593,Morgan,Williams
9594,Morgan,Brown
9595,Alex,Johnson
9596,Morgan,Johnson
9597,Taylor,Jones
9598,Taylor,Johnson
9599,Morgan,Jones
9600,Jordan,Williams
9601,Taylor,Jones
9602,Taylor,Brown
9603,Morgan,Smith
9604,Taylor,Williams
9605,Morgan,Brown
9606,Jordan,Smith
9607,Alex,Jones
9608,Casey,Smith
9609,Taylor,Johnson
9610,Jordan,Johnson
9611,Taylor,Johnson
9612,Casey,Johnson
9613,Morgan,Brown
9614,Casey,Williams
9615,Taylor,Jones
9616,Casey,Williams
9617,Taylor,Johnson
9618,Morgan,Brown
9619,Alex,Brown
9620,Alex,Johnson
9621,Taylor,Johnson
9622,Jordan,Smith
9623,Casey,Jones
9624,Jordan,Williams
9625,Casey,Jones
9626,Morgan,Johnson
9627,Alex,Johnson
9628,Alex,Johnson
9629,Jordan,Brown
9630,Taylor,Johnson
9631,Jordan,Jones
9632,Alex,Williams
9633,Jordan,Smith
9634,Taylor,Jones
9635,Alex,Smith
9636,Taylor,Johnson
9637,Morgan,Johnson
9638,Jordan,Johnson
9639,Casey,Smith
9640,Casey,Smith
9641,Casey,Smith
9642,Jordan,Johnson
9643,Jordan,Smith
9644,Casey,Brown
9645,Jordan,Williams
9646,Jordan,Smith
9647,Morgan,Jones
9648,Morgan,Smith
9649,Alex,Jones
9650,Alex,Brown
9651,Casey,Johnson
9652,Taylor,Brown
9653,Alex,Smith
9654,Jordan,Jones
9655,Alex,Jones
9656,Casey,Smith
9657,Alex,Williams
9658,Jordan,Jones
9659,Jordan,Smith
9660,Alex,Brown
9661,Jordan,Williams
9662,Alex,Johnson
9663,Alex,Smith
9664,Jordan,Jones
9665,Jordan,Williams
9666,Casey,Williams
9667,Jordan,Jones
9668,Jordan,Johnson
9669,Jordan,Brown
9670,Morgan,Jones
9671,Jordan,Johnson
9672,Alex,Brown
9673,Jordan,Jones
9674,Taylor,Smith
9675,Casey,Williams
9676,Jordan,Smith
9677,Jordan,Williams
9678,Alex,Brown
9679,Morgan,Brown
9680,Taylor,Brown
9681,Jordan,Brown
9682,Casey,Jones
9683,Casey,Williams
9684,Morgan,Johnson
9685,Jordan,Johnson
9686,Alex,Jones
9687,Alex,Jones
9688,Jordan,Jones
9689,Jordan,Smith
9690,Morgan,Smith
9691,Jordan,Jones
9692,Jordan,Williams
9693,Casey,Johnson
9694,Casey,Johnson
9695,Taylor,Williams
9696,Alex,Williams
9697,Morgan,Jones
9698,Alex,Johnson
9699,Jordan,Jones
9700,Alex,Brown
9701,Casey,Brown
9702,Alex,Williams
9703,Alex,Johnson
9704,Casey,Brown
9705,Alex,Williams
9706,Jordan,Brown
9707,Alex,Williams
9708,Casey,Johnson
9709,Casey,Jones
9710,Alex,Brown
9711,Alex,Johnson
9712,Jordan,Jones
9713,Morgan,Williams
9714,Casey,Williams
9715,Jordan,Williams
9716,Casey,Johnson
9717,Casey,Brown
9718,Morgan,Williams
9719,Morgan,Williams
9720,Alex,Smith
9721,Casey,Brown
9722,Jordan,Smith
9723,Jordan,Williams
9724,Morgan,Smith
9725,Morgan,Jones
9726,Jordan,Williams
9727,Taylor,Williams
9728,Jordan,Smith
9729,Morgan,Smith
9730,Alex,Smith
9731,Alex,Smith
9732,Casey,Jones
9733,Morgan,Brown
9734,Alex,Smith
9735,Morgan,Smith
9736,Taylor,Smith
9737,Morgan,Williams
9738,Morgan,Williams
9739,Alex,Smith
9740,Taylor,Williams
9741,Casey,Johnson
9742,Jordan,Jones
9743,Alex,Jones
9744,Morgan,Brown
9745,Jordan,Williams
9746,Taylor,Jones
9747,Alex,Smith
9748,Jordan,Jones
9749,Taylor,Williams
9750,Taylor,Jones
9751,Morgan,Johnson
9752,Jordan,Jones
9753,Morgan,Brown
9754,Morgan,Brown
9755,Jordan,Jones
9756,Casey,Smith
9757,Taylor,Brown
9758,Taylor,Jones
9759,Alex,Johnson
9760,Casey,Smith
9761,Jordan,Brown
9762,Taylor,Smith
9763,Taylor,Johnson
9764,Casey,Williams
9765,Alex,Jones
9766,Jordan,Jones
9767,Jordan,Brown
9768,Casey,Smith
9769,Jordan,Brown
9770,Alex,Smith
9771,Taylor,Smith
9772,Jordan,Brown
9773,Jordan,Smith
9774,Taylor,Smith
9775,Morgan,Smith
9776,Casey,Brown
9777,Taylor,Jones
9778,Jordan,Brown
9779,Jordan,Jones
9780,Taylor,Williams
9781,Jordan,Smith
9782,Casey,Brown
9783,Casey,Brown
9784,Taylor,Smith
9785,Casey,Jones
9786,Taylor,Brown
9787,Morgan,Johnson
9788,Taylor,Smith
9789,Alex,Johnson
9790,Alex,Brown
9791,Casey,Jones
9792,Morgan,Jones
9793,Alex,Smith
9794,Taylor,Jones
9795,Jordan,Jones
9796,Morgan,Jones
9797,Alex,Williams
9798,Casey,Johnson
9799,Taylor,Jones
9800,Alex,Jones
9801,Jordan,Johnson
9802,Jordan,Johnson
9803,Alex,Johnson
9804,Casey,Jones
9805,Morgan,Brown
9806,Morgan,Brown
9807,Taylor,Williams
9808,Alex,Jones
9809,Jordan,Williams
9810,Morgan,Smith
9811,Casey,Smith
9812,Taylor,Johnson
9813,Jordan,Johnson
9814,Taylor,Brown
9815,Alex,Jones
9816,Morgan,Jones
9817,Jordan,Brown
9818,Taylor,Smith
9819,Jordan,Williams
9820,Alex,Williams
9821,Taylor,Williams
9822,Morgan,Brown
9823,Jordan,Brown
9824,Alex,Brown
9825,Jordan,Williams
9826,Jordan,Smith
9827,Morgan,Johnson
9828,Taylor,Johnson
9829,Alex,Williams
9830,Taylor,Brown
9831,Alex,Jones
9832,Taylor,Johnson
9833,Alex,Smith
9834,Casey,Johnson
9835,Morgan,Brown
9836,Casey,Jones
9837,Casey,Jones
9838,Morgan,Smith
9839,Morgan,Smith
9840,Jordan,Smith
9841,Alex,Brown
9842,Casey,Brown
9843,Casey,Smith
9844,Casey,Brown
9845,Alex,Brown
9846,Casey,Brown
9847,Alex,Jones
9848,Casey,Brown
9849,Taylor,Brown
9850,Alex,Johnson
9851,Morgan,Williams
9852,Morgan,Brown
9853,Alex,Brown
9854,Jordan,Johnson
9855,Taylor,Brown
9856,Jordan,Smith
9857,Casey,Johnson
9858,Alex,Jones
9859,Jordan,Jones
9860,Alex,Brown
9861,Casey,Smith
9862,Casey,Williams
9863,Alex,Brown
9864,Morgan,Williams
9865,Taylor,Jones
9866,Morgan,Williams
9867,Taylor,Smith
9868,Casey,Williams
9869,Morgan,Smith
9870,Jordan,Johnson
9871,Morgan,Smith
9872,Jordan,Brown
9873,Taylor,Smith
9874,Jordan,Johnson
9875,Alex,Jones
9876,Taylor,Williams
9877,Taylor,Jones
9878,Taylor,Smith
9879,Jordan,Smith
9880,Morgan,Jones
9881,Jordan,Johnson
9882,Alex,Jones
9883,Casey,Smith
9884,Casey,Jones
9885,Morgan,Smith
9886,Alex,Johnson
9887,Morgan,Williams
9888,Jordan,Williams
9889,Morgan,Johnson
9890,Morgan,Smith
9891,Morgan,Johnson
9892,Casey,Williams
9893,Casey,Johnson
9894,Taylor,Williams
9895,Morgan,Smith
9896,Casey,Johnson
9897,Jordan,Williams
9898,Alex,Smith
9899,Morgan,Williams
9900,Alex,Smith
9901,Taylor,Johnson
9902,Jordan,Williams
9903,Taylor,Brown
9904,Taylor,Smith
9905,Jordan,Williams
9906,Jordan,Jones
9907,Taylor,Brown
9908,Alex,Jones
9909,Jordan,Williams
9910,Jordan,Smith
9911,Jordan,Smith
9912,Casey,Johnson
9913,Taylor,Johnson
9914,Jordan,Brown
9915,Morgan,Williams
9916,Alex,Brown
9917,Casey,Smith
9918,Morgan,Williams
9919,Morgan,Jones
9920,Jordan,Brown
9921,Morgan,Johnson
9922,Casey,Johnson
9923,Casey,Smith
9924,Taylor,Brown
9925,Casey,Brown
9926,Jordan,Jones
9927,Alex,Brown
9928,Morgan,Johnson
9929,Casey,Jones
9930,Morgan,Johnson
9931,Jordan,Williams
9932,Morgan,Johnson
9933,Casey,Brown
9934,Jordan,Smith
9935,Jordan,Jones
9936,Morgan,Johnson
9937,Alex,Smith
9938,Morgan,Brown
9939,Jordan,Jones
9940,Morgan,Jones
9941,Taylor,Williams
9942,Alex,Brown
9943,Casey,Johnson
9944,Taylor,Smith
9945,Morgan,Williams
9946,Jordan,Smith
9947,Alex,Jones
9948,Jordan,Brown
9949,Casey,Johnson
9950,Morgan,Williams
9951,Taylor,Williams
9952,Taylor,Jones
9953,Alex,Brown
9954,Jordan,Johnson
9955,Casey,Brown
9956,Taylor,Johnson
9957,Casey,Jones
9958,Taylor,Brown
9959,Jordan,Brown
9960,Alex,Johnson
9961,Taylor,Williams
9962,Morgan,Williams
9963,Morgan,Jones
9964,Morgan,Smith
9965,Morgan,Smith
9966,Casey,Smith
9967,Morgan,Johnson
9968,Jordan,Brown
9969,Casey,Williams
9970,Alex,Williams
9971,Morgan,Johnson
9972,Taylor,Brown
9973,Morgan,Smith
9974,Casey,Brown
9975,Morgan,Brown
9976,Jordan,Smith
9977,Alex,Jones
9978,Taylor,Jones
9979,Alex,Jones
9980,Alex,Brown
9981,Alex,Jones
9982,Taylor,Jones
9983,Morgan,Brown
9984,Casey,Brown
9985,Taylor,Jones
9986,Jordan,Williams
9987,Jordan,Brown
9988,Morgan,Brown
9989,Taylor,Williams
9990,Jordan,Brown
9991,Morgan,Williams
9992,Morgan,Brown
9993,Taylor,Brown
9994,Jordan,Jones
9995,Morgan,Johnson
9996,Jordan,Smith
9997,Alex,Smith
9998,Morgan,Jones
9999,Jordan,Brown
10000,Taylor,Williams
10001,Casey,Brown
10002,Morgan,Smith
10003,Morgan,Jones
10004,Alex,Smith
10005,Taylor,Williams
10006,Jordan,Brown
10007,Morgan,Johnson
10008,Jordan,Williams
10009,Alex,Brown
10010,Casey,Brown
10011,Morgan,Jones
10012,Alex,Williams
10013,Taylor,Williams
10014,Taylor,Williams
10015,Taylor,Johnson
10016,Morgan,Jones
10017,Taylor,Williams
10018,Casey,Jones
10019,Casey,Smith
10020,Morgan,Jones
10021,Taylor,Williams
10022,Morgan,Brown
10023,Morgan,Brown
10024,Jordan,Johnson
10025,Jordan,Johnson
10026,Alex,Jones
10027,Morgan,Smith
10028,Taylor,Jones
10029,Alex,Williams
10030,Casey,Williams
10031,Casey,Smith
10032,Alex,Smith
10033,Taylor,Johnson
10034,Casey,Smith
10035,Morgan,Smith
10036,Taylor,Johnson
10037,Alex,Johnson
10038,Morgan,Smith
10039,Morgan,Williams
10040,Jordan,Jones
10041,Jordan,Smith
10042,Casey,Smith
10043,Alex,Brown
10044,Alex,Johnson
10045,Taylor,Smith
10046,Morgan,Brown
10047,Casey,Johnson
10048,Casey,Johnson
10049,Casey,Brown
10050,Jordan,Williams
10051,Jordan,Williams
10052,Casey,Brown
10053,Alex,Smith
10054,Casey,Johnson
10055,Alex,Williams
10056,Taylor,Johnson
10057,Casey,Brown
10058,Taylor,Smith
10059,Jordan,Brown
10060,Morgan,Johnson
10061,Casey,Brown
10062,Morgan,Smith
10063,Jordan,Johnson
10064,Casey,Johnson
10065,Jordan,Johnson
10066,Alex,Johnson
10067,Casey,Williams
10068,Alex,Brown
10069,Alex,Johnson
10070,Casey,Brown
10071,Jordan,Smith
10072,Casey,Smith
10073,Casey,Johnson
10074,Jordan,Johnson
10075,Casey,Johnson
10076,Morgan,Smith
10077,Casey,Williams
10078,Casey,Johnson
10079,Casey,Williams
10080,Morgan,Williams
10081,Morgan,Brown
10082,Alex,Brown
10083,Jordan,Johnson
10084,Morgan,Williams
10085,Taylor,Brown
10086,Morgan,Williams
10087,Casey,Jones
10088,Jordan,Williams
10089,Alex,Jones
10090,Morgan,Johnson
10091,Morgan,Williams
10092,Alex,Johnson
10093,Taylor,Williams
10094,Alex,Johnson
10095,Alex,Smith
10096,Jordan,Jones
10097,Casey,Jones
10098,Alex,Jones
10099,Alex,Smith
10100,Jordan,Williams
10101,Jordan,Smith
10102,Casey,Brown
10103,Alex,Brown
10104,Taylor,Brown
10105,Taylor,Johnson
10106,Morgan,Smith
10107,Alex,Williams
10108,Morgan,Williams
10109,Alex,Johnson
10110,Alex,Jones
10111,Jordan,Johnson
10112,Morgan,Jones
10113,Casey,Williams
10114,Alex,Brown
10115,Morgan,Smith
10116,Taylor,Johnson
10117,Taylor,Jones
10118,Casey,Brown
10119,Taylor,Jones
10120,Jordan,Williams
10121,Taylor,Brown
10122,Alex,Brown
10123,Jordan,Johnson
10124,Jordan,Brown
10125,Casey,Smith
10126,Alex,Johnson
10127,Taylor,Brown
10128,Taylor,Brown
10129,Casey,Jones
10130,Alex,Johnson
10131,Casey,Smith
10132,Casey,Brown
10133,Jordan,Jones
10134,Taylor,Smith
10135,Morgan,Smith
10136,Taylor,Jones
10137,Morgan,Brown
10138,Casey,Johnson
10139,Casey,Smith
10140,Alex,Williams
10141,Jordan,Smith
10142,Morgan,Jones
10143,Taylor,Brown
10144,Taylor,Johnson
10145,Casey,Jones
10146,Morgan,Williams
10147,Alex,Johnson
10148,Alex,Brown
10149,Casey,Johnson
10150,Jordan,Smith
10151,Morgan,Brown
10152,Alex,Williams
10153,Morgan,Brown
10154,Jordan,Smith
10155,Casey,Johnson
10156,Alex,Johnson
10157,Casey,Jones
10158,Taylor,Johnson
10159,Taylor,Smith
10160,Taylor,Smith
10161,Morgan,Jones
10162,Jordan,Brown
10163,Morgan,Johnson
10164,Alex,Brown
10165,Morgan,Williams
10166,Casey,Johnson
10167,Casey,Williams
10168,Jordan,Williams
10169,Morgan,Jones
10170,Morgan,Brown
10171,Casey,Williams
10172,Alex,Jones
10173,Morgan,Smith
10174,Taylor,Johnson
10175,Casey,Williams
10176,Casey,Brown
10177,Alex,Johnson
10178,Taylor,Jones
10179,Taylor,Smith
10180,Taylor,Brown
10181,Morgan,Jones
10182,Casey,Brown
10183,Casey,Johnson
10184,Morgan,Jones
10185,Casey,Jones
10186,Taylor,Johnson
10187,Taylor,Jones
10188,Morgan,Johnson
10189,Jordan,Brown
10190,Morgan,Smith
10191,Jordan,Williams
10192,Casey,Brown
10193,Alex,Brown
10194,Alex,Brown
10195,Casey,Smith
10196,Casey,Smith
10197,Jordan,Brown
10198,Jordan,Brown
10199,Alex,Williams
10200,Taylor,Smith
10201,Jordan,Johnson
10202,Morgan,Smith
10203,Jordan,Williams
10204,Jordan,Jones
10205,Morgan,Brown
10206,Casey,Johnson
10207,Casey,Williams
10208,Morgan,Johnson
10209,Taylor,Smith
10210,Alex,Williams
10211,Taylor,Williams
10212,Taylor,Smith
10213,Alex,Jones
10214,Taylor,Johnson
10215,Jordan,Williams
10216,Casey,Johnson
10217,Casey,Brown
10218,Taylor,Johnson
10219,Jordan,Williams
10220,Taylor,Williams
10221,Jordan,Smith
10222,Alex,Smith
10223,Jordan,Brown
10224,Alex,Williams
10225,Casey,Williams
10226,Morgan,Brown
10227,Taylor,Johnson
10228,Morgan,Jones
10229,Jordan,Smith
10230,Morgan,Jones
10231,Casey,Williams
10232,Taylor,Williams
10233,Casey,Jones
10234,Casey,Jones
10235,Morgan,Brown
10236,Jordan,Johnson
10237,Jordan,Johnson
10238,Jordan,Williams
10239,Taylor,Brown
10240,Taylor,Brown
10241,Morgan,Brown
10242,Taylor,Smith
10243,Morgan,Jones
10244,Casey,Williams
10245,Casey,Brown
10246,Casey,Johnson
10247,Casey,Jones
10248,Jordan,Brown
10249,Jordan,Jones
10250,Morgan,Brown
10251,Jordan,Smith
10252,Jordan,Williams
10253,Casey,Williams
10254,Casey,Brown
10255,Casey,Jones
10256,Casey,Smith
10257,Jordan,Johnson
10258,Alex,Smith
10259,Taylor,Smith
10260,Morgan,Jones
10261,Jordan,Jones
10262,Jordan,Johnson
10263,Alex,Johnson
10264,Casey,Brown
10265,Taylor,Brown
10266,Taylor,Smith
10267,Alex,Johnson
10268,Taylor,Williams
10269,Casey,Johnson
10270,Casey,Williams
10271,Jordan,Jones
10272,Jordan,Brown
10273,Casey,Smith
10274,Alex,Smith
10275,Alex,Brown
10276,Alex,Williams
10277,Taylor,Jones
10278,Alex,Johnson
10279,Taylor,Jones
10280,Morgan,Williams
10281,Taylor,Brown
10282,Casey,Jones
10283,Taylor,Williams
10284,Casey,Smith
10285,Taylor,Jones
10286,Jordan,Smith
10287,Jordan,Williams
10288,Morgan,Jones
10289,Casey,Jones
10290,Casey,Brown
10291,Morgan,Johnson
10292,Jordan,Johnson
10293,Casey,Smith
10294,Jordan,Williams
10295,Casey,Smith
10296,Taylor,Smith
10297,Morgan,Smith
10298,Casey,Johnson
10299,Casey,Smith
10300,Jordan,Johnson
10301,Alex,Williams
10302,Casey,Williams
10303,Jordan,Smith
10304,Casey,Jones
10305,Alex,Brown
10306,Jordan,Jones
10307,Casey,Brown
10308,Morgan,Brown
10309,Casey,Brown
10310,Morgan,Jones
10311,Taylor,Brown
10312,Alex,Brown
10313,Jordan,Johnson
10314,Jordan,Johnson
10315,Casey,Smith
10316,Alex,Williams
10317,Alex,Smith
10318,Alex,Williams
10319,Casey,Smith
10320,Jordan,Williams
10321,Casey,Johnson
10322,Alex,Smith
10323,Alex,Brown
10324,Morgan,Jones
10325,Taylor,Jones
10326,Taylor,Johnson
10327,Alex,Brown
10328,Morgan,Williams
10329,Jordan,Johnson
10330,Casey,Jones
10331,Morgan,Smith
10332,Taylor,Jones
10333,Alex,Brown
10334,Jordan,Jones
10335,Morgan,Brown
10336,Alex,Williams
10337,Taylor,Johnson
10338,Casey,Williams
10339,Alex,Brown
10340,Alex,Johnson
10341,Casey,Smith
10342,Alex,Smith
10343,Taylor,Jones
10344,Jordan,Smith
10345,Morgan,Johnson
10346,Taylor,Williams
10347,Jordan,Brown
10348,Taylor,Williams
10349,Jordan,Brown
10350,Casey,Jones
10351,Alex,Smith
10352,Morgan,Johnson
10353,Casey,Williams
10354,Taylor,Johnson
10355,Jordan,Smith
10356,Casey,Brown
10357,Casey,Jones
10358,Morgan,Johnson
10359,Taylor,Jones
10360,Casey,Williams
10361,Alex,Williams
10362,Alex,Smith
10363,Jordan,Brown
10364,Morgan,Smith
10365,Casey,Williams
10366,Alex,Johnson
10367,Casey,Jones
10368,Taylor,Jones
10369,Jordan,Williams
10370,Casey,Brown
10371,Taylor,Smith
10372,Casey,Johnson
10373,Taylor,Johnson
10374,Taylor,Smith
10375,Casey,Williams
10376,Alex,Brown
10377,Taylor,Johnson
10378,Casey,Jones
10379,Taylor,Brown
10380,Morgan,Johnson
10381,Morgan,Brown
10382,Alex,Smith
10383,Jordan,Johnson
10384,Morgan,Brown
10385,Alex,Williams
10386,Taylor,Jones
10387,Casey,Brown
10388,Casey,Johnson
10389,Jordan,Smith
10390,Jordan,Brown
10391,Morgan,Smith
10392,Morgan,Williams
10393,Jordan,Johnson
10394,Taylor,Brown
10395,Alex,Brown
10396,Alex,Brown
10397,Jordan,Johnson
10398,Casey,Smith
10399,Alex,Jones
10400,Taylor,Jones
10401,Alex,Johnson
10402,Morgan,Brown
10403,Taylor,Brown
10404,Taylor,Brown
10405,Alex,Brown
10406,Casey,Johnson
10407,Casey,Johnson
10408,Alex,Brown
10409,Taylor,Smith
10410,Casey,Smith
10411,Morgan,Williams
10412,Alex,Jones
10413,Taylor,Brown
10414,Jordan,Williams
10415,Alex,Smith
10416,Casey,Jones
10417,Alex,Johnson
10418,Taylor,Jones
10419,Taylor,Williams
10420,Taylor,Williams
10421,Alex,Johnson
10422,Morgan,Jones
10423,Jordan,Smith
10424,Jordan,Williams
10425,Jordan,Johnson
10426,Taylor,Williams
10427,Taylor,Williams
10428,Taylor,Brown
10429,Casey,Williams
10430,Alex,Williams
10431,Morgan,Johnson
10432,Morgan,Jones
10433,Taylor,Smith
10434,Alex,Smith
10435,Morgan,Johnson
10436,Taylor,Johnson
10437,Alex,Smith
10438,Taylor,Brown
10439,Casey,Williams
10440,Alex,Smith
10441,Alex,Brown
10442,Jordan,Brown
10443,Casey,Jones
10444,Casey,Smith
10445,Alex,Brown
10446,Taylor,Jones
10447,Morgan,Jones
10448,Jordan,Williams
10449,Casey,Brown
10450,Alex,Williams
10451,Casey,Williams
10452,Casey,Jones
10453,Alex,Smith
10454,Jordan,Johnson
10455,Morgan,Jones
10456,Casey,Johnson
10457,Taylor,Williams
10458,Taylor,Smith
10459,Casey,Brown
10460,Jordan,Jones
10461,Taylor,Brown
10462,Jordan,Brown
10463,Alex,Williams
10464,Jordan,Jones
10465,Taylor,Brown
10466,Taylor,Smith
10467,Casey,Johnson
10468,Morgan,Johnson
10469,Morgan,Williams
10470,Alex,Johnson
10471,Morgan,Brown
10472,Morgan,Williams
10473,Jordan,Johnson
10474,Alex,Williams
10475,Alex,Smith
10476,Alex,Jones
10477,Jordan,Johnson
10478,Jordan,Brown
10479,Taylor,Smith
10480,Morgan,Brown
10481,Casey,Jones
10482,Alex,Williams
10483,Casey,Brown
10484,Casey,Williams
10485,Morgan,Smith
10486,Casey,Brown
10487,Alex,Brown
10488,Taylor,Williams
10489,Morgan,Smith
10490,Morgan,Jones
10491,Jordan,Jones
10492,Taylor,Williams
10493,Jordan,Smith
10494,Morgan,Williams
10495,Alex,Johnson
10496,Jordan,Williams
10497,Jordan,Brown
10498,Jordan,Smith
10499,Morgan,Smith
10500,Casey,Jones
10501,Jordan,Smith
10502,Morgan,Brown
10503,Taylor,Smith
10504,Morgan,Johnson
10505,Taylor,Jones
10506,Alex,Williams
10507,Alex,Johnson
10508,Casey,Brown
10509,Jordan,Williams
10510,Morgan,Johnson
10511,Taylor,Johnson
10512,Jordan,Johnson
10513,Alex,Smith
10514,Morgan,Jones
10515,Casey,Jones
10516,Casey,Brown
10517,Jordan,Jones
10518,Alex,Smith
10519,Casey,Brown
10520,Casey,Smith
10521,Morgan,Brown
10522,Taylor,Jones
10523,Casey,Smith
10524,Casey,Jones
10525,Taylor,Jones
10526,Casey,Smith
10527,Alex,Smith
10528,Jordan,Johnson
10529,Alex,Smith
10530,Jordan,Williams
10531,Alex,Smith
10532,Jordan,Williams
10533,Morgan,Brown
10534,Alex,Williams
10535,Morgan,Williams
10536,Morgan,Williams
10537,Morgan,Williams
10538,Alex,Jones
10539,Casey,Brown
10540,Jordan,Brown
10541,Morgan,Johnson
10542,Jordan,Jones
10543,Jordan,Brown
10544,Taylor,Johnson
10545,Taylor,Brown
10546,Jordan,Brown
10547,Taylor,Brown
10548,Casey,Williams
10549,Taylor,Jones
10550,Morgan,Brown
10551,Jordan,Smith
10552,Taylor,Smith
10553,Alex,Williams
10554,Taylor,Smith
10555,Taylor,Smith
10556,Taylor,Jones
10557,Alex,Johnson
10558,Alex,Johnson
10559,Taylor,Smith
10560,Alex,Brown
10561,Morgan,Brown
10562,Casey,Johnson
10563,Taylor,Smith
10564,Morgan,Brown
10565,Jordan,Williams
10566,Taylor,Williams
10567,Alex,Williams
10568,Jordan,Brown
10569,Taylor,Smith
10570,Taylor,Smith
10571,Taylor,Williams
10572,Taylor,Brown
10573,Jordan,Smith
10574,Casey,Johnson
10575,Alex,Brown
10576,Casey,Johnson
10577,Morgan,Williams
10578,Morgan,Brown
10579,Jordan,Smith
10580,Casey,Williams
10581,Casey,Johnson
10582,Casey,Brown
10583,Taylor,Jones
10584,Morgan,Johnson
10585,Taylor,Brown
10586,Jordan,Jones
10587,Alex,Williams
10588,Alex,Brown
10589,Morgan,Jones
10590,Casey,Johnson
10591,Jordan,Johnson
10592,Casey,Smith
10593,Taylor,Smith
10594,Casey,Jones
10595,Alex,Jones
10596,Taylor,Williams
10597,Taylor,Smith
10598,Casey,Johnson
10599,Alex,Johnson
10600,Jordan,Jones
10601,Morgan,Johnson
10602,Morgan,Jones
10603,Alex,Williams
10604,Taylor,Jones
10605,Casey,Brown
10606,Morgan,Johnson
10607,Jordan,Williams
10608,Alex,Brown
10609,Jordan,Williams
10610,Alex,Williams
10611,Taylor,Smith
10612,Alex,Jones
10613,Jordan,Johnson
10614,Jordan,Brown
10615,Taylor,Smith
10616,Alex,Brown
10617,Casey,Williams
10618,Casey,Williams
10619,Taylor,Williams
10620,Alex,Jones
10621,Taylor,Brown
10622,Taylor,Brown
10623,Morgan,Brown
10624,Jordan,Jones
10625,Taylor,Williams
10626,Jordan,Brown
10627,Alex,Smith
10628,Jordan,Johnson
10629,Alex,Brown
10630,Jordan,Brown
10631,Taylor,Williams
10632,Alex,Brown
10633,Casey,Brown
10634,Morgan,Brown
10635,Jordan,Williams
10636,Jordan,Smith
10637,Morgan,Brown
10638,Taylor,Williams
10639,Jordan,Williams
10640,Jordan,Smith
10641,Taylor,Johnson
10642,Alex,Smith
10643,Taylor,Williams
10644,Morgan,Jones
10645,Morgan,Smith
10646,Casey,Johnson
10647,Taylor,Smith
10648,Morgan,Johnson
10649,Jordan,Brown
10650,Taylor,Smith
10651,Morgan,Williams
10652,Taylor,Williams
10653,Taylor,Jones
10654,Alex,Williams
10655,Alex,Johnson
10656,Casey,Smith
10657,Jordan,Williams
10658,Jordan,Brown
10659,Alex,Jones
10660,Jordan,Smith
10661,Morgan,Jones
10662,Alex,Brown
10663,Taylor,Brown
10664,Taylor,Smith
10665,Alex,Brown
10666,Alex,Johnson
10667,Jordan,Williams
10668,Jordan,Brown
10669,Casey,Smith
10670,Alex,Johnson
10671,Taylor,Williams
10672,Jordan,Brown
10673,Jordan,Williams
10674,Morgan,Williams
10675,Casey,Williams
10676,Casey,Jones
10677,Casey,Brown
10678,Jordan,Johnson
10679,Taylor,Smith
10680,Alex,Brown
10681,Jordan,Jones
10682,Morgan,Johnson
10683,Casey,Johnson
10684,Casey,Brown
10685,Casey,Smith
10686,Morgan,Williams
10687,Casey,Jones
10688,Jordan,Jones
10689,Jordan,Brown
10690,Alex,Brown
10691,Jordan,Smith
10692,Alex,Brown
10693,Alex,Smith
10694,Casey,Jones
10695,Jordan,Smith
10696,Alex,Jones
10697,Taylor,Jones
10698,Taylor,Williams
10699,Jordan,Johnson
10700,Casey,Williams
10701,Taylor,Williams
10702,Alex,Johnson
10703,Jordan,Johnson
10704,Morgan,Brown
10705,Alex,Smith
10706,Casey,Jones
10707,Alex,Williams
10708,Casey,Williams
10709,Taylor,Jones
10710,Morgan,Williams
10711,Morgan,Brown
10712,Taylor,Brown
10713,Taylor,Williams
10714,Casey,Johnson
10715,Morgan,Williams
10716,Taylor,Williams
10717,Jordan,Jones
10718,Casey,Smith
10719,Jordan,Jones
10720,Alex,Jones
10721,Jordan,Williams
10722,Casey,Smith
10723,Alex,Smith
10724,Casey,Jones
10725,Jordan,Johnson
10726,Jordan,Williams
10727,Taylor,Williams
10728,Jordan,Brown
10729,Alex,Smith
10730,Jordan,Brown
10731,Jordan,Williams
10732,Alex,Williams
10733,Morgan,Johnson
10734,Casey,Smith
10735,Casey,Smith
10736,Alex,Johnson
10737,Morgan,Smith
10738,Alex,Jones
10739,Taylor,Johnson
10740,Jordan,Williams
10741,Taylor,Brown
10742,Jordan,Jones
10743,Alex,Johnson
10744,Casey,Williams
10745,Morgan,Brown
10746,Taylor,Brown
10747,Alex,Jones
10748,Morgan,Johnson
10749,Casey,Jones
10750,Casey,Brown
10751,Casey,Johnson
10752,Morgan,Jones
10753,Jordan,Brown
10754,Casey,Jones
10755,Jordan,Jones
10756,Jordan,Johnson
10757,Morgan,Brown
10758,Taylor,Jones
10759,Taylor,Jones
10760,Jordan,Williams
10761,Taylor,Brown
10762,Taylor,Williams
10763,Alex,Smith
10764,Jordan,Williams
10765,Casey,Smith
10766,Morgan,Jones
10767,Jordan,Johnson
10768,Taylor,Smith
10769,Taylor,Williams
10770,Jordan,Brown
10771,Morgan,Smith
10772,Morgan,Johnson
10773,Jordan,Jones
10774,Casey,Brown
10775,Morgan,Johnson
10776,Alex,Brown
10777,Morgan,Smith
10778,Casey,Jones
10779,Morgan,Brown
10780,Morgan,Smith
10781,Taylor,Smith
10782,Casey,Brown
10783,Casey,Johnson
10784,Casey,Brown
10785,Alex,Jones
10786,Taylor,Jones
10787,Taylor,Smith
10788,Jordan,Jones
10789,Casey,Jones
10790,Alex,Williams
10791,Morgan,Brown
10792,Alex,Brown
10793,Morgan,Williams
10794,Jordan,Jones
10795,Morgan,Jones
10796,Alex,Smith
10797,Jordan,Johnson
10798,Morgan,Brown
10799,Jordan,Williams
10800,Taylor,Brown
10801,Casey,Williams
10802,Morgan,Brown
10803,Taylor,Johnson
10804,Taylor,Jones
10805,Taylor,Johnson
10806,Morgan,Johnson
10807,Casey,Johnson
10808,Alex,Johnson
10809,Alex,Williams
10810,Taylor,Smith
10811,Alex,Brown
10812,Morgan,Jones
10813,Jordan,Smith
10814,Alex,Brown
10815,Jordan,Smith
10816,Taylor,Johnson
10817,Jordan,Brown
10818,Casey,Johnson
10819,Taylor,Brown
10820,Casey,Jones
10821,Taylor,Brown
10822,Morgan,Johnson
10823,Morgan,Jones
10824,Morgan,Johnson
10825,Morgan,Jones
10826,Alex,Jones
10827,Casey,Johnson
10828,Jordan,Brown
10829,Jordan,Smith
10830,Alex,Smith
10831,Morgan,Jones
10832,Jordan,Brown
10833,Casey,Jones
10834,Alex,Brown
10835,Alex,Smith
10836,Jordan,Jones
10837,Alex,Williams
10838,Taylor,Johnson
10839,Taylor,Williams
10840,Taylor,Williams
10841,Jordan,Johnson
10842,Casey,Jones
10843,Jordan,Johnson
10844,Jordan,Jones
10845,Morgan,Brown
10846,Casey,Johnson
10847,Taylor,Johnson
10848,Casey,Smith
10849,Taylor,Johnson
10850,Alex,Johnson
10851,Taylor,Smith
10852,Jordan,Smith
10853,Morgan,Williams
10854,Alex,Johnson
10855,Jordan,Jones
10856,Taylor,Smith
10857,Taylor,Brown
10858,Casey,Johnson
10859,Morgan,Williams
10860,Alex,Brown
10861,Morgan,Jones
10862,Taylor,Brown
10863,Jordan,Smith
10864,Jordan,Smith
10865,Morgan,Williams
10866,Casey,Jones
10867,Morgan,Brown
10868,Casey,Jones
10869,Taylor,Smith
10870,Taylor,Johnson
10871,Casey,Johnson
10872,Taylor,Johnson
10873,Taylor,Smith
10874,Morgan,Williams
10875,Morgan,Jones
10876,Alex,Brown
10877,Taylor,Smith
10878,Taylor,Jones
10879,Alex,Smith
10880,Taylor,Jones
10881,Casey,Johnson
10882,Morgan,Williams
10883,Alex,Smith
10884,Alex,Jones
10885,Alex,Jones
10886,Morgan,Williams
10887,Casey,Williams
10888,Casey,Johnson
10889,Jordan,Brown
10890,Taylor,Smith
10891,Jordan,Brown
10892,Taylor,Johnson
10893,Taylor,Williams
10894,Taylor,Smith
10895,Alex,Brown
10896,Casey,Brown
10897,Casey,Brown
10898,Jordan,Johnson
10899,Morgan,Johnson
10900,Morgan,Johnson
10901,Morgan,Johnson
10902,Casey,Smith
10903,Jordan,Jones
10904,Morgan,Smith
10905,Casey,Jones
10906,Morgan,Brown
10907,Taylor,Johnson
10908,Alex,Johnson
10909,Alex,Williams
10910,Casey,Brown
10911,Jordan,Williams
10912,Alex,Johnson
10913,Morgan,Brown
10914,Casey,Johnson
10915,Morgan,Williams
10916,Morgan,Jones
10917,Alex,Johnson
10918,Jordan,Williams
10919,Jordan,Johnson
10920,Taylor,Brown
10921,Morgan,Jones
10922,Morgan,Jones
10923,Casey,Brown
10924,Morgan,Smith
10925,Taylor,Jones
10926,Alex,Johnson
10927,Jordan,Jones
10928,Jordan,Brown
10929,Alex,Williams
10930,Alex,Jones
10931,Taylor,Williams
10932,Morgan,Smith
10933,Casey,Brown
10934,Morgan,Smith
10935,Jordan,Williams
10936,Casey,Jones
10937,Jordan,Smith
10938,Taylor,Smith
10939,Taylor,Johnson
10940,Taylor,Jones
10941,Jordan,Brown
10942,Casey,Williams
10943,Morgan,Jones
10944,Alex,Brown
10945,Morgan,Johnson
10946,Jordan,Smith
10947,Casey,Smith
10948,Jordan,Williams
10949,Morgan,Williams
10950,Morgan,Williams
10951,Jordan,Williams
10952,Jordan,Williams
10953,Alex,Williams
10954,Jordan,Jones
10955,Casey,Jones
10956,Morgan,Johnson
10957,Morgan,Smith
10958,Alex,Smith
10959,Casey,Johnson
10960,Taylor,Smith
10961,Casey,Johnson
10962,Alex,Jones
10963,Jordan,Williams
10964,Casey,Smith
10965,Morgan,Johnson
10966,Morgan,Brown
10967,Taylor,Johnson
10968,Alex,Johnson
10969,Morgan,Johnson
10970,Morgan,Smith
10971,Alex,Johnson
10972,Jordan,Smith
10973,Jordan,Jones
10974,Morgan,Jones
10975,Taylor,Johnson
10976,Taylor,Brown
10977,Casey,Brown
10978,Morgan,Jones
10979,Alex,Johnson
10980,Taylor,Smith
10981,Casey,Williams
10982,Alex,Johnson
10983,Casey,Williams
10984,Casey,Williams
10985,Taylor,Jones
10986,Jordan,Johnson
10987,Morgan,Williams
10988,Taylor,Brown
10989,Morgan,Brown
10990,Taylor,Smith
10991,Jordan,Jones
10992,Alex,Jones
10993,Jordan,Brown
10994,Jordan,Jones
10995,Jordan,Smith
10996,Taylor,Jones
10997,Taylor,Johnson
10998,Jordan,Brown
10999,Morgan,Smith
11000,Jordan,Smith
11001,Morgan,Jones
11002,Morgan,Johnson
11003,Taylor,Jones
11004,Jordan,Brown
11005,Taylor,Smith
11006,Morgan,Smith
11007,Casey,Williams
11008,Jordan,Johnson
11009,Alex,Smith
11010,Alex,Johnson
11011,Alex,Brown
11012,Alex,Brown
11013,Morgan,Johnson
11014,Alex,Jones
11015,Jordan,Smith
11016,Morgan,Johnson
11017,Jordan,Smith
11018,Jordan,Jones
11019,Morgan,Brown
11020,Jordan,Brown
11021,Taylor,Jones
11022,Morgan,Johnson
11023,Jordan,Smith
11024,Jordan,Johnson
11025,Morgan,Jones
11026,Morgan,Jones
11027,Casey,Johnson
11028,Taylor,Smith
11029,Morgan,Jones
11030,Alex,Johnson
11031,Morgan,Smith
11032,Casey,Jones
11033,Jordan,Johnson
11034,Jordan,Brown
11035,Casey,Brown
11036,Alex,Johnson
11037,Casey,Jones
11038,Alex,Williams
11039,Taylor,Smith
11040,Alex,Brown
11041,Taylor,Jones
11042,Alex,Williams
11043,Morgan,Smith
11044,Alex,Brown
11045,Morgan,Smith
11046,Taylor,Brown
11047,Taylor,Smith
11048,Alex,Jones
11049,Casey,Jones
11050,Taylor,Johnson
11051,Jordan,Jones
11052,Morgan,Johnson
11053,Jordan,Brown
11054,Taylor,Johnson
11055,Jordan,Williams
11056,Morgan,Williams
11057,Casey,Smith
11058,Jordan,Jones
11059,Taylor,Smith
11060,Morgan,Johnson
11061,Alex,Williams
11062,Jordan,Jones
11063,Alex,Brown
11064,Morgan,Brown
11065,Morgan,Williams
11066,Alex,Smith
11067,Taylor,Smith
11068,Alex,Brown
11069,Morgan,Brown
11070,Taylor,Johnson
11071,Taylor,Johnson
11072,Morgan,Smith
11073,Morgan,Johnson
11074,Taylor,Smith
11075,Alex,Johnson
11076,Casey,Brown
11077,Morgan,Brown
11078,Morgan,Jones
11079,Taylor,Williams
11080,Taylor,Williams
11081,Morgan,Smith
11082,Casey,Jones
11083,Jordan,Jones
11084,Taylor,Smith
11085,Taylor,Johnson
11086,Alex,Williams
11087,Taylor,Williams
11088,Taylor,Smith
11089,Taylor,Johnson
11090,Jordan,Jones
11091,Alex,Johnson
11092,Morgan,Smith
11093,Jordan,Brown
11094,Jordan,Johnson
11095,Morgan,Brown
11096,Jordan,Johnson
11097,Alex,Johnson
11098,Morgan,Williams
11099,Morgan,Williams
11100,Alex,Jones
11101,Casey,Brown
11102,Taylor,Jones
11103,Taylor,Jones
11104,Jordan,Brown
11105,Morgan,Smith
11106,Morgan,Johnson
11107,Morgan,Williams
11108,Casey,Brown
11109,Casey,Johnson
11110,Jordan,Smith
11111,Morgan,Johnson
11112,Alex,Brown
11113,Taylor,Johnson
11114,Taylor,Johnson
11115,Alex,Brown
11116,Morgan,Johnson
11117,Casey,Brown
11118,Alex,Williams
11119,Morgan,Brown
11120,Jordan,Smith
11121,Alex,Johnson
11122,Taylor,Williams
11123,Alex,Johnson
11124,Jordan,Jones
11125,Casey,Williams
11126,Taylor,Williams
11127,Alex,Brown
11128,Casey,Jones
11129,Casey,Jones
11130,Taylor,Johnson
11131,Alex,Smith
11132,Casey,Johnson
11133,Jordan,Johnson
11134,Casey,Brown
11135,Morgan,Brown
11136,Taylor,Williams
11137,Morgan,Smith
11138,Casey,Brown
11139,Casey,Johnson
11140,Morgan,Jones
11141,Casey,Smith
11142,Alex,Jones
11143,Morgan,Johnson
11144,Taylor,Williams
11145,Casey,Brown
11146,Alex,Brown
11147,Morgan,Jones
11148,Casey,Williams
11149,Taylor,Johnson
11150,Taylor,Johnson
11151,Taylor,Johnson
11152,Morgan,Jones
11153,Morgan,Smith
11154,Alex,Jones
11155,Morgan,Jones
11156,Jordan,Brown
11157,Taylor,Jones
11158,Morgan,Brown
11159,Jordan,Williams
11160,Jordan,Brown
11161,Jordan,Williams
11162,Taylor,Johnson
11163,Casey,Jones
11164,Jordan,Williams
11165,Taylor,Williams
11166,Jordan,Williams
11167,Jordan,Brown
11168,Alex,Jones
11169,Morgan,Brown
11170,Taylor,Jones
11171,Morgan,Williams
11172,Taylor,Williams
11173,Taylor,Johnson
11174,Morgan,Brown
11175,Jordan,Williams
11176,Jordan,Brown
11177,Morgan,Jones
11178,Casey,Jones
11179,Jordan,Johnson
11180,Casey,Smith
11181,Taylor,Johnson
11182,Taylor,Johnson
11183,Morgan,Smith
11184,Alex,Brown
11185,Jordan,Johnson
11186,Taylor,Johnson
11187,Casey,Johnson
11188,Morgan,Johnson
11189,Taylor,Williams
11190,Taylor,Smith
11191,Alex,Johnson
11192,Alex,Williams
11193,Jordan,Johnson
11194,Taylor,Williams
11195,Casey,Johnson
11196,Taylor,Johnson
11197,Morgan,Brown
11198,Taylor,Williams
11199,Casey,Smith
11200,Taylor,Jones
11201,Jordan,Brown
11202,Morgan,Brown
11203,Alex,Smith
11204,Taylor,Williams
11205,Taylor,Smith
11206,Jordan,Brown
11207,Jordan,Williams
11208,Jordan,Brown
11209,Alex,Johnson
11210,Jordan,Williams
11211,Taylor,Williams
11212,Taylor,Jones
11213,Taylor,Jones
11214,Morgan,Jones
11215,Casey,Smith
11216,Morgan,Smith
11217,Alex,Brown
11218,Taylor,Johnson
11219,Alex,Smith
11220,Jordan,Jones
11221,Taylor,Johnson
11222,Jordan,Williams
11223,Alex,Williams
11224,Morgan,Williams
11225,Alex,Johnson
11226,Alex,Brown
11227,Jordan,Smith
11228,Casey,Brown
11229,Casey,Williams
11230,Casey,Johnson
11231,Jordan,Jones
11232,Alex,Jones
11233,Alex,Brown
11234,Taylor,Smith
11235,Morgan,Williams
11236,Morgan,Jones
11237,Taylor,Johnson
11238,Morgan,Brown
11239,Alex,Jones
11240,Alex,Williams
11241,Alex,Williams
11242,Jordan,Williams
11243,Taylor,Brown
11244,Taylor,Brown
11245,Alex,Jones
11246,Casey,Smith
11247,Alex,Brown
11248,Jordan,Jones
11249,Alex,Williams
11250,Jordan,Jones
11251,Jordan,Jones
11252,Jordan,Johnson
11253,Casey,Brown
11254,Morgan,Williams
11255,Morgan,Brown
11256,Morgan,Smith
11257,Jordan,Smith
11258,Morgan,Smith
11259,Alex,Smith
11260,Alex,Smith
11261,Jordan,Williams
11262,Taylor,Williams
11263,Jordan,Brown
11264,Morgan,Jones
11265,Casey,Brown
11266,Morgan,Johnson
11267,Alex,Smith
11268,Morgan,Brown
11269,Taylor,Williams
11270,Taylor,Williams
11271,Alex,Smith
11272,Taylor,Smith
11273,Casey,Brown
11274,Alex,Brown
11275,Casey,Williams
11276,Jordan,Brown
11277,Taylor,Smith
11278,Casey,Johnson
11279,Casey,Smith
11280,Alex,Johnson
11281,Jordan,Smith
11282,Taylor,Brown
11283,Casey,Johnson
11284,Taylor,Brown
11285,Alex,Brown
11286,Morgan,Jones
11287,Casey,Jones
11288,Jordan,Jones
11289,Morgan,Jones
11290,Casey,Williams
11291,Casey,Smith
11292,Casey,Johnson
11293,Casey,Brown
11294,Jordan,Smith
11295,Alex,Williams
11296,Taylor,Johnson
11297,Casey,Jones
11298,Jordan,Williams
11299,Taylor,Williams
11300,Casey,Brown
11301,Casey,Johnson
11302,Casey,Jones
11303,Alex,Johnson
11304,Taylor,Brown
11305,Alex,Williams
11306,Alex,Johnson
11307,Morgan,Brown
11308,Morgan,Williams
11309,Casey,Williams
11310,Taylor,Jones
11311,Alex,Johnson
11312,Taylor,Jones
11313,Jordan,Smith
11314,Morgan,Johnson
11315,Jordan,Smith
11316,Alex,Brown
11317,Jordan,Brown
11318,Casey,Brown
11319,Casey,Brown
11320,Casey,Williams
11321,Casey,Johnson
11322,Casey,Brown
11323,Casey,Brown
11324,Alex,Jones
11325,Alex,Smith
11326,Jordan,Williams
11327,Jordan,Jones
11328,Taylor,Jones
11329,Jordan,Jones
11330,Morgan,Williams
11331,Taylor,Smith
11332,Alex,Williams
11333,Morgan,Johnson
11334,Alex,Jones
11335,Morgan,Jones
11336,Taylor,Jones
11337,Jordan,Smith
11338,Morgan,Jones
11339,Alex,Brown
11340,Jordan,Smith
11341,Taylor,Brown
11342,Jordan,Jones
11343,Morgan,Jones
11344,Casey,Johnson
11345,Morgan,Jones
11346,Alex,Smith
11347,Morgan,Smith
11348,Casey,Smith
11349,Jordan,Williams
11350,Taylor,Smith
11351,Jordan,Jones
11352,Taylor,Smith
11353,Taylor,Jones
11354,Casey,Brown
11355,Morgan,Johnson
11356,Taylor,Williams
11357,Casey,Johnson
11358,Jordan,Smith
11359,Jordan,Johnson
11360,Alex,Jones
11361,Casey,Brown
11362,Casey,Smith
11363,Alex,Jones
11364,Casey,Johnson
11365,Taylor,Williams
11366,Alex,Jones
11367,Casey,Smith
11368,Taylor,Smith
11369,Taylor,Smith
11370,Taylor,Williams
11371,Morgan,Jones
11372,Taylor,Williams
11373,Alex,Brown
11374,Alex,Brown
11375,Taylor,Johnson
11376,Taylor,Brown
11377,Alex,Jones
11378,Casey,Brown
11379,Casey,Jones
11380,Jordan,Jones
11381,Jordan,Smith
11382,Taylor,Smith
11383,Casey,Johnson
11384,Alex,Brown
11385,Alex,Johnson
11386,Casey,Williams
11387,Alex,Johnson
11388,Taylor,Brown
11389,Jordan,Smith
11390,Taylor,Smith
11391,Alex,Johnson
11392,Alex,Jones
11393,Alex,Brown
11394,Morgan,Brown
11395,Casey,Brown
11396,Morgan,Johnson
11397,Alex,Smith
11398,Jordan,Jones
11399,Taylor,Johnson
11400,Morgan,Smith
11401,Morgan,Smith
11402,Alex,Jones
11403,Morgan,Jones
11404,Casey,Brown
11405,Taylor,Johnson
11406,Casey,Brown
11407,Casey,Smith
11408,Morgan,Smith
11409,Taylor,Williams
11410,Casey,Brown
11411,Jordan,Smith
11412,Casey,Johnson
11413,Jordan,Smith
11414,Taylor,Williams
11415,Taylor,Smith
11416,Taylor,Jones
11417,Morgan,Johnson
11418,Taylor,Williams
11419,Morgan,Jones
11420,Morgan,Jones
11421,Morgan,Smith
11422,Morgan,Williams
11423,Taylor,Johnson
11424,Taylor,Williams
11425,Jordan,Brown
11426,Morgan,Jones
11427,Morgan,Brown
11428,Morgan,Smith
11429,Morgan,Brown
11430,Jordan,Johnson
11431,Jordan,Williams
11432,Taylor,Johnson
11433,Taylor,Johnson
11434,Alex,Johnson
11435,Alex,Williams
11436,Jordan,Smith
11437,Jordan,Smith
11438,Taylor,Brown
11439,Morgan,Johnson
11440,Alex,Williams
11441,Taylor,Johnson
11442,Morgan,Jones
11443,Taylor,Brown
11444,Alex,Jones
11445,Jordan,Jones
11446,Taylor,Brown
11447,Alex,Jones
11448,Morgan,Johnson
11449,Taylor,Brown
11450,Morgan,Johnson
11451,Alex,Johnson
11452,Taylor,Johnson
11453,Taylor,Smith
11454,Jordan,Johnson
11455,Alex,Jones
11456,Morgan,Brown
11457,Casey,Brown
11458,Taylor,Johnson
11459,Morgan,Williams
11460,Jordan,Jones
11461,Jordan,Brown
11462,Taylor,Johnson
11463,Taylor,Williams
11464,Morgan,Brown
11465,Casey,Brown
11466,Alex,Johnson
11467,Morgan,Williams
11468,Taylor,Williams
11469,Jordan,Johnson
11470,Taylor,Jones
11471,Taylor,Brown
11472,Taylor,Brown
11473,Alex,Jones
11474,Jordan,Williams
11475,Casey,Jones
11476,Alex,Johnson
11477,Alex,Smith
11478,Alex,Smith
11479,Morgan,Williams
11480,Jordan,Brown
11481,Morgan,Jones
11482,Taylor,Brown
11483,Casey,Johnson
11484,Morgan,Jones
11485,Taylor,Williams
11486,Jordan,Williams
11487,Alex,Jones
11488,Alex,Williams
11489,Casey,Brown
11490,Alex,Williams
11491,Jordan,Brown
11492,Alex,Johnson
11493,Casey,Williams
11494,Taylor,Jones
11495,Jordan,Williams
11496,Morgan,Brown
11497,Alex,Brown
11498,Jordan,Williams
11499,Jordan,Brown
11500,Taylor,Brown
11501,Morgan,Smith
11502,Alex,Jones
11503,Alex,Jones
11504,Casey,Johnson
11505,Taylor,Smith
11506,Taylor,Johnson
11507,Jordan,Williams
11508,Casey,Smith
11509,Jordan,Johnson
11510,Morgan,Johnson
11511,Taylor,Williams
11512,Jordan,Smith
11513,Taylor,Smith
11514,Taylor,Smith
11515,Alex,Smith
11516,Morgan,Johnson
11517,Morgan,Brown
11518,Jordan,Williams
11519,Casey,Brown
11520,Morgan,Johnson
11521,Morgan,Williams
11522,Jordan,Smith
11523,Casey,Jones
11524,Taylor,Smith
11525,Casey,Smith
11526,Jordan,Jones
11527,Taylor,Smith
11528,Morgan,Jones
11529,Alex,Brown
11530,Casey,Williams
11531,Morgan,Johnson
11532,Jordan,Johnson
11533,Morgan,Smith
11534,Alex,Brown
11535,Morgan,Smith
11536,Jordan,Jones
11537,Jordan,Jones
11538,Morgan,Johnson
11539,Alex,Williams
11540,Taylor,Williams
11541,Taylor,Brown
11542,Morgan,Williams
11543,Jordan,Johnson
11544,Casey,Johnson
11545,Casey,Brown
11546,Casey,Williams
11547,Alex,Smith
11548,Jordan,Brown
11549,Alex,Smith
11550,Alex,Williams
11551,Taylor,Smith
11552,Casey,Jones
11553,Alex,Smith
11554,Morgan,Jones
11555,Taylor,Brown
11556,Jordan,Johnson
11557,Alex,Brown
11558,Morgan,Brown
11559,Alex,Jones
11560,Morgan,Brown
11561,Alex,Johnson
11562,Morgan,Johnson
11563,Morgan,Johnson
11564,Morgan,Brown
11565,Jordan,Williams
11566,Jordan,Brown
11567,Jordan,Jones
11568,Taylor,Johnson
11569,Morgan,Williams
11570,Morgan,Johnson
11571,Morgan,Brown
11572,Alex,Johnson
11573,Taylor,Brown
11574,Alex,Jones
11575,Taylor,Williams
11576,Taylor,Williams
11577,Taylor,Williams
11578,Morgan,Johnson
11579,Casey,Jones
11580,Casey,Smith
11581,Taylor,Jones
11582,Alex,Johnson
11583,Alex,Johnson
11584,Jordan,Brown
11585,Morgan,Brown
11586,Jordan,Williams
11587,Alex,Brown
11588,Jordan,Smith
11589,Jordan,Williams
11590,Jordan,Johnson
11591,Jordan,Johnson
11592,Morgan,Williams
11593,Morgan,Williams
11594,Taylor,Smith
11595,Taylor,Jones
11596,Jordan,Brown
11597,Casey,Johnson
11598,Alex,Brown
11599,Alex,Brown
11600,Casey,Smith
11601,Jordan,Smith
11602,Casey,Smith
11603,Alex,Williams
11604,Alex,Jones
11605,Morgan,Smith
11606,Casey,Jones
11607,Taylor,Jones
11608,Alex,Brown
11609,Casey,Jones
11610,Jordan,Williams
11611,Morgan,Brown
11612,Morgan,Williams
11613,Taylor,Williams
11614,Taylor,Brown
11615,Casey,Johnson
11616,Taylor,Jones
11617,Morgan,Williams
11618,Jordan,Brown
11619,Casey,Williams
11620,Casey,Jones
11621,Casey,Smith
11622,Casey,Jones
11623,Casey,Brown
11624,Jordan,Brown
11625,Taylor,Williams
11626,Casey,Jones
11627,Morgan,Smith
11628,Alex,Brown
11629,Casey,Brown
11630,Taylor,Williams
11631,Taylor,Williams
11632,Casey,Brown
11633,Alex,Brown
11634,Alex,Johnson
11635,Alex,Williams
11636,Taylor,Brown
11637,Jordan,Williams
11638,Alex,Johnson
11639,Casey,Williams
11640,Taylor,Jones
11641,Jordan,Smith
11642,Morgan,Jones
11643,Taylor,Smith
11644,Alex,Johnson
11645,Casey,Jones
11646,Jordan,Williams
11647,Taylor,Smith
11648,Alex,Williams
11649,Taylor,Johnson
11650,Casey,Jones
11651,Taylor,Johnson
11652,Taylor,Williams
11653,Casey,Jones
11654,Morgan,Jones
11655,Jordan,Smith
11656,Alex,Williams
11657,Alex,Smith
11658,Jordan,Johnson
11659,Taylor,Smith
11660,Casey,Williams
11661,Jordan,Johnson
11662,Taylor,Smith
11663,Casey,Williams
11664,Alex,Brown
11665,Alex,Brown
11666,Jordan,Smith
11667,Jordan,Brown
11668,Taylor,Smith
11669,Casey,Brown
11670,Alex,Smith
11671,Alex,Smith
11672,Morgan,Smith
11673,Taylor,Williams
11674,Casey,Smith
11675,Jordan,Brown
11676,Jordan,Jones
11677,Alex,Jones
11678,Casey,Brown
11679,Morgan,Jones
11680,Casey,Brown
11681,Morgan,Brown
11682,Alex,Williams
11683,Morgan,Brown
11684,Casey,Smith
11685,Alex,Smith
11686,Jordan,Smith
11687,Alex,Jones
11688,Casey,Brown
11689,Casey,Brown
11690,Morgan,Williams
11691,Jordan,Brown
11692,Alex,Johnson
11693,Casey,Brown
11694,Jordan,Johnson
11695,Morgan,Brown
11696,Alex,Smith
11697,Alex,Jones
11698,Alex,Jones
11699,Morgan,Williams
11700,Morgan,Williams
11701,Alex,Johnson
11702,Morgan,Johnson
11703,Morgan,Johnson
11704,Alex,Johnson
11705,Alex,Williams
11706,Morgan,Brown
11707,Morgan,Brown
11708,Taylor,Johnson
11709,Morgan,Williams
11710,Taylor,Brown
11711,Jordan,Johnson
11712,Jordan,Johnson
11713,Casey,Johnson
11714,Alex,Johnson
11715,Morgan,Jones
11716,Morgan,Brown
11717,Jordan,Jones
11718,Casey,Brown
11719,Taylor,Brown
11720,Taylor,Brown
11721,Morgan,Brown
11722,Taylor,Johnson
11723,Jordan,Jones
11724,Taylor,Williams
11725,Taylor,Williams
11726,Casey,Johnson
11727,Taylor,Smith
11728,Morgan,Williams
11729,Morgan,Brown
11730,Jordan,Brown
11731,Casey,Brown
11732,Jordan,Brown
11733,Morgan,Brown
11734,Taylor,Williams
11735,Morgan,Brown
11736,Alex,Brown
11737,Alex,Johnson
11738,Casey,Jones
11739,Morgan,Johnson
11740,Morgan,Johnson
11741,Taylor,Brown
11742,Jordan,Smith
11743,Morgan,Smith
11744,Taylor,Brown
11745,Jordan,Jones
11746,Alex,Johnson
11747,Jordan,Brown
11748,Casey,Smith
11749,Alex,Jones
11750,Taylor,Johnson
11751,Jordan,Jones
11752,Casey,Brown
11753,Morgan,Jones
11754,Morgan,Williams
11755,Morgan,Johnson
11756,Casey,Jones
11757,Casey,Smith
11758,Morgan,Williams
11759,Casey,Brown
11760,Casey,Smith
11761,Casey,Jones
11762,Casey,Brown
11763,Jordan,Jones
11764,Casey,Johnson
11765,Casey,Williams
11766,Jordan,Brown
11767,Alex,Williams
11768,Taylor,Smith
11769,Alex,Jones
11770,Alex,Jones
11771,Casey,Williams
11772,Casey,Williams
11773,Taylor,Johnson
11774,Morgan,Williams
11775,Taylor,Johnson
11776,Casey,Jones
11777,Jordan,Johnson
11778,Morgan,Brown
11779,Jordan,Jones
11780,Morgan,Brown
11781,Morgan,Johnson
11782,Alex,Smith
11783,Casey,Brown
11784,Taylor,Williams
11785,Casey,Jones
11786,Taylor,Williams
11787,Jordan,Johnson
11788,Alex,Brown
11789,Morgan,Johnson
11790,Taylor,Jones
11791,Alex,Smith
11792,Casey,Johnson
11793,Alex,Brown
11794,Alex,Johnson
11795,Jordan,Jones
11796,Taylor,Jones
11797,Morgan,Johnson
11798,Taylor,Brown
11799,Alex,Johnson
11800,Jordan,Jones
11801,Jordan,Jones
11802,Casey,Johnson
11803,Casey,Williams
11804,Morgan,Williams
11805,Alex,Jones
11806,Alex,Williams
11807,Morgan,Brown
11808,Alex,Jones
11809,Casey,Smith
11810,Casey,Brown
11811,Alex,Johnson
11812,Casey,Jones
11813,Alex,Jones
11814,Morgan,Brown
11815,Jordan,Smith
11816,Alex,Brown
11817,Morgan,Smith
11818,Alex,Williams
11819,Jordan,Smith
11820,Morgan,Johnson
11821,Alex,Smith
11822,Alex,Johnson
11823,Taylor,Williams
11824,Morgan,Smith
11825,Jordan,Brown
11826,Morgan,Johnson
11827,Taylor,Jones
11828,Morgan,Smith
11829,Alex,Jones
11830,Jordan,Smith
11831,Morgan,Brown
11832,Alex,Jones
11833,Alex,Williams
11834,Casey,Brown
11835,Casey,Johnson
11836,Jordan,Johnson
11837,Taylor,Brown
11838,Casey,Smith
11839,Alex,Brown
11840,Morgan,Smith
11841,Casey,Williams
11842,Taylor,Williams
11843,Jordan,Williams
11844,Casey,Smith
11845,Morgan,Brown
11846,Jordan,Jones
11847,Jordan,Jones
11848,Casey,Williams
11849,Alex,Johnson
11850,Jordan,Jones
11851,Jordan,Jones
11852,Taylor,Williams
11853,Alex,Jones
11854,Jordan,Williams
11855,Jordan,Williams
11856,Alex,Brown
11857,Morgan,Smith
11858,Jordan,Smith
11859,Taylor,Jones
11860,Morgan,Brown
11861,Alex,Jones
11862,Casey,Jones
11863,Taylor,Smith
11864,Alex,Williams
11865,Casey,Johnson
11866,Jordan,Brown
11867,Alex,Brown
11868,Alex,Williams
11869,Morgan,Brown
11870,Jordan,Brown
11871,Taylor,Johnson
11872,Taylor,Williams
11873,Taylor,Williams
11874,Morgan,Williams
11875,Taylor,Jones
11876,Taylor,Brown
11877,Alex,Jones
11878,Taylor,Jones
11879,Morgan,Jones
11880,Taylor,Brown
11881,Casey,Jones
11882,Alex,Smith
11883,Casey,Smith
11884,Taylor,Brown
11885,Casey,Johnson
11886,Taylor,Johnson
11887,Jordan,Brown
11888,Taylor,Jones
11889,Taylor,Jones
11890,Taylor,Jones
11891,Alex,Jones
11892,Taylor,Smith
11893,Taylor,Smith
11894,Jordan,Williams
11895,Morgan,Williams
11896,Alex,Jones
11897,Jordan,Williams
11898,Alex,Smith
11899,Morgan,Williams
11900,Casey,Johnson
11901,Alex,Jones
11902,Casey,Williams
11903,Morgan,Brown
11904,Casey,Johnson
11905,Morgan,Williams
11906,Alex,Johnson
11907,Casey,Jones
11908,Taylor,Johnson
11909,Taylor,Johnson
11910,Alex,Johnson
11911,Morgan,Jones
11912,Taylor,Johnson
11913,Jordan,Brown
11914,Taylor,Smith
11915,Morgan,Johnson
11916,Casey,Smith
11917,Alex,Jones
11918,Casey,Smith
11919,Morgan,Jones
11920,Casey,Brown
11921,Jordan,Johnson
11922,Taylor,Brown
11923,Alex,Brown
11924,Morgan,Jones
11925,Morgan,Johnson
11926,Alex,Brown
11927,Casey,Johnson
11928,Morgan,Brown
11929,Jordan,Brown
11930,Jordan,Jones
11931,Jordan,Smith
11932,Morgan,Brown
11933,Alex,Johnson
11934,Alex,Johnson
11935,Casey,Williams
11936,Jordan,Johnson
11937,Taylor,Johnson
11938,Morgan,Jones
11939,Morgan,Johnson
11940,Morgan,Smith
11941,Morgan,Jones
11942,Morgan,Brown
11943,Taylor,Brown
11944,Alex,Johnson
11945,Morgan,Jones
11946,Casey,Johnson
11947,Jordan,Brown
11948,Alex,Jones
11949,Casey,Jones
11950,Alex,Johnson
11951,Morgan,Williams
11952,Jordan,Smith
11953,Alex,Brown
11954,Jordan,Johnson
11955,Alex,Johnson
11956,Casey,Brown
11957,Morgan,Brown
11958,Jordan,Smith
11959,Casey,Johnson
11960,Morgan,Brown
11961,Jordan,Johnson
11962,Morgan,Johnson
11963,Alex,Williams
11964,Morgan,Smith
11965,Casey,Brown
11966,Jordan,Jones
11967,Casey,Williams
11968,Taylor,Jones
11969,Taylor,Williams
11970,Alex,Johnson
11971,Taylor,Williams
11972,Taylor,Jones
11973,Casey,Williams
11974,Jordan,Jones
11975,Casey,Brown
11976,Taylor,Smith
11977,Taylor,Johnson
11978,Morgan,Williams
11979,Taylor,Brown
11980,Alex,Jones
11981,Taylor,Jones
11982,Casey,Williams
11983,Jordan,Brown
11984,Jordan,Smith
11985,Casey,Jones
11986,Jordan,Brown
11987,Alex,Smith
11988,Morgan,Johnson
11989,Taylor,Smith
11990,Taylor,Jones
11991,Morgan,Williams
11992,Taylor,Williams
11993,Casey,Smith
11994,Casey,Jones
11995,Jordan,Johnson
11996,Alex,Smith
11997,Alex,Smith
11998,Jordan,Brown
11999,Casey,Jones
12000,Taylor,Smith
12001,Morgan,Williams
12002,Jordan,Williams
12003,Alex,Williams
12004,Casey,Johnson
12005,Morgan,Jones
12006,Jordan,Williams
12007,Casey,Johnson
12008,Jordan,Brown
12009,Casey,Williams
12010,Alex,Smith
12011,Morgan,Williams
12012,Jordan,Jones
12013,Jordan,Jones
12014,Taylor,Johnson
12015,Morgan,Smith
12016,Morgan,Brown
12017,Jordan,Smith
12018,Taylor,Williams
12019,Jordan,Brown
12020,Alex,Jones
12021,Casey,Smith
12022,Taylor,Johnson
12023,Alex,Johnson
12024,Jordan,Johnson
12025,Morgan,Johnson
12026,Taylor,Smith
12027,Morgan,Jones
12028,Morgan,Brown
12029,Casey,Williams
12030,Morgan,Johnson
12031,Morgan,Johnson
12032,Jordan,Smith
12033,Taylor,Brown
12034,Casey,Jones
12035,Jordan,Williams
12036,Jordan,Williams
12037,Taylor,Brown
12038,Taylor,Williams
12039,Jordan,Jones
12040,Jordan,Williams
12041,Casey,Brown
12042,Alex,Jones
12043,Taylor,Williams
12044,Jordan,Smith
12045,Morgan,Smith
12046,Morgan,Williams
12047,Jordan,Brown
12048,Alex,Jones
12049,Morgan,Johnson
12050,Casey,Williams
12051,Casey,Brown
12052,Casey,Brown
12053,Alex,Johnson
12054,Alex,Williams
12055,Jordan,Brown
12056,Taylor,Brown
12057,Taylor,Jones
12058,Jordan,Williams
12059,Jordan,Jones
12060,Casey,Johnson
12061,Alex,Williams
12062,Taylor,Smith
12063,Alex,Johnson
12064,Taylor,Williams
12065,Jordan,Smith
12066,Casey,Williams
12067,Jordan,Williams
12068,Alex,Jones
12069,Jordan,Johnson
12070,Taylor,Williams
12071,Jordan,Johnson
12072,Alex,Jones
12073,Alex,Jones
12074,Taylor,Smith
12075,Taylor,Jones
12076,Taylor,Brown
12077,Jordan,Smith
12078,Jordan,Brown
12079,Casey,Smith
12080,Casey,Jones
12081,Jordan,Brown
12082,Morgan,Brown
12083,Casey,Johnson
12084,Jordan,Brown
12085,Jordan,Jones
12086,Taylor,Johnson
12087,Jordan,Jones
12088,Alex,Brown
12089,Morgan,Williams
12090,Alex,Smith
12091,Casey,Brown
12092,Morgan,Jones
12093,Taylor,Brown
12094,Taylor,Smith
12095,Jordan,Williams
12096,Jordan,Smith
12097,Casey,Smith
12098,Alex,Jones
12099,Morgan,Smith
12100,Jordan,Williams
12101,Alex,Brown
12102,Jordan,Smith
12103,Alex,Brown
12104,Taylor,Johnson
12105,Taylor,Williams
12106,Taylor,Williams
12107,Alex,Johnson
12108,Casey,Williams
12109,Jordan,Williams
12110,Morgan,Johnson
12111,Casey,Williams
12112,Taylor,Jones
12113,Casey,Jones
12114,Morgan,Brown
12115,Morgan,Jones
12116,Casey,Jones
12117,Taylor,Jones
12118,Jordan,Johnson
12119,Alex,Brown
12120,Taylor,Williams
12121,Casey,Jones
12122,Casey,Williams
12123,Casey,Jones
12124,Taylor,Brown
12125,Taylor,Williams
12126,Jordan,Williams
12127,Jordan,Williams
12128,Taylor,Smith
12129,Morgan,Johnson
12130,Jordan,Brown
12131,Jordan,Johnson
12132,Taylor,Smith
12133,Alex,Smith
12134,Morgan,Johnson
12135,Jordan,Jones
12136,Morgan,Smith
12137,Jordan,Williams
12138,Taylor,Smith
12139,Casey,Jones
12140,Alex,Williams
12141,Taylor,Smith
12142,Jordan,Smith
12143,Jordan,Williams
12144,Morgan,Smith
12145,Taylor,Jones
12146,Jordan,Johnson
12147,Taylor,Jones
12148,Alex,Jones
12149,Alex,Smith
12150,Taylor,Jones
12151,Jordan,Jones
12152,Alex,Jones
12153,Morgan,Jones
12154,Taylor,Smith
12155,Morgan,Jones
12156,Alex,Johnson
12157,Taylor,Smith
12158,Jordan,Jones
12159,Jordan,Williams
12160,Morgan,Smith
12161,Taylor,Johnson
12162,Casey,Williams
12163,Morgan,Williams
12164,Jordan,Jones
12165,Jordan,Williams
12166,Morgan,Jones
12167,Casey,Johnson
12168,Taylor,Jones
12169,Casey,Smith
12170,Jordan,Smith
12171,Alex,Smith
12172,Jordan,Johnson
12173,Morgan,Williams
12174,Alex,Jones
12175,Morgan,Smith
12176,Jordan,Williams
12177,Casey,Williams
12178,Taylor,Brown
12179,Taylor,Johnson
12180,Taylor,Jones
12181,Alex,Brown
12182,Alex,Smith
12183,Casey,Smith
12184,Morgan,Jones
12185,Casey,Brown
12186,Jordan,Smith
12187,Jordan,Jones
12188,Casey,Williams
12189,Morgan,Brown
12190,Jordan,Smith
12191,Morgan,Johnson
12192,Alex,Smith
12193,Alex,Johnson
12194,Alex,Brown
12195,Casey,Williams
12196,Alex,Williams
12197,Alex,Williams
12198,Taylor,Johnson
12199,Jordan,Brown
12200,Morgan,Williams
12201,Jordan,Williams
12202,Casey,Jones
12203,Taylor,Jones
12204,Alex,Smith
12205,Jordan,Johnson
12206,Taylor,Smith
12207,Jordan,Smith
12208,Taylor,Smith
12209,Jordan,Williams
12210,Casey,Smith
12211,Morgan,Johnson
12212,Casey,Johnson
12213,Taylor,Smith
12214,Taylor,Johnson
12215,Taylor,Jones
12216,Casey,Williams
12217,Jordan,Brown
12218,Alex,Johnson
12219,Morgan,Williams
12220,Taylor,Williams
12221,Taylor,Jones
12222,Taylor,Williams
12223,Jordan,Jones
12224,Casey,Brown
12225,Taylor,Brown
12226,Casey,Williams
12227,Jordan,Smith
12228,Casey,Jones
12229,Jordan,Smith
12230,Alex,Brown
12231,Casey,Brown
12232,Morgan,Johnson
12233,Morgan,Brown
12234,Casey,Williams
12235,Morgan,Jones
12236,Morgan,Johnson
12237,Morgan,Jones
12238,Morgan,Smith
12239,Jordan,Jones
12240,Casey,Jones
12241,Casey,Johnson
12242,Taylor,Jones
12243,Alex,Smith
12244,Jordan,Brown
12245,Casey,Williams
12246,Alex,Brown
12247,Jordan,Williams
12248,Jordan,Johnson
12249,Jordan,Williams
12250,Jordan,Johnson
12251,Taylor,Jones
12252,Jordan,Jones
12253,Alex,Jones
12254,Alex,Brown
12255,Jordan,Jones
12256,Alex,Johnson
12257,Jordan,Johnson
12258,Jordan,Brown
12259,Alex,Johnson
12260,Jordan,Johnson
12261,Taylor,Williams
12262,Taylor,Brown
12263,Casey,Johnson
12264,Morgan,Johnson
12265,Casey,Jones
12266,Alex,Williams
12267,Jordan,Brown
12268,Taylor,Johnson
12269,Jordan,Williams
12270,Morgan,Williams
12271,Jordan,Brown
12272,Alex,Smith
12273,Taylor,Johnson
12274,Jordan,Brown
12275,Taylor,Jones
12276,Taylor,Williams
12277,Alex,Williams
12278,Jordan,Brown
12279,Jordan,Johnson
12280,Jordan,Smith
12281,Jordan,Jones
12282,Jordan,Jones
12283,Alex,Johnson
12284,Morgan,Brown
12285,Alex,Brown
12286,Casey,Johnson
12287,Alex,Johnson
12288,Taylor,Johnson
12289,Casey,Johnson
12290,Morgan,Smith
12291,Alex,Jones
12292,Casey,Smith
12293,Taylor,Williams
12294,Casey,Smith
12295,Jordan,Johnson
12296,Alex,Brown
12297,Morgan,Smith
12298,Morgan,Brown
12299,Casey,Brown
12300,Taylor,Smith
12301,Casey,Brown
12302,Morgan,Brown
12303,Taylor,Jones
12304,Taylor,Johnson
12305,Casey,Smith
12306,Morgan,Brown
12307,Casey,Williams
12308,Morgan,Smith
12309,Jordan,Johnson
12310,Casey,Johnson
12311,Alex,Jones
12312,Casey,Williams
12313,Jordan,Smith
12314,Alex,Williams
12315,Jordan,Jones
12316,Morgan,Jones
12317,Morgan,Johnson
12318,Alex,Smith
12319,Alex,Smith
12320,Alex,Brown
12321,Alex,Smith
12322,Casey,Smith
12323,Morgan,Brown
12324,Casey,Jones
12325,Morgan,Williams
12326,Taylor,Brown
12327,Alex,Jones
12328,Alex,Jones
12329,Jordan,Jones
12330,Casey,Jones
12331,Morgan,Smith
12332,Taylor,Johnson
12333,Casey,Williams
12334,Taylor,Williams
12335,Morgan,Williams
12336,Morgan,Jones
12337,Casey,Brown
12338,Taylor,Johnson
12339,Jordan,Johnson
12340,Alex,Williams
12341,Jordan,Brown
12342,Casey,Jones
12343,Taylor,Williams
12344,Taylor,Williams
12345,Alex,Johnson
12346,Casey,Jones
12347,Jordan,Brown
12348,Casey,Smith
12349,Taylor,Jones
12350,Alex,Johnson
12351,Taylor,Jones
12352,Casey,Smith
12353,Morgan,Brown
12354,Jordan,Jones
12355,Jordan,Brown
12356,Jordan,Jones
12357,Morgan,Williams
12358,Morgan,Johnson
12359,Alex,Smith
12360,Morgan,Williams
12361,Alex,Brown
12362,Morgan,Williams
12363,Casey,Brown
12364,Jordan,Johnson
12365,Jordan,Johnson
12366,Alex,Jones
12367,Casey,Smith
12368,Casey,Smith
12369,Jordan,Williams
12370,Jordan,Smith
12371,Morgan,Brown
12372,Morgan,Jones
12373,Jordan,Williams
12374,Jordan,Smith
12375,Alex,Williams
12376,Taylor,Johnson
12377,Alex,Jones
12378,Alex,Johnson
12379,Morgan,Johnson
12380,Alex,Smith
12381,Alex,Jones
12382,Jordan,Johnson
12383,Taylor,Jones
12384,Taylor,Jones
12385,Casey,Jones
12386,Jordan,Williams
12387,Morgan,Brown
12388,Taylor,Williams
12389,Alex,Smith
12390,Taylor,Smith
12391,Taylor,Smith
12392,Alex,Johnson
12393,Jordan,Smith
12394,Taylor,Williams
12395,Casey,Smith
12396,Taylor,Johnson
12397,Taylor,Smith
12398,Alex,Smith
12399,Taylor,Jones
12400,Taylor,Smith
12401,Morgan,Johnson
12402,Alex,Brown
12403,Alex,Jones
12404,Alex,Williams
12405,Casey,Jones
12406,Alex,Jones
12407,Jordan,Smith
12408,Casey,Williams
12409,Morgan,Jones
12410,Morgan,Jones
12411,Casey,Johnson
12412,Taylor,Johnson
12413,Morgan,Jones
12414,Morgan,Johnson
12415,Morgan,Brown
12416,Taylor,Brown
12417,Alex,Johnson
12418,Alex,Smith
12419,Morgan,Smith
12420,Jordan,Williams
12421,Morgan,Williams
12422,Taylor,Jones
12423,Morgan,Johnson
12424,Jordan,Johnson
12425,Morgan,Jones
12426,Casey,Williams
12427,Morgan,Williams
12428,Taylor,Jones
12429,Casey,Williams
12430,Alex,Brown
12431,Jordan,Jones
12432,Taylor,Smith
12433,Casey,Johnson
12434,Taylor,Jones
12435,Morgan,Brown
12436,Jordan,Brown
12437,Casey,Jones
12438,Casey,Jones
12439,Alex,Williams
12440,Taylor,Williams
12441,Jordan,Brown
12442,Jordan,Williams
12443,Morgan,Johnson
12444,Casey,Brown
12445,Alex,Jones
12446,Casey,Johnson
12447,Alex,Johnson
12448,Taylor,Williams
12449,Jordan,Brown
12450,Alex,Brown
12451,Taylor,Williams
12452,Casey,Smith
12453,Casey,Johnson
12454,Morgan,Williams
12455,Morgan,Jones
12456,Alex,Williams
12457,Casey,Brown
12458,Casey,Jones
12459,Morgan,Johnson
12460,Morgan,Johnson
12461,Jordan,Brown
12462,Taylor,Jones
12463,Morgan,Brown
12464,Morgan,Jones
12465,Taylor,Johnson
12466,Morgan,Johnson
12467,Casey,Brown
12468,Jordan,Brown
12469,Casey,Johnson
12470,Jordan,Brown
12471,Jordan,Brown
12472,Morgan,Jones
12473,Jordan,Johnson
12474,Casey,Brown
12475,Taylor,Brown
12476,Jordan,Johnson
12477,Alex,Brown
12478,Taylor,Jones
12479,Taylor,Smith
12480,Taylor,Brown
12481,Casey,Smith
12482,Casey,Johnson
12483,Jordan,Smith
12484,Taylor,Brown
12485,Alex,Brown
12486,Alex,Johnson
12487,Morgan,Brown
12488,Casey,Johnson
12489,Alex,Williams
12490,Alex,Smith
12491,Casey,Smith
12492,Taylor,Williams
12493,Casey,Williams
12494,Morgan,Jones
12495,Alex,Jones
12496,Alex,Smith
12497,Jordan,Brown
12498,Casey,Williams
12499,Jordan,Johnson
12500,Alex,Smith
12501,Jordan,Johnson
12502,Alex,Jones
12503,Alex,Williams
12504,Casey,Johnson
12505,Alex,Jones
12506,Alex,Johnson
12507,Taylor,Smith
12508,Morgan,Brown
12509,Alex,Jones
12510,Morgan,Williams
12511,Morgan,Williams
12512,Taylor,Jones
12513,Alex,Jones
12514,Taylor,Smith
12515,Casey,Jones
12516,Casey,Williams
12517,Morgan,Johnson
12518,Taylor,Smith
12519,Morgan,Brown
12520,Taylor,Brown
12521,Casey,Smith
12522,Jordan,Smith
12523,Casey,Williams
12524,Casey,Smith
12525,Casey,Williams
12526,Alex,Brown
12527,Alex,Williams
12528,Taylor,Johnson
12529,Alex,Jones
12530,Alex,Johnson
12531,Alex,Smith
12532,Taylor,Johnson
12533,Jordan,Smith
12534,Morgan,Brown
12535,Jordan,Smith
12536,Alex,Brown
12537,Taylor,Brown
12538,Casey,Brown
12539,Taylor,Brown
12540,Alex,Smith
12541,Morgan,Johnson
12542,Casey,Williams
12543,Morgan,Smith
12544,Jordan,Smith
12545,Casey,Williams
12546,Morgan,Jones
12547,Casey,Smith
12548,Morgan,Jones
12549,Alex,Jones
12550,Casey,Williams
12551,Taylor,Brown
12552,Morgan,Brown
12553,Taylor,Smith
12554,Taylor,Williams
12555,Morgan,Brown
12556,Taylor,Brown
12557,Alex,Jones
12558,Morgan,Jones
12559,Casey,Smith
12560,Alex,Smith
12561,Jordan,Williams
12562,Alex,Brown
12563,Morgan,Brown
12564,Taylor,Brown
12565,Taylor,Johnson
12566,Casey,Williams
12567,Taylor,Jones
12568,Casey,Jones
12569,Jordan,Brown
12570,Casey,Johnson
12571,Casey,Jones
12572,Morgan,Brown
12573,Casey,Smith
12574,Jordan,Jones
12575,Casey,Williams
12576,Morgan,Williams
12577,Casey,Smith
12578,Morgan,Smith
12579,Alex,Brown
12580,Alex,Brown
12581,Taylor,Brown
12582,Taylor,Williams
12583,Taylor,Brown
12584,Morgan,Williams
12585,Casey,Brown
12586,Jordan,Williams
12587,Casey,Williams
12588,Jordan,Brown
12589,Casey,Williams
12590,Alex,Johnson
12591,Alex,Jones
12592,Casey,Brown
12593,Taylor,Brown
12594,Jordan,Jones
12595,Alex,Brown
12596,Casey,Johnson
12597,Morgan,Johnson
12598,Casey,Johnson
12599,Casey,Johnson
12600,Alex,Johnson
12601,Taylor,Williams
12602,Jordan,Brown
12603,Morgan,Smith
12604,Alex,Brown
12605,Jordan,Williams
12606,Morgan,Jones
12607,Morgan,Brown
12608,Jordan,Jones
12609,Morgan,Williams
12610,Morgan,Jones
12611,Taylor,Williams
12612,Alex,Johnson
12613,Morgan,Johnson
12614,Alex,Smith
12615,Morgan,Johnson
12616,Alex,Jones
12617,Morgan,Brown
12618,Jordan,Jones
12619,Casey,Johnson
12620,Alex,Johnson
12621,Jordan,Smith
12622,Morgan,Williams
12623,Alex,Smith
12624,Taylor,Brown
12625,Morgan,Smith
12626,Alex,Williams
12627,Morgan,Smith
12628,Taylor,Williams
12629,Morgan,Johnson
12630,Casey,Jones
12631,Casey,Jones
12632,Taylor,Jones
12633,Alex,Smith
12634,Morgan,Williams
12635,Alex,Smith
12636,Taylor,Williams
12637,Jordan,Smith
12638,Alex,Jones
12639,Alex,Smith
12640,Casey,Williams
12641,Jordan,Jones
12642,Morgan,Smith
12643,Jordan,Williams
12644,Alex,Williams
12645,Taylor,Williams
12646,Morgan,Brown
12647,Taylor,Smith
12648,Taylor,Brown
12649,Casey,Jones
12650,Taylor,Smith
12651,Morgan,Johnson
12652,Alex,Brown
12653,Casey,Brown
12654,Jordan,Brown
12655,Taylor,Smith
12656,Taylor,Johnson
12657,Casey,Williams
12658,Morgan,Jones
12659,Morgan,Smith
12660,Jordan,Williams
12661,Alex,Williams
12662,Taylor,Smith
12663,Taylor,Brown
12664,Alex,Brown
12665,Morgan,Smith
12666,Morgan,Williams
12667,Taylor,Jones
12668,Jordan,Williams
12669,Casey,Smith
12670,Jordan,Smith
12671,Casey,Williams
12672,Casey,Johnson
12673,Alex,Williams
12674,Taylor,Johnson
12675,Casey,Williams
12676,Jordan,Williams
12677,Morgan,Jones
12678,Jordan,Jones
12679,Jordan,Jones
12680,Taylor,Johnson
12681,Taylor,Williams
12682,Alex,Jones
12683,Morgan,Jones
12684,Taylor,Brown
12685,Alex,Williams
12686,Jordan,Jones
12687,Taylor,Brown
12688,Alex,Smith
12689,Jordan,Smith
12690,Alex,Smith
12691,Jordan,Williams
12692,Casey,Johnson
12693,Jordan,Jones
12694,Morgan,Smith
12695,Jordan,Williams
12696,Taylor,Jones
12697,Casey,Brown
12698,Morgan,Johnson
12699,Casey,Brown
12700,Jordan,Johnson
12701,Taylor,Brown
12702,Casey,Smith
12703,Taylor,Williams
12704,Jordan,Smith
12705,Jordan,Brown
12706,Jordan,Williams
12707,Casey,Brown
12708,Taylor,Jones
12709,Morgan,Smith
12710,Alex,Brown
12711,Alex,Smith
12712,Casey,Jones
12713,Casey,Smith
12714,Casey,Williams
12715,Jordan,Smith
12716,Alex,Brown
12717,Alex,Johnson
12718,Taylor,Johnson
12719,Alex,Smith
12720,Jordan,Williams
12721,Jordan,Brown
12722,Casey,Jones
12723,Jordan,Brown
12724,Morgan,Jones
12725,Taylor,Brown
12726,Morgan,Jones
12727,Casey,Smith
12728,Taylor,Jones
12729,Jordan,Williams
12730,Jordan,Williams
12731,Morgan,Williams
12732,Morgan,Smith
12733,Alex,Williams
12734,Alex,Williams
12735,Alex,Williams
12736,Casey,Jones
12737,Alex,Williams
12738,Morgan,Johnson
12739,Jordan,Williams
12740,Jordan,Smith
12741,Alex,Williams
12742,Alex,Williams
12743,Taylor,Smith
12744,Casey,Johnson
12745,Casey,Jones
12746,Alex,Johnson
12747,Jordan,Smith
12748,Taylor,Johnson
12749,Morgan,Brown
12750,Jordan,Smith
12751,Taylor,Brown
12752,Jordan,Jones
12753,Casey,Smith
12754,Alex,Williams
12755,Casey,Brown
12756,Jordan,Johnson
12757,Taylor,Brown
12758,Casey,Johnson
12759,Alex,Smith
12760,Casey,Johnson
12761,Casey,Johnson
12762,Alex,Johnson
12763,Alex,Brown
12764,Morgan,Brown
12765,Morgan,Johnson
12766,Morgan,Williams
12767,Alex,Brown
12768,Taylor,Smith
12769,Taylor,Johnson
12770,Alex,Johnson
12771,Jordan,Williams
12772,Jordan,Jones
12773,Casey,Jones
12774,Jordan,Williams
12775,Alex,Williams
12776,Casey,Brown
12777,Jordan,Brown
12778,Morgan,Smith
12779,Taylor,Johnson
12780,Casey,Brown
12781,Taylor,Brown
12782,Morgan,Johnson
12783,Alex,Jones
12784,Jordan,Johnson
12785,Taylor,Jones
12786,Alex,Smith
12787,Jordan,Johnson
12788,Taylor,Williams
12789,Alex,Williams
12790,Taylor,Smith
12791,Alex,Smith
12792,Alex,Williams
12793,Taylor,Smith
12794,Taylor,Williams
12795,Casey,Smith
12796,Taylor,Johnson
12797,Jordan,Williams
12798,Morgan,Johnson
12799,Morgan,Brown
12800,Morgan,Williams
12801,Casey,Jones
12802,Alex,Brown
12803,Casey,Williams
12804,Casey,Johnson
12805,Taylor,Jones
12806,Casey,Jones
12807,Jordan,Smith
12808,Casey,Smith
12809,Morgan,Jones
12810,Taylor,Johnson
12811,Morgan,Johnson
12812,Alex,Jones
12813,Casey,Smith
12814,Taylor,Brown
12815,Taylor,Johnson
12816,Taylor,Johnson
12817,Jordan,Brown
12818,Casey,Smith
12819,Taylor,Williams
12820,Taylor,Brown
12821,Casey,Williams
12822,Morgan,Jones
12823,Morgan,Jones
12824,Jordan,Brown
12825,Jordan,Jones
12826,Morgan,Williams
12827,Alex,Johnson
12828,Alex,Smith
12829,Casey,Johnson
12830,Morgan,Jones
12831,Morgan,Williams
12832,Casey,Brown
12833,Morgan,Smith
12834,Taylor,Johnson
12835,Taylor,Williams
12836,Casey,Smith
12837,Alex,Brown
12838,Casey,Johnson
12839,Taylor,Johnson
12840,Alex,Williams
12841,Taylor,Johnson
12842,Casey,Jones
12843,Jordan,Smith
12844,Casey,Smith
12845,Morgan,Smith
12846,Casey,Jones
12847,Taylor,Williams
12848,Casey,Brown
12849,Morgan,Brown
12850,Casey,Smith
12851,Morgan,Williams
12852,Alex,Brown
12853,Casey,Williams
12854,Taylor,Williams
12855,Casey,Williams
12856,Taylor,Brown
12857,Alex,Johnson
12858,Casey,Brown
12859,Taylor,Smith
12860,Jordan,Jones
12861,Taylor,Jones
12862,Morgan,Jones
12863,Morgan,Smith
12864,Taylor,Jones
12865,Taylor,Jones
12866,Taylor,Jones
12867,Jordan,Williams
12868,Taylor,Smith
12869,Morgan,Smith
12870,Taylor,Johnson
12871,Taylor,Williams
12872,Alex,Brown
12873,Jordan,Brown
12874,Morgan,Smith
12875,Taylor,Brown
12876,Jordan,Williams
12877,Jordan,Jones
12878,Jordan,Jones
12879,Morgan,Williams
12880,Casey,Jones
12881,Morgan,Smith
12882,Casey,Smith
12883,Alex,Jones
12884,Alex,Williams
12885,Casey,Williams
12886,Jordan,Johnson
12887,Morgan,Smith
12888,Taylor,Smith
12889,Casey,Smith
12890,Morgan,Williams
12891,Casey,Smith
12892,Taylor,Brown
12893,Alex,Jones
12894,Morgan,Brown
12895,Taylor,Johnson
12896,Casey,Johnson
12897,Alex,Jones
12898,Casey,Smith
12899,Jordan,Johnson
12900,Alex,Smith
12901,Jordan,Williams
12902,Jordan,Brown
12903,Casey,Brown
12904,Alex,Jones
12905,Casey,Brown
12906,Morgan,Smith
12907,Casey,Brown
12908,Casey,Smith
12909,Jordan,Williams
12910,Casey,Brown
12911,Taylor,Jones
12912,Morgan,Brown
12913,Casey,Williams
12914,Alex,Brown
12915,Jordan,Smith
12916,Taylor,Johnson
12917,Taylor,Johnson
12918,Jordan,Williams
12919,Taylor,Jones
12920,Morgan,Williams
12921,Alex,Brown
12922,Jordan,Smith
12923,Taylor,Johnson
12924,Jordan,Smith
12925,Casey,Brown
12926,Taylor,Smith
12927,Alex,Brown
12928,Taylor,Brown
12929,Alex,Jones
12930,Taylor,Brown
12931,Morgan,Smith
12932,Jordan,Jones
12933,Casey,Smith
12934,Morgan,Johnson
12935,Alex,Williams
12936,Alex,Williams
12937,Morgan,Jones
12938,Morgan,Jones
12939,Casey,Johnson
12940,Alex,Smith
12941,Casey,Williams
12942,Morgan,Brown
12943,Casey,Jones
12944,Jordan,Brown
12945,Jordan,Johnson
12946,Jordan,Smith
12947,Morgan,Williams
12948,Jordan,Jones
12949,Morgan,Johnson
12950,Alex,Brown
12951,Morgan,Jones
12952,Taylor,Johnson
12953,Jordan,Williams
12954,Alex,Johnson
12955,Casey,Williams
12956,Morgan,Jones
12957,Alex,Williams
12958,Casey,Johnson
12959,Morgan,Brown
12960,Jordan,Williams
12961,Taylor,Brown
12962,Casey,Williams
12963,Jordan,Jones
12964,Jordan,Brown
12965,Jordan,Brown
12966,Jordan,Brown
12967,Casey,Williams
12968,Alex,Brown
12969,Taylor,Johnson
12970,Jordan,Smith
12971,Casey,Jones
12972,Morgan,Williams
12973,Taylor,Smith
12974,Alex,Johnson
12975,Jordan,Brown
12976,Casey,Brown
12977,Casey,Jones
12978,Taylor,Johnson
12979,Alex,Brown
12980,Morgan,Johnson
12981,Morgan,Johnson
12982,Alex,Brown
12983,Alex,Williams
12984,Casey,Williams
12985,Taylor,Brown
12986,Taylor,Smith
12987,Taylor,Smith
12988,Alex,Jones
12989,Morgan,Jones
12990,Casey,Johnson
12991,Alex,Brown
12992,Alex,Williams
12993,Taylor,Smith
12994,Jordan,Jones
12995,Alex,Jones
12996,Taylor,Jones
12997,Jordan,Jones
12998,Morgan,Smith
12999,Jordan,Smith
13000,Casey,Jones
13001,Jordan,Brown
13002,Alex,Williams
13003,Jordan,Brown
13004,Casey,Jones
13005,Casey,Jones
13006,Taylor,Smith
13007,Casey,Williams
13008,Alex,Smith
13009,Alex,Jones
13010,Jordan,Smith
13011,Taylor,Brown
13012,Morgan,Brown
13013,Casey,Johnson
13014,Morgan,Smith
13015,Alex,Williams
13016,Taylor,Brown
13017,Casey,Williams
13018,Taylor,Williams
13019,Casey,Williams
13020,Alex,Brown
13021,Jordan,Jones
13022,Casey,Brown
13023,Jordan,Williams
13024,Casey,Johnson
13025,Casey,Williams
13026,Alex,Jones
13027,Taylor,Jones
13028,Casey,Johnson
13029,Casey,Brown
13030,Jordan,Brown
13031,Morgan,Smith
13032,Morgan,Brown
13033,Morgan,Smith
13034,Alex,Johnson
13035,Taylor,Jones
13036,Taylor,Jones
13037,Taylor,Jones
13038,Taylor,Brown
13039,Jordan,Jones
13040,Alex,Johnson
13041,Morgan,Williams
13042,Morgan,Williams
13043,Taylor,Brown
13044,Morgan,Williams
13045,Morgan,Brown
13046,Jordan,Jones
13047,Taylor,Jones
13048,Taylor,Williams
13049,Casey,Smith
13050,Taylor,Jones
13051,Jordan,Smith
13052,Jordan,Brown
13053,Casey,Brown
13054,Morgan,Smith
13055,Jordan,Jones
13056,Casey,Smith
13057,Jordan,Brown
13058,Taylor,Johnson
13059,Jordan,Johnson
13060,Taylor,Smith
13061,Taylor,Williams
13062,Jordan,Williams
13063,Morgan,Jones
13064,Jordan,Brown
13065,Morgan,Jones
13066,Taylor,Johnson
13067,Alex,Jones
13068,Alex,Brown
13069,Casey,Brown
13070,Alex,Johnson
13071,Morgan,Smith
13072,Taylor,Jones
13073,Alex,Brown
13074,Casey,Jones
13075,Alex,Brown
13076,Morgan,Smith
13077,Alex,Brown
13078,Taylor,Williams
13079,Alex,Johnson
13080,Taylor,Smith
13081,Casey,Williams
13082,Taylor,Brown
13083,Jordan,Brown
13084,Alex,Smith
13085,Taylor,Jones
13086,Morgan,Smith
13087,Jordan,Smith
13088,Jordan,Johnson
13089,Jordan,Williams
13090,Taylor,Johnson
13091,Jordan,Jones
13092,Jordan,Brown
13093,Casey,Smith
13094,Alex,Williams
13095,Casey,Johnson
13096,Morgan,Brown
13097,Jordan,Jones
13098,Jordan,Smith
13099,Jordan,Brown
13100,Jordan,Brown
13101,Alex,Jones
13102,Jordan,Jones
13103,Taylor,Johnson
13104,Taylor,Brown
13105,Morgan,Smith
13106,Casey,Johnson
13107,Jordan,Williams
13108,Jordan,Williams
13109,Alex,Jones
13110,Jordan,Johnson
13111,Jordan,Smith
13112,Taylor,Brown
13113,Casey,Smith
13114,Casey,Johnson
13115,Alex,Smith
13116,Jordan,Brown
13117,Taylor,Jones
13118,Alex,Williams
13119,Jordan,Williams
13120,Taylor,Jones
13121,Alex,Brown
13122,Taylor,Smith
13123,Alex,Williams
13124,Casey,Williams
13125,Jordan,Williams
13126,Jordan,Johnson
13127,Morgan,Jones
13128,Morgan,Johnson
13129,Morgan,Brown
13130,Alex,Jones
13131,Taylor,Jones
13132,Casey,Jones
13133,Casey,Jones
13134,Jordan,Jones
13135,Morgan,Smith
13136,Morgan,Williams
13137,Morgan,Smith
13138,Alex,Smith
13139,Alex,Williams
13140,Casey,Brown
13141,Morgan,Jones
13142,Alex,Brown
13143,Casey,Brown
13144,Taylor,Johnson
13145,Taylor,Jones
13146,Taylor,Jones
13147,Taylor,Jones
13148,Morgan,Williams
13149,Alex,Brown
13150,Alex,Williams
13151,Casey,Williams
13152,Morgan,Williams
13153,Alex,Williams
13154,Morgan,Smith
13155,Morgan,Williams
13156,Taylor,Brown
13157,Jordan,Johnson
13158,Morgan,Smith
13159,Morgan,Johnson
13160,Alex,Brown
13161,Casey,Smith
13162,Jordan,Smith
13163,Taylor,Smith
13164,Casey,Johnson
13165,Casey,Williams
13166,Taylor,Jones
13167,Jordan,Jones
13168,Casey,Johnson
13169,Jordan,Williams
13170,Jordan,Williams
13171,Taylor,Jones
13172,Alex,Johnson
13173,Jordan,Williams
13174,Casey,Brown
13175,Alex,Brown
13176,Taylor,Johnson
13177,Jordan,Brown
13178,Taylor,Williams
13179,Casey,Jones
13180,Alex,Williams
13181,Jordan,Smith
13182,Jordan,Jones
13183,Morgan,Johnson
13184,Morgan,Jones
13185,Jordan,Jones
13186,Casey,Johnson
13187,Taylor,Williams
13188,Morgan,Johnson
13189,Jordan,Smith
13190,Casey,Smith
13191,Alex,Brown
13192,Taylor,Johnson
13193,Taylor,Smith
13194,Alex,Williams
13195,Jordan,Johnson
13196,Alex,Brown
13197,Taylor,Jones
13198,Alex,Jones
13199,Casey,Brown
13200,Taylor,Jones
13201,Jordan,Smith
13202,Morgan,Johnson
13203,Morgan,Brown
13204,Taylor,Brown
13205,Alex,Jones
13206,Casey,Smith
13207,Morgan,Brown
13208,Taylor,Williams
13209,Morgan,Jones
13210,Jordan,Williams
13211,Taylor,Smith
13212,Jordan,Smith
13213,Jordan,Johnson
13214,Alex,Brown
13215,Morgan,Jones
13216,Jordan,Williams
13217,Casey,Johnson
13218,Casey,Jones
13219,Casey,Jones
13220,Alex,Smith
13221,Taylor,Johnson
13222,Alex,Williams
13223,Taylor,Jones
13224,Jordan,Williams
13225,Alex,Jones
13226,Alex,Jones
13227,Morgan,Smith
13228,Taylor,Jones
13229,Alex,Johnson
13230,Casey,Smith
13231,Alex,Williams
13232,Morgan,Jones
13233,Morgan,Johnson
13234,Jordan,Johnson
13235,Taylor,Smith
13236,Casey,Jones
13237,Casey,Johnson
13238,Casey,Jones
13239,Casey,Brown
13240,Jordan,Brown
13241,Casey,Brown
13242,Morgan,Jones
13243,Taylor,Brown
13244,Morgan,Johnson
13245,Morgan,Johnson
13246,Casey,Johnson
13247,Jordan,Jones
13248,Jordan,Johnson
13249,Morgan,Jones
13250,Jordan,Johnson
13251,Taylor,Smith
13252,Morgan,Johnson
13253,Morgan,Brown
13254,Jordan,Smith
13255,Alex,Williams
13256,Jordan,Jones
13257,Jordan,Smith
13258,Taylor,Jones
13259,Casey,Smith
13260,Morgan,Brown
13261,Jordan,Jones
13262,Alex,Brown
13263,Jordan,Brown
13264,Casey,Williams
13265,Alex,Johnson
13266,Jordan,Johnson
13267,Taylor,Williams
13268,Alex,Johnson
13269,Taylor,Smith
13270,Morgan,Smith
13271,Morgan,Smith
13272,Casey,Smith
13273,Jordan,Johnson
13274,Taylor,Brown
13275,Jordan,Johnson
13276,Alex,Smith
13277,Morgan,Smith
13278,Casey,Jones
13279,Jordan,Williams
13280,Alex,Jones
13281,Alex,Jones
13282,Alex,Brown
13283,Morgan,Jones
13284,Taylor,Smith
13285,Jordan,Williams
13286,Jordan,Johnson
13287,Taylor,Johnson
13288,Taylor,Johnson
13289,Taylor,Smith
13290,Taylor,Smith
13291,Casey,Brown
13292,Casey,Jones
13293,Taylor,Johnson
13294,Jordan,Smith
13295,Taylor,Smith
13296,Jordan,Smith
13297,Jordan,Jones
13298,Alex,Jones
13299,Casey,Williams
13300,Taylor,Williams
13301,Alex,Jones
13302,Alex,Smith
13303,Morgan,Johnson
13304,Jordan,Jones
13305,Morgan,Johnson
13306,Taylor,Williams
13307,Alex,Jones
13308,Casey,Brown
13309,Morgan,Johnson
13310,Casey,Smith
13311,Alex,Williams
13312,Casey,Jones
13313,Casey,Johnson
13314,Taylor,Smith
13315,Morgan,Smith
13316,Jordan,Johnson
13317,Alex,Brown
13318,Jordan,Jones
13319,Alex,Smith
13320,Taylor,Brown
13321,Alex,Brown
13322,Jordan,Jones
13323,Alex,Jones
13324,Jordan,Jones
13325,Taylor,Williams
13326,Alex,Brown
13327,Morgan,Johnson
13328,Casey,Brown
13329,Morgan,Brown
13330,Alex,Brown
13331,Jordan,Johnson
13332,Morgan,Johnson
13333,Jordan,Brown
13334,Alex,Brown
13335,Alex,Johnson
13336,Casey,Jones
13337,Taylor,Smith
13338,Alex,Jones
13339,Alex,Williams
13340,Casey,Smith
13341,Jordan,Brown
13342,Morgan,Williams
13343,Morgan,Smith
13344,Jordan,Johnson
13345,Taylor,Williams
13346,Morgan,Smith
13347,Taylor,Williams
13348,Alex,Smith
13349,Morgan,Johnson
13350,Morgan,Smith
13351,Alex,Johnson
13352,Alex,Smith
13353,Alex,Williams
13354,Taylor,Johnson
13355,Casey,Jones
13356,Alex,Smith
13357,Casey,Jones
13358,Morgan,Johnson
13359,Morgan,Brown
13360,Jordan,Williams
13361,Morgan,Smith
13362,Alex,Jones
13363,Morgan,Williams
13364,Morgan,Williams
13365,Alex,Brown
13366,Taylor,Smith
13367,Alex,Williams
13368,Taylor,Jones
13369,Alex,Brown
13370,Jordan,Johnson
13371,Taylor,Brown
13372,Alex,Smith
13373,Alex,Smith
13374,Morgan,Brown
13375,Alex,Smith
13376,Taylor,Jones
13377,Alex,Smith
13378,Morgan,Smith
13379,Jordan,Jones
13380,Casey,Johnson
13381,Taylor,Jones
13382,Taylor,Johnson
13383,Taylor,Brown
13384,Casey,Brown
13385,Taylor,Jones
13386,Alex,Jones
13387,Jordan,Jones
13388,Taylor,Jones
13389,Casey,Jones
13390,Alex,Brown
13391,Alex,Johnson
13392,Alex,Smith
13393,Morgan,Williams
13394,Casey,Williams
13395,Alex,Jones
13396,Morgan,Brown
13397,Morgan,Johnson
13398,Morgan,Williams
13399,Morgan,Brown
13400,Morgan,Smith
13401,Taylor,Smith
13402,Jordan,Smith
13403,Taylor,Smith
13404,Casey,Williams
13405,Morgan,Jones
13406,Alex,Johnson
13407,Jordan,Jones
13408,Jordan,Johnson
13409,Taylor,Smith
13410,Jordan,Jones
13411,Taylor,Williams
13412,Taylor,Johnson
13413,Jordan,Brown
13414,Morgan,Smith
13415,Casey,Jones
13416,Jordan,Johnson
13417,Jordan,Williams
13418,Morgan,Brown
13419,Jordan,Jones
13420,Jordan,Johnson
13421,Casey,Williams
13422,Morgan,Johnson
13423,Jordan,Williams
13424,Taylor,Williams
13425,Taylor,Williams
13426,Jordan,Johnson
13427,Casey,Jones
13428,Jordan,Smith
13429,Morgan,Jones
13430,Morgan,Johnson
13431,Casey,Jones
13432,Casey,Jones
13433,Jordan,Brown
13434,Alex,Brown
13435,Casey,Williams
13436,Taylor,Brown
13437,Casey,Jones
13438,Taylor,Williams
13439,Taylor,Jones
13440,Morgan,Jones
13441,Jordan,Williams
13442,Morgan,Williams
13443,Casey,Smith
13444,Taylor,Brown
13445,Casey,Jones
13446,Alex,Williams
13447,Taylor,Williams
13448,Taylor,Johnson
13449,Taylor,Smith
13450,Alex,Jones
13451,Casey,Brown
13452,Casey,Williams
13453,Morgan,Williams
13454,Taylor,Jones
13455,Morgan,Brown
13456,Jordan,Williams
13457,Morgan,Brown
13458,Casey,Jones
13459,Casey,Jones
13460,Alex,Brown
13461,Taylor,Jones
13462,Jordan,Jones
13463,Casey,Johnson
13464,Casey,Williams
13465,Jordan,Jones
13466,Casey,Johnson
13467,Jordan,Brown
13468,Morgan,Jones
13469,Jordan,Johnson
13470,Morgan,Jones
13471,Alex,Brown
13472,Alex,Smith
13473,Casey,Brown
13474,Casey,Johnson
13475,Taylor,Jones
13476,Casey,Smith
13477,Jordan,Jones
13478,Taylor,Jones
13479,Casey,Jones
13480,Morgan,Jones
13481,Jordan,Smith
13482,Alex,Brown
13483,Taylor,Smith
13484,Alex,Brown
13485,Casey,Johnson
13486,Casey,Smith
13487,Casey,Jones
13488,Jordan,Smith
13489,Casey,Brown
13490,Morgan,Brown
13491,Casey,Jones
13492,Alex,Williams
13493,Jordan,Williams
13494,Casey,Jones
13495,Casey,Johnson
13496,Alex,Williams
13497,Casey,Johnson
13498,Jordan,Brown
13499,Casey,Brown
13500,Morgan,Williams
13501,Jordan,Brown
13502,Jordan,Jones
13503,Alex,Smith
13504,Casey,Brown
13505,Taylor,Jones
13506,Alex,Williams
13507,Alex,Williams
13508,Alex,Williams
13509,Casey,Williams
13510,Taylor,Brown
13511,Jordan,Johnson
13512,Casey,Smith
13513,Jordan,Jones
13514,Morgan,Williams
13515,Alex,Jones
13516,Casey,Williams
13517,Casey,Williams
13518,Taylor,Smith
13519,Alex,Smith
13520,Alex,Johnson
13521,Morgan,Williams
13522,Taylor,Johnson
13523,Alex,Smith
13524,Alex,Brown
13525,Morgan,Jones
13526,Jordan,Brown
13527,Morgan,Smith
13528,Alex,Williams
13529,Morgan,Williams
13530,Alex,Smith
13531,Casey,Smith
13532,Morgan,Smith
13533,Morgan,Jones
13534,Morgan,Jones
13535,Alex,Johnson
13536,Morgan,Brown
13537,Casey,Jones
13538,Alex,Williams
13539,Alex,Smith
13540,Alex,Williams
13541,Jordan,Williams
13542,Alex,Johnson
13543,Alex,Brown
13544,Casey,Williams
13545,Morgan,Johnson
13546,Jordan,Jones
13547,Jordan,Johnson
13548,Morgan,Johnson
13549,Jordan,Johnson
13550,Taylor,Brown
13551,Alex,Brown
13552,Jordan,Smith
13553,Alex,Williams
13554,Casey,Johnson
13555,Taylor,Brown
13556,Taylor,Johnson
13557,Morgan,Johnson
13558,Casey,Smith
13559,Alex,Williams
13560,Morgan,Jones
13561,Morgan,Jones
13562,Taylor,Jones
13563,Jordan,Johnson
13564,Morgan,Williams
13565,Alex,Williams
13566,Taylor,Jones
13567,Casey,Smith
13568,Alex,Johnson
13569,Jordan,Jones
13570,Jordan,Williams
13571,Alex,Johnson
13572,Casey,Brown
13573,Jordan,Williams
13574,Taylor,Williams
13575,Taylor,Smith
13576,Alex,Jones
13577,Taylor,Williams
13578,Jordan,Williams
13579,Morgan,Smith
13580,Taylor,Jones
13581,Taylor,Brown
13582,Jordan,Jones
13583,Morgan,Williams
13584,Taylor,Brown
13585,Jordan,Johnson
13586,Jordan,Williams
13587,Morgan,Smith
13588,Morgan,Johnson
13589,Casey,Brown
13590,Casey,Johnson
13591,Casey,Jones
13592,Taylor,Smith
13593,Morgan,Brown
13594,Taylor,Johnson
13595,Alex,Williams
13596,Morgan,Brown
13597,Taylor,Brown
13598,Alex,Jones
13599,Casey,Brown
13600,Alex,Jones
13601,Taylor,Smith
13602,Taylor,Williams
13603,Jordan,Brown
13604,Jordan,Johnson
13605,Casey,Jones
13606,Jordan,Jones
13607,Taylor,Johnson
13608,Taylor,Williams
13609,Morgan,Jones
13610,Morgan,Johnson
13611,Casey,Brown
13612,Taylor,Jones
13613,Morgan,Jones
13614,Casey,Brown
13615,Alex,Brown
13616,Casey,Brown
13617,Jordan,Smith
13618,Casey,Brown
13619,Casey,Johnson
13620,Taylor,Johnson
13621,Taylor,Smith
13622,Casey,Brown
13623,Taylor,Brown
13624,Alex,Johnson
13625,Taylor,Johnson
13626,Morgan,Brown
13627,Jordan,Brown
13628,Taylor,Brown
13629,Casey,Jones
13630,Morgan,Johnson
13631,Alex,Smith
13632,Casey,Smith
13633,Alex,Johnson
13634,Taylor,Jones
13635,Jordan,Brown
13636,Morgan,Johnson
13637,Taylor,Smith
13638,Jordan,Brown
13639,Alex,Williams
13640,Jordan,Smith
13641,Morgan,Williams
13642,Casey,Jones
13643,Casey,Williams
13644,Jordan,Johnson
13645,Casey,Smith
13646,Morgan,Johnson
13647,Taylor,Smith
13648,Morgan,Williams
13649,Morgan,Jones
13650,Morgan,Jones
13651,Alex,Johnson
13652,Taylor,Williams
13653,Alex,Williams
13654,Casey,Brown
13655,Casey,Johnson
13656,Taylor,Brown
13657,Jordan,Jones
13658,Taylor,Brown
13659,Casey,Jones
13660,Taylor,Brown
13661,Alex,Williams
13662,Jordan,Jones
13663,Taylor,Brown
13664,Casey,Williams
13665,Jordan,Williams
13666,Taylor,Williams
13667,Taylor,Johnson
13668,Casey,Smith
13669,Casey,Brown
13670,Alex,Williams
13671,Taylor,Jones
13672,Casey,Smith
13673,Jordan,Jones
13674,Jordan,Brown
13675,Morgan,Smith
13676,Taylor,Jones
13677,Morgan,Smith
13678,Alex,Johnson
13679,Casey,Brown
13680,Morgan,Smith
13681,Morgan,Williams
13682,Casey,Brown
13683,Jordan,Smith
13684,Alex,Jones
13685,Jordan,Jones
13686,Taylor,Brown
13687,Morgan,Williams
13688,Casey,Brown
13689,Morgan,Brown
13690,Alex,Smith
13691,Morgan,Johnson
13692,Jordan,Jones
13693,Alex,Johnson
13694,Casey,Johnson
13695,Taylor,Williams
13696,Taylor,Johnson
13697,Morgan,Williams
13698,Casey,Johnson
13699,Casey,Williams
13700,Morgan,Smith
13701,Jordan,Jones
13702,Jordan,Jones
13703,Casey,Johnson
13704,Casey,Smith
13705,Taylor,Williams
13706,Alex,Jones
13707,Taylor,Smith
13708,Morgan,Williams
13709,Jordan,Jones
13710,Taylor,Smith
13711,Jordan,Jones
13712,Alex,Brown
13713,Alex,Williams
13714,Alex,Johnson
13715,Casey,Brown
13716,Morgan,Williams
13717,Taylor,Jones
13718,Taylor,Brown
13719,Morgan,Johnson
13720,Morgan,Johnson
13721,Taylor,Johnson
13722,Taylor,Johnson
13723,Taylor,Smith
13724,Alex,Jones
13725,Casey,Johnson
13726,Jordan,Brown
13727,Alex,Brown
13728,Alex,Brown
13729,Casey,Jones
13730,Taylor,Smith
13731,Jordan,Williams
13732,Jordan,Smith
13733,Taylor,Brown
13734,Jordan,Williams
13735,Alex,Brown
13736,Casey,Smith
13737,Jordan,Smith
13738,Morgan,Jones
13739,Alex,Brown
13740,Morgan,Brown
13741,Alex,Smith
13742,Casey,Johnson
13743,Casey,Jones
13744,Casey,Jones
13745,Alex,Johnson
13746,Jordan,Jones
13747,Jordan,Johnson
13748,Taylor,Jones
13749,Morgan,Johnson
13750,Jordan,Smith
13751,Morgan,Jones
13752,Taylor,Smith
13753,Taylor,Williams
13754,Casey,Brown
13755,Casey,Smith
13756,Taylor,Brown
13757,Taylor,Smith
13758,Jordan,Johnson
13759,Taylor,Brown
13760,Jordan,Williams
13761,Taylor,Johnson
13762,Morgan,Jones
13763,Alex,Johnson
13764,Taylor,Jones
13765,Alex,Smith
13766,Jordan,Jones
13767,Taylor,Smith
13768,Alex,Williams
13769,Taylor,Brown
13770,Jordan,Brown
13771,Jordan,Williams
13772,Alex,Smith
13773,Casey,Williams
13774,Jordan,Johnson
13775,Casey,Brown
13776,Casey,Jones
13777,Taylor,Williams
13778,Casey,Jones
13779,Morgan,Johnson
13780,Casey,Brown
13781,Alex,Jones
13782,Alex,Johnson
13783,Alex,Smith
13784,Taylor,Jones
13785,Morgan,Smith
13786,Alex,Brown
13787,Casey,Brown
13788,Jordan,Smith
13789,Taylor,Brown
13790,Alex,Brown
13791,Jordan,Smith
13792,Alex,Brown
13793,Morgan,Williams
13794,Morgan,Jones
13795,Morgan,Williams
13796,Casey,Williams
13797,Casey,Jones
13798,Morgan,Johnson
13799,Taylor,Jones
13800,Alex,Jones
13801,Jordan,Jones
13802,Taylor,Jones
13803,Taylor,Jones
13804,Jordan,Jones
13805,Taylor,Brown
13806,Morgan,Johnson
13807,Taylor,Williams
13808,Taylor,Williams
13809,Casey,Johnson
13810,Jordan,Williams
13811,Taylor,Jones
13812,Taylor,Jones
13813,Jordan,Smith
13814,Jordan,Brown
13815,Jordan,Smith
13816,Taylor,Jones
13817,Casey,Williams
13818,Jordan,Williams
13819,Alex,Williams
13820,Morgan,Smith
13821,Morgan,Brown
13822,Taylor,Jones
13823,Alex,Williams
13824,Casey,Jones
13825,Jordan,Jones
13826,Alex,Johnson
13827,Alex,Brown
13828,Jordan,Williams
13829,Taylor,Williams
13830,Jordan,Johnson
13831,Jordan,Jones
13832,Casey,Smith
13833,Alex,Johnson
13834,Jordan,Williams
13835,Alex,Smith
13836,Taylor,Johnson
13837,Morgan,Williams
13838,Taylor,Williams
13839,Taylor,Jones
13840,Alex,Williams
13841,Taylor,Smith
13842,Morgan,Smith
13843,Casey,Williams
13844,Taylor,Jones
13845,Alex,Brown
13846,Taylor,Jones
13847,Taylor,Smith
13848,Casey,Smith
13849,Alex,Jones
13850,Taylor,Jones
13851,Casey,Smith
13852,Jordan,Johnson
13853,Morgan,Williams
13854,Jordan,Smith
13855,Casey,Jones
13856,Jordan,Smith
13857,Jordan,Williams
13858,Morgan,Jones
13859,Alex,Jones
13860,Alex,Johnson
13861,Taylor,Johnson
13862,Morgan,Smith
13863,Morgan,Johnson
13864,Casey,Brown
13865,Casey,Brown
13866,Taylor,Jones
13867,Alex,Smith
13868,Alex,Williams
13869,Casey,Brown
13870,Jordan,Johnson
13871,Morgan,Smith
13872,Jordan,Smith
13873,Casey,Brown
13874,Taylor,Brown
13875,Taylor,Brown
13876,Casey,Jones
13877,Casey,Williams
13878,Morgan,Jones
13879,Casey,Jones
13880,Taylor,Williams
13881,Casey,Smith
13882,Alex,Johnson
13883,Jordan,Jones
13884,Taylor,Smith
13885,Alex,Smith
13886,Jordan,Brown
13887,Casey,Jones
13888,Taylor,Williams
13889,Alex,Brown
13890,Morgan,Brown
13891,Morgan,Brown
13892,Casey,Johnson
13893,Jordan,Williams
13894,Casey,Williams
13895,Jordan,Jones
13896,Jordan,Jones
13897,Morgan,Brown
13898,Casey,Smith
13899,Taylor,Jones
13900,Morgan,Smith
13901,Morgan,Smith
13902,Jordan,Jones
13903,Taylor,Jones
13904,Casey,Williams
13905,Casey,Smith
13906,Jordan,Jones
13907,Casey,Brown
13908,Casey,Williams
13909,Taylor,Smith
13910,Alex,Jones
13911,Jordan,Smith
13912,Casey,Williams
13913,Alex,Williams
13914,Alex,Jones
13915,Alex,Johnson
13916,Taylor,Johnson
13917,Jordan,Smith
13918,Morgan,Jones
13919,Taylor,Smith
13920,Casey,Williams
13921,Morgan,Johnson
13922,Jordan,Jones
13923,Taylor,Jones
13924,Morgan,Brown
13925,Jordan,Jones
13926,Jordan,Smith
13927,Casey,Jones
13928,Taylor,Johnson
13929,Morgan,Brown
13930,Casey,Brown
13931,Morgan,Johnson
13932,Alex,Smith
13933,Casey,Brown
13934,Morgan,Williams
13935,Casey,Williams
13936,Morgan,Smith
13937,Taylor,Jones
13938,Morgan,Johnson
13939,Jordan,Jones
13940,Taylor,Johnson
13941,Jordan,Johnson
13942,Jordan,Smith
13943,Jordan,Smith
13944,Morgan,Brown
13945,Morgan,Johnson
13946,Morgan,Jones
13947,Morgan,Williams
13948,Casey,Smith
13949,Alex,Smith
13950,Alex,Brown
13951,Jordan,Williams
13952,Taylor,Brown
13953,Jordan,Smith
13954,Alex,Brown
13955,Morgan,Smith
13956,Jordan,Smith
13957,Casey,Johnson
13958,Morgan,Jones
13959,Morgan,Johnson
13960,Jordan,Jones
13961,Casey,Williams
13962,Casey,Williams
13963,Morgan,Brown
13964,Taylor,Brown
13965,Morgan,Brown
13966,Casey,Johnson
13967,Casey,Williams
13968,Alex,Williams
13969,Alex,Williams
13970,Jordan,Smith
13971,Taylor,Smith
13972,Jordan,Williams
13973,Taylor,Brown
13974,Alex,Brown
13975,Morgan,Brown
13976,Jordan,Jones
13977,Morgan,Williams
13978,Jordan,Williams
13979,Casey,Johnson
13980,Alex,Johnson
13981,Taylor,Williams
13982,Taylor,Williams
13983,Alex,Jones
13984,Morgan,Johnson
13985,Jordan,Smith
13986,Alex,Smith
13987,Casey,Jones
13988,Casey,Brown
13989,Morgan,Smith
13990,Taylor,Brown
13991,Taylor,Smith
13992,Jordan,Williams
13993,Alex,Brown
13994,Morgan,Johnson
13995,Morgan,Smith
13996,Casey,Jones
13997,Morgan,Williams
13998,Morgan,Brown
13999,Jordan,Johnson
14000,Casey,Johnson
14001,Casey,Johnson
14002,Alex,Brown
14003,Taylor,Johnson
14004,Casey,Jones
14005,Alex,Brown
14006,Alex,Williams
14007,Taylor,Jones
14008,Casey,Johnson
14009,Alex,Jones
14010,Morgan,Johnson
14011,Casey,Johnson
14012,Jordan,Brown
14013,Alex,Smith
14014,Taylor,Williams
14015,Jordan,Smith
14016,Taylor,Brown
14017,Alex,Brown
14018,Casey,Brown
14019,Jordan,Brown
14020,Alex,Johnson
14021,Casey,Smith
14022,Jordan,Jones
14023,Morgan,Brown
14024,Casey,Brown
14025,Jordan,Williams
14026,Taylor,Johnson
14027,Alex,Jones
14028,Alex,Brown
14029,Morgan,Brown
14030,Jordan,Brown
14031,Taylor,Brown
14032,Morgan,Brown
14033,Casey,Smith
14034,Jordan,Johnson
14035,Casey,Williams
14036,Taylor,Johnson
14037,Jordan,Jones
14038,Jordan,Johnson
14039,Taylor,Williams
14040,Taylor,Jones
14041,Taylor,Brown
14042,Casey,Johnson
14043,Morgan,Jones
14044,Alex,Johnson
14045,Alex,Williams
14046,Taylor,Jones
14047,Alex,Brown
14048,Alex,Williams
14049,Morgan,Brown
14050,Taylor,Jones
14051,Jordan,Jones
14052,Taylor,Williams
14053,Taylor,Johnson
14054,Taylor,Brown
14055,Taylor,Williams
14056,Alex,Williams
14057,Taylor,Jones
14058,Taylor,Smith
14059,Morgan,Smith
14060,Jordan,Johnson
14061,Alex,Johnson
14062,Taylor,Johnson
14063,Alex,Smith
14064,Taylor,Brown
14065,Taylor,Jones
14066,Morgan,Brown
14067,Alex,Jones
14068,Alex,Smith
14069,Alex,Johnson
14070,Morgan,Williams
14071,Jordan,Brown
14072,Taylor,Smith
14073,Morgan,Johnson
14074,Casey,Johnson
14075,Jordan,Williams
14076,Alex,Jones
14077,Alex,Brown
14078,Alex,Brown
14079,Casey,Smith
14080,Casey,Brown
14081,Casey,Johnson
14082,Casey,Williams
14083,Taylor,Smith
14084,Jordan,Jones
14085,Casey,Brown
14086,Taylor,Smith
14087,Alex,Johnson
14088,Jordan,Brown
14089,Jordan,Smith
14090,Taylor,Smith
14091,Jordan,Brown
14092,Taylor,Jones
14093,Alex,Johnson
14094,Taylor,Smith
14095,Alex,Jones
14096,Taylor,Brown
14097,Alex,Jones
14098,Casey,Brown
14099,Morgan,Williams
14100,Alex,Johnson
14101,Alex,Smith
14102,Jordan,Johnson
14103,Jordan,Williams
14104,Casey,Jones
14105,Casey,Jones
14106,Morgan,Jones
14107,Alex,Johnson
14108,Jordan,Jones
14109,Jordan,Jones
14110,Alex,Jones
14111,Taylor,Williams
14112,Alex,Johnson
14113,Jordan,Smith
14114,Casey,Williams
14115,Casey,Johnson
14116,Alex,Brown
14117,Alex,Smith
14118,Taylor,Brown
14119,Alex,Jones
14120,Casey,Johnson
14121,Jordan,Smith
14122,Alex,Brown
14123,Casey,Johnson
14124,Taylor,Jones
14125,Taylor,Jones
14126,Alex,Jones
14127,Taylor,Johnson
14128,Alex,Johnson
14129,Morgan,Jones
14130,Alex,Williams
14131,Casey,Williams
14132,Casey,Jones
14133,Alex,Johnson
14134,Taylor,Smith
14135,Alex,Brown
14136,Taylor,Brown
14137,Morgan,Williams
14138,Taylor,Brown
14139,Casey,Brown
14140,Taylor,Williams
14141,Taylor,Williams
14142,Jordan,Jones
14143,Alex,Jones
14144,Taylor,Smith
14145,Morgan,Jones
14146,Alex,Jones
14147,Taylor,Williams
14148,Morgan,Jones
14149,Jordan,Jones
14150,Alex,Jones
14151,Jordan,Johnson
14152,Morgan,Johnson
14153,Taylor,Smith
14154,Jordan,Jones
14155,Casey,Brown
14156,Taylor,Jones
14157,Casey,Brown
14158,Casey,Johnson
14159,Casey,Jones
14160,Alex,Smith
14161,Taylor,Williams
14162,Casey,Williams
14163,Taylor,Smith
14164,Alex,Williams
14165,Casey,Smith
14166,Alex,Williams
14167,Taylor,Johnson
14168,Casey,Johnson
14169,Casey,Johnson
14170,Alex,Smith
14171,Morgan,Williams
14172,Taylor,Johnson
14173,Morgan,Williams
14174,Jordan,Williams
14175,Jordan,Smith
14176,Taylor,Johnson
14177,Taylor,Williams
14178,Casey,Johnson
14179,Alex,Smith
14180,Casey,Jones
14181,Taylor,Jones
14182,Casey,Jones
14183,Alex,Johnson
14184,Morgan,Smith
14185,Taylor,Jones
14186,Morgan,Brown
14187,Taylor,Smith
14188,Morgan,Jones
14189,Casey,Brown
14190,Casey,Johnson
14191,Alex,Smith
14192,Jordan,Johnson
14193,Alex,Smith
14194,Morgan,Smith
14195,Morgan,Brown
14196,Alex,Jones
14197,Morgan,Brown
14198,Taylor,Williams
14199,Taylor,Brown
14200,Casey,Johnson
14201,Jordan,Williams
14202,Jordan,Johnson
14203,Jordan,Jones
14204,Taylor,Johnson
14205,Alex,Brown
14206,Morgan,Jones
14207,Taylor,Johnson
14208,Alex,Brown
14209,Taylor,Smith
14210,Taylor,Brown
14211,Morgan,Williams
14212,Jordan,Jones
14213,Jordan,Jones
14214,Morgan,Johnson
14215,Alex,Brown
14216,Casey,Brown
14217,Jordan,Williams
14218,Jordan,Jones
14219,Morgan,Jones
14220,Taylor,Jones
14221,Taylor,Johnson
14222,Morgan,Brown
14223,Casey,Johnson
14224,Casey,Brown
14225,Morgan,Johnson
14226,Alex,Jones
14227,Casey,Smith
14228,Morgan,Williams
14229,Alex,Jones
14230,Taylor,Johnson
14231,Casey,Jones
14232,Jordan,Brown
14233,Casey,Jones
14234,Jordan,Williams
14235,Morgan,Jones
14236,Taylor,Jones
14237,Alex,Johnson
14238,Jordan,Jones
14239,Jordan,Jones
14240,Taylor,Williams
14241,Morgan,Smith
14242,Taylor,Williams
14243,Morgan,Smith
14244,Casey,Williams
14245,Casey,Williams
14246,Jordan,Jones
14247,Alex,Brown
14248,Morgan,Brown
14249,Taylor,Jones
14250,Casey,Jones
14251,Alex,Johnson
14252,Casey,Jones
14253,Jordan,Jones
14254,Casey,Brown
14255,Jordan,Williams
14256,Casey,Smith
14257,Taylor,Smith
14258,Jordan,Brown
14259,Casey,Jones
14260,Jordan,Brown
14261,Casey,Williams
14262,Alex,Brown
14263,Casey,Brown
14264,Jordan,Johnson
14265,Morgan,Johnson
14266,Casey,Jones
14267,Taylor,Williams
14268,Jordan,Smith
14269,Jordan,Brown
14270,Morgan,Johnson
14271,Alex,Williams
14272,Taylor,Brown
14273,Alex,Jones
14274,Taylor,Williams
14275,Casey,Smith
14276,Morgan,Johnson
14277,Morgan,Brown
14278,Alex,Smith
14279,Morgan,Brown
14280,Alex,Smith
14281,Casey,Williams
14282,Casey,Williams
14283,Morgan,Jones
14284,Alex,Brown
14285,Alex,Brown
14286,Jordan,Johnson
14287,Alex,Williams
14288,Alex,Smith
14289,Alex,Brown
14290,Taylor,Jones
14291,Taylor,Williams
14292,Alex,Williams
14293,Jordan,Brown
14294,Morgan,Johnson
14295,Taylor,Williams
14296,Alex,Jones
14297,Taylor,Williams
14298,Taylor,Brown
14299,Jordan,Jones
14300,Morgan,Smith
14301,Morgan,Johnson
14302,Morgan,Jones
14303,Morgan,Smith
14304,Casey,Williams
14305,Morgan,Brown
14306,Morgan,Brown
14307,Casey,Jones
14308,Morgan,Johnson
14309,Alex,Brown
14310,Jordan,Williams
14311,Taylor,Brown
14312,Morgan,Brown
14313,Jordan,Smith
14314,Jordan,Johnson
14315,Morgan,Williams
14316,Jordan,Smith
14317,Casey,Jones
14318,Taylor,Smith
14319,Casey,Johnson
14320,Jordan,Smith
14321,Taylor,Jones
14322,Morgan,Jones
14323,Jordan,Smith
14324,Taylor,Williams
14325,Morgan,Williams
14326,Taylor,Williams
14327,Taylor,Jones
14328,Casey,Johnson
14329,Morgan,Williams
14330,Morgan,Johnson
14331,Casey,Jones
14332,Taylor,Johnson
14333,Alex,Johnson
14334,Alex,Brown
14335,Alex,Johnson
14336,Taylor,Smith
14337,Alex,Jones
14338,Taylor,Jones
14339,Taylor,Smith
14340,Casey,Smith
14341,Alex,Jones
14342,Morgan,Smith
14343,Alex,Smith
14344,Taylor,Smith
14345,Jordan,Johnson
14346,Casey,Johnson
14347,Alex,Smith
14348,Casey,Brown
14349,Alex,Johnson
14350,Alex,Johnson
14351,Alex,Johnson
14352,Jordan,Brown
14353,Morgan,Williams
14354,Jordan,Williams
14355,Morgan,Johnson
14356,Alex,Johnson
14357,Taylor,Johnson
14358,Taylor,Jones
14359,Alex,Williams
14360,Morgan,Jones
14361,Morgan,Jones
14362,Casey,Johnson
14363,Morgan,Williams
14364,Morgan,Williams
14365,Alex,Brown
14366,Casey,Brown
14367,Casey,Brown
14368,Morgan,Williams
14369,Casey,Smith
14370,Casey,Johnson
14371,Jordan,Williams
14372,Morgan,Brown
14373,Jordan,Williams
14374,Casey,Smith
14375,Morgan,Jones
14376,Jordan,Williams
14377,Jordan,Jones
14378,Casey,Johnson
14379,Alex,Williams
14380,Morgan,Williams
14381,Alex,Brown
14382,Morgan,Smith
14383,Morgan,Jones
14384,Alex,Brown
14385,Casey,Brown
14386,Alex,Johnson
14387,Morgan,Jones
14388,Casey,Johnson
14389,Jordan,Brown
14390,Jordan,Jones
14391,Morgan,Brown
14392,Taylor,Smith
14393,Taylor,Smith
14394,Jordan,Jones
14395,Casey,Johnson
14396,Casey,Brown
14397,Morgan,Smith
14398,Alex,Jones
14399,Jordan,Johnson
14400,Casey,Johnson
14401,Taylor,Smith
14402,Alex,Johnson
14403,Taylor,Smith
14404,Alex,Johnson
14405,Morgan,Jones
14406,Casey,Johnson
14407,Casey,Johnson
14408,Taylor,Johnson
14409,Jordan,Smith
14410,Taylor,Smith
14411,Alex,Smith
14412,Taylor,Brown
14413,Jordan,Brown
14414,Alex,Jones
14415,Alex,Johnson
14416,Taylor,Williams
14417,Morgan,Johnson
14418,Casey,Brown
14419,Taylor,Johnson
14420,Alex,Jones
14421,Jordan,Johnson
14422,Casey,Jones
14423,Taylor,Smith
14424,Jordan,Brown
14425,Alex,Johnson
14426,Taylor,Smith
14427,Taylor,Smith
14428,Morgan,Brown
14429,Morgan,Brown
14430,Alex,Smith
14431,Casey,Williams
14432,Casey,Williams
14433,Casey,Williams
14434,Casey,Jones
14435,Taylor,Jones
14436,Jordan,Smith
14437,Jordan,Williams
14438,Taylor,Brown
14439,Casey,Johnson
14440,Casey,Johnson
14441,Casey,Brown
14442,Morgan,Jones
14443,Alex,Jones
14444,Casey,Williams
14445,Taylor,Smith
14446,Alex,Johnson
14447,Taylor,Johnson
14448,Alex,Brown
14449,Alex,Williams
14450,Jordan,Williams
14451,Alex,Smith
14452,Jordan,Jones
14453,Jordan,Johnson
14454,Alex,Johnson
14455,Casey,Brown
14456,Morgan,Brown
14457,Taylor,Johnson
14458,Taylor,Johnson
14459,Jordan,Smith
14460,Jordan,Jones
14461,Alex,Smith
14462,Morgan,Smith
14463,Taylor,Williams
14464,Alex,Jones
14465,Taylor,Johnson
14466,Alex,Jones
14467,Casey,Brown
14468,Jordan,Johnson
14469,Jordan,Williams
14470,Taylor,Brown
14471,Morgan,Brown
14472,Alex,Jones
14473,Alex,Jones
14474,Morgan,Smith
14475,Casey,Jones
14476,Casey,Smith
14477,Jordan,Johnson
14478,Jordan,Jones
14479,Taylor,Brown
14480,Casey,Williams
14481,Taylor,Brown
14482,Jordan,Williams
14483,Taylor,Johnson
14484,Taylor,Brown
14485,Casey,Williams
14486,Alex,Williams
14487,Taylor,Brown
14488,Alex,Williams
14489,Alex,Williams
14490,Casey,Smith
14491,Casey,Jones
14492,Taylor,Brown
14493,Morgan,Jones
14494,Jordan,Jones
14495,Jordan,Johnson
14496,Casey,Smith
14497,Taylor,Johnson
14498,Taylor,Smith
14499,Taylor,Smith
14500,Alex,Williams
14501,Alex,Smith
14502,Casey,Johnson
14503,Jordan,Smith
14504,Morgan,Johnson
14505,Morgan,Brown
14506,Casey,Jones
14507,Jordan,Smith
14508,Morgan,Brown
14509,Casey,Smith
14510,Jordan,Smith
14511,Morgan,Smith
14512,Alex,Johnson
14513,Taylor,Johnson
14514,Jordan,Brown
14515,Casey,Jones
14516,Morgan,Smith
14517,Casey,Brown
14518,Morgan,Williams
14519,Morgan,Johnson
14520,Taylor,Johnson
14521,Taylor,Williams
14522,Morgan,Smith
14523,Casey,Jones
14524,Alex,Jones
14525,Jordan,Williams
14526,Taylor,Williams
14527,Jordan,Johnson
14528,Morgan,Williams
14529,Taylor,Jones
14530,Taylor,Johnson
14531,Taylor,Williams
14532,Taylor,Johnson
14533,Casey,Jones
14534,Morgan,Williams
14535,Jordan,Williams
14536,Casey,Brown
14537,Casey,Williams
14538,Casey,Brown
14539,Casey,Brown
14540,Taylor,Brown
14541,Morgan,Johnson
14542,Jordan,Williams
14543,Morgan,Smith
14544,Alex,Brown
14545,Alex,Williams
14546,Alex,Brown
14547,Casey,Smith
14548,Alex,Brown
14549,Morgan,Brown
14550,Morgan,Brown
14551,Jordan,Brown
14552,Jordan,Williams
14553,Morgan,Brown
14554,Alex,Jones
14555,Jordan,Smith
14556,Jordan,Johnson
14557,Taylor,Smith
14558,Taylor,Williams
14559,Morgan,Smith
14560,Jordan,Smith
14561,Morgan,Brown
14562,Alex,Jones
14563,Alex,Jones
14564,Taylor,Brown
14565,Taylor,Brown
14566,Alex,Johnson
14567,Casey,Johnson
14568,Alex,Jones
14569,Casey,Johnson
14570,Casey,Johnson
14571,Taylor,Brown
14572,Alex,Jones
14573,Jordan,Smith
14574,Jordan,Brown
14575,Taylor,Johnson
14576,Taylor,Johnson
14577,Morgan,Brown
14578,Morgan,Jones
14579,Morgan,Williams
14580,Alex,Smith
14581,Jordan,Smith
14582,Morgan,Johnson
14583,Alex,Jones
14584,Alex,Johnson
14585,Morgan,Brown
14586,Casey,Brown
14587,Taylor,Williams
14588,Morgan,Brown
14589,Casey,Williams
14590,Morgan,Johnson
14591,Alex,Smith
14592,Alex,Smith
14593,Morgan,Jones
14594,Casey,Jones
14595,Morgan,Jones
14596,Alex,Williams
14597,Taylor,Johnson
14598,Casey,Williams
14599,Casey,Johnson
14600,Alex,Williams
14601,Alex,Jones
14602,Alex,Smith
14603,Taylor,Jones
14604,Taylor,Johnson
14605,Jordan,Smith
14606,Alex,Jones
14607,Taylor,Brown
14608,Taylor,Smith
14609,Taylor,Jones
14610,Jordan,Johnson
14611,Jordan,Brown
14612,Taylor,Johnson
14613,Morgan,Johnson
14614,Taylor,Williams
14615,Jordan,Johnson
14616,Taylor,Brown
14617,Casey,Jones
14618,Jordan,Johnson
14619,Morgan,Jones
14620,Taylor,Williams
14621,Jordan,Smith
14622,Morgan,Smith
14623,Taylor,Williams
14624,Jordan,Johnson
14625,Casey,Johnson
14626,Morgan,Williams
14627,Alex,Williams
14628,Alex,Smith
14629,Casey,Smith
14630,Casey,Smith
14631,Alex,Brown
14632,Jordan,Jones
14633,Jordan,Johnson
14634,Jordan,Brown
14635,Morgan,Williams
14636,Morgan,Johnson
14637,Morgan,Brown
14638,Jordan,Johnson
14639,Casey,Johnson
14640,Morgan,Jones
14641,Morgan,Johnson
14642,Casey,Smith
14643,Taylor,Smith
14644,Alex,Smith
14645,Taylor,Brown
14646,Alex,Jones
14647,Morgan,Williams
14648,Casey,Williams
14649,Jordan,Smith
14650,Taylor,Williams
14651,Jordan,Smith
14652,Morgan,Brown
14653,Morgan,Jones
14654,Jordan,Brown
14655,Taylor,Brown
14656,Taylor,Jones
14657,Alex,Williams
14658,Jordan,Williams
14659,Morgan,Johnson
14660,Taylor,Williams
14661,Casey,Williams
14662,Alex,Williams
14663,Morgan,Brown
14664,Jordan,Brown
14665,Casey,Brown
14666,Jordan,Johnson
14667,Alex,Smith
14668,Jordan,Jones
14669,Morgan,Williams
14670,Casey,Williams
14671,Casey,Jones
14672,Morgan,Johnson
14673,Casey,Jones
14674,Casey,Johnson
14675,Jordan,Johnson
14676,Morgan,Williams
14677,Jordan,Smith
14678,Jordan,Jones
14679,Alex,Jones
14680,Jordan,Brown
14681,Alex,Smith
14682,Taylor,Williams
14683,Taylor,Smith
14684,Taylor,Brown
14685,Taylor,Jones
14686,Jordan,Brown
14687,Taylor,Jones
14688,Morgan,Johnson
14689,Taylor,Johnson
14690,Jordan,Smith
14691,Morgan,Jones
14692,Casey,Smith
14693,Casey,Williams
14694,Alex,Brown
14695,Casey,Smith
14696,Alex,Williams
14697,Casey,Johnson
14698,Taylor,Johnson
14699,Alex,Williams
14700,Casey,Johnson
14701,Jordan,Williams
14702,Taylor,Brown
14703,Casey,Jones
14704,Casey,Williams
14705,Casey,Johnson
14706,Jordan,Brown
14707,Casey,Johnson
14708,Taylor,Brown
14709,Jordan,Brown
14710,Morgan,Williams
14711,Morgan,Williams
14712,Casey,Jones
14713,Jordan,Smith
14714,Casey,Smith
14715,Morgan,Jones
14716,Alex,Jones
14717,Jordan,Smith
14718,Taylor,Smith
14719,Alex,Smith
14720,Casey,Jones
14721,Alex,Johnson
14722,Jordan,Johnson
14723,Casey,Brown
14724,Taylor,Smith
14725,Morgan,Smith
14726,Jordan,Johnson
14727,Jordan,Williams
14728,Alex,Williams
14729,Jordan,Johnson
14730,Morgan,Jones
14731,Jordan,Johnson
14732,Taylor,Williams
14733,Jordan,Jones
14734,Jordan,Smith
14735,Jordan,Williams
14736,Morgan,Williams
14737,Alex,Johnson
14738,Jordan,Smith
14739,Jordan,Smith
14740,Morgan,Jones
14741,Taylor,Johnson
14742,Casey,Brown
14743,Taylor,Williams
14744,Morgan,Smith
14745,Morgan,Jones
14746,Jordan,Jones
14747,Casey,Jones
14748,Taylor,Jones
14749,Morgan,Smith
14750,Alex,Smith
14751,Taylor,Jones
14752,Casey,Williams
14753,Taylor,Williams
14754,Taylor,Johnson
14755,Taylor,Jones
14756,Jordan,Jones
14757,Casey,Jones
14758,Alex,Brown
14759,Jordan,Williams
14760,Alex,Smith
14761,Taylor,Jones
14762,Jordan,Johnson
14763,Casey,Williams
14764,Casey,Williams
14765,Alex,Johnson
14766,Taylor,Smith
14767,Casey,Brown
14768,Casey,Williams
14769,Jordan,Brown
14770,Morgan,Jones
14771,Morgan,Williams
14772,Casey,Jones
14773,Alex,Brown
14774,Taylor,Johnson
14775,Taylor,Johnson
14776,Jordan,Brown
14777,Taylor,Brown
14778,Alex,Williams
14779,Casey,Williams
14780,Morgan,Smith
14781,Jordan,Smith
14782,Alex,Jones
14783,Jordan,Brown
14784,Morgan,Johnson
14785,Jordan,Johnson
14786,Alex,Williams
14787,Morgan,Williams
14788,Morgan,Williams
14789,Jordan,Johnson
14790,Casey,Jones
14791,Alex,Williams
14792,Morgan,Williams
14793,Taylor,Jones
14794,Casey,Johnson
14795,Alex,Jones
14796,Taylor,Johnson
14797,Taylor,Smith
14798,Casey,Brown
14799,Casey,Brown
14800,Alex,Smith
14801,Casey,Johnson
14802,Morgan,Brown
14803,Casey,Johnson
14804,Jordan,Smith
14805,Casey,Johnson
14806,Taylor,Williams
14807,Jordan,Jones
14808,Taylor,Williams
14809,Taylor,Williams
14810,Jordan,Smith
14811,Taylor,Jones
14812,Taylor,Smith
14813,Alex,Smith
14814,Alex,Smith
14815,Alex,Jones
14816,Jordan,Johnson
14817,Casey,Johnson
14818,Alex,Smith
14819,Taylor,Jones
14820,Jordan,Smith
14821,Jordan,Jones
14822,Alex,Johnson
14823,Alex,Brown
14824,Taylor,Brown
14825,Jordan,Brown
14826,Taylor,Brown
14827,Morgan,Johnson
14828,Jordan,Johnson
14829,Morgan,Smith
14830,Jordan,Jones
14831,Alex,Johnson
14832,Taylor,Johnson
14833,Jordan,Smith
14834,Jordan,Brown
14835,Jordan,Brown
14836,Taylor,Jones
14837,Morgan,Jones
14838,Morgan,Williams
14839,Casey,Jones
14840,Alex,Jones
14841,Alex,Jones
14842,Taylor,Smith
14843,Jordan,Jones
14844,Casey,Smith
14845,Alex,Johnson
14846,Morgan,Johnson
14847,Taylor,Williams
14848,Alex,Smith
14849,Taylor,Brown
14850,Alex,Johnson
14851,Alex,Williams
14852,Jordan,Brown
14853,Alex,Smith
14854,Morgan,Smith
14855,Morgan,Smith
14856,Jordan,Brown
14857,Casey,Jones
14858,Morgan,Smith
14859,Alex,Smith
14860,Jordan,Williams
14861,Jordan,Williams
14862,Morgan,Williams
14863,Morgan,Smith
14864,Taylor,Jones
14865,Morgan,Smith
14866,Taylor,Jones
14867,Taylor,Jones
14868,Morgan,Jones
14869,Jordan,Smith
14870,Alex,Johnson
14871,Morgan,Williams
14872,Alex,Brown
14873,Taylor,Brown
14874,Alex,Jones
14875,Morgan,Johnson
14876,Alex,Williams
14877,Casey,Brown
14878,Casey,Brown
14879,Alex,Smith
14880,Jordan,Smith
14881,Alex,Smith
14882,Morgan,Smith
14883,Morgan,Brown
14884,Jordan,Smith
14885,Morgan,Smith
14886,Casey,Jones
14887,Alex,Williams
14888,Morgan,Jones
14889,Taylor,Johnson
14890,Alex,Johnson
14891,Alex,Jones
14892,Casey,Jones
14893,Morgan,Johnson
14894,Jordan,Brown
14895,Alex,Johnson
14896,Casey,Smith
14897,Morgan,Jones
14898,Alex,Jones
14899,Jordan,Johnson
14900,Alex,Brown
14901,Casey,Johnson
14902,Jordan,Jones
14903,Casey,Smith
14904,Alex,Johnson
14905,Taylor,Johnson
14906,Casey,Smith
14907,Alex,Brown
14908,Alex,Williams
14909,Morgan,Johnson
14910,Taylor,Johnson
14911,Morgan,Jones
14912,Alex,Williams
14913,Morgan,Johnson
14914,Taylor,Williams
14915,Taylor,Williams
14916,Morgan,Jones
14917,Jordan,Jones
14918,Taylor,Smith
14919,Morgan,Brown
14920,Jordan,Jones
14921,Casey,Johnson
14922,Casey,Jones
14923,Morgan,Williams
14924,Morgan,Johnson
14925,Morgan,Smith
14926,Taylor,Johnson
14927,Casey,Smith
14928,Jordan,Brown
14929,Casey,Johnson
14930,Casey,Jones
14931,Alex,Jones
14932,Alex,Williams
14933,Casey,Brown
14934,Alex,Jones
14935,Taylor,Jones
14936,Morgan,Williams
14937,Casey,Jones
14938,Alex,Williams
14939,Morgan,Jones
14940,Jordan,Smith
14941,Morgan,Smith
14942,Alex,Jones
14943,Jordan,Jones
14944,Casey,Jones
14945,Morgan,Johnson
14946,Jordan,Brown
14947,Morgan,Brown
14948,Morgan,Brown
14949,Alex,Johnson
14950,Casey,Smith
14951,Taylor,Williams
14952,Taylor,Brown
14953,Casey,Williams
14954,Taylor,Smith
14955,Morgan,Williams
14956,Casey,Johnson
14957,Alex,Johnson
14958,Jordan,Jones
14959,Alex,Brown
14960,Casey,Smith
14961,Alex,Johnson
14962,Alex,Johnson
14963,Casey,Smith
14964,Taylor,Williams
14965,Alex,Jones
14966,Alex,Smith
14967,Alex,Johnson
14968,Casey,Johnson
14969,Jordan,Williams
14970,Alex,Jones
14971,Taylor,Smith
14972,Taylor,Brown
14973,Alex,Jones
14974,Morgan,Brown
14975,Jordan,Williams
14976,Casey,Williams
14977,Taylor,Williams
14978,Taylor,Williams
14979,Jordan,Brown
14980,Jordan,Johnson
14981,Taylor,Williams
14982,Alex,Brown
14983,Casey,Williams
14984,Jordan,Brown
14985,Alex,Williams
14986,Jordan,Johnson
14987,Taylor,Jones
14988,Morgan,Johnson
14989,Jordan,Jones
14990,Morgan,Johnson
14991,Alex,Smith
14992,Morgan,Jones
14993,Taylor,Jones
14994,Jordan,Smith
14995,Jordan,Smith
14996,Jordan,Jones
14997,Jordan,Williams
14998,Alex,Brown
14999,Alex,Smith
15000,Morgan,Smith
15001,Morgan,Jones
15002,Casey,Brown
15003,Morgan,Williams
15004,Jordan,Jones
15005,Jordan,Smith
15006,Jordan,Brown
15007,Jordan,Williams
15008,Alex,Brown
15009,Taylor,Johnson
15010,Morgan,Brown
15011,Morgan,Smith
15012,Alex,Brown
15013,Jordan,Brown
15014,Casey,Jones
15015,Casey,Williams
15016,Jordan,Williams
15017,Alex,Williams
15018,Taylor,Brown
15019,Alex,Brown
15020,Morgan,Jones
15021,Alex,Smith
15022,Alex,Jones
15023,Morgan,Brown
15024,Alex,Johnson
15025,Morgan,Brown
15026,Taylor,Johnson
15027,Jordan,Williams
15028,Alex,Smith
15029,Morgan,Williams
15030,Jordan,Jones
15031,Casey,Smith
15032,Taylor,Brown
15033,Taylor,Jones
15034,Taylor,Johnson
15035,Casey,Williams
15036,Jordan,Smith
15037,Taylor,Smith
15038,Jordan,Jones
15039,Taylor,Brown
15040,Jordan,Jones
15041,Morgan,Brown
15042,Jordan,Williams
15043,Morgan,Johnson
15044,Morgan,Williams
15045,Morgan,Johnson
15046,Jordan,Brown
15047,Morgan,Brown
15048,Jordan,Johnson
15049,Taylor,Johnson
15050,Taylor,Jones
15051,Jordan,Williams
15052,Jordan,Johnson
15053,Jordan,Smith
15054,Casey,Jones
15055,Jordan,Williams
15056,Alex,Smith
15057,Morgan,Johnson
15058,Taylor,Brown
15059,Morgan,Brown
15060,Alex,Jones
15061,Alex,Johnson
15062,Alex,Brown
15063,Casey,Williams
15064,Jordan,Johnson
15065,Casey,Jones
15066,Alex,Smith
15067,Casey,Williams
15068,Jordan,Smith
15069,Taylor,Smith
15070,Jordan,Brown
15071,Taylor,Williams
15072,Casey,Brown
15073,Taylor,Brown
15074,Casey,Smith
15075,Casey,Johnson
15076,Alex,Brown
15077,Alex,Brown
15078,Morgan,Smith
15079,Taylor,Smith
15080,Taylor,Jones
15081,Morgan,Brown
15082,Taylor,Brown
15083,Taylor,Smith
15084,Jordan,Smith
15085,Casey,Johnson
15086,Alex,Johnson
15087,Casey,Williams
15088,Morgan,Smith
15089,Casey,Johnson
15090,Jordan,Jones
15091,Jordan,Johnson
15092,Morgan,Williams
15093,Jordan,Williams
15094,Casey,Smith
15095,Morgan,Smith
15096,Morgan,Williams
15097,Alex,Jones
15098,Alex,Smith
15099,Taylor,Jones
15100,Casey,Williams
15101,Morgan,Brown
15102,Morgan,Johnson
15103,Morgan,Johnson
15104,Taylor,Smith
15105,Jordan,Johnson
15106,Taylor,Smith
15107,Taylor,Jones
15108,Jordan,Brown
15109,Casey,Brown
15110,Jordan,Smith
15111,Morgan,Johnson
15112,Casey,Brown
15113,Morgan,Smith
15114,Casey,Jones
15115,Morgan,Johnson
15116,Taylor,Brown
15117,Taylor,Smith
15118,Taylor,Johnson
15119,Taylor,Jones
15120,Casey,Johnson
15121,Casey,Williams
15122,Alex,Jones
15123,Alex,Williams
15124,Alex,Johnson
15125,Alex,Brown
15126,Morgan,Williams
15127,Jordan,Brown
15128,Morgan,Williams
15129,Taylor,Jones
15130,Morgan,Jones
15131,Taylor,Brown
15132,Jordan,Johnson
15133,Alex,Jones
15134,Jordan,Jones
15135,Taylor,Jones
15136,Morgan,Johnson
15137,Morgan,Williams
15138,Casey,Williams
15139,Taylor,Williams
15140,Morgan,Smith
15141,Jordan,Smith
15142,Taylor,Smith
15143,Morgan,Brown
15144,Jordan,Williams
15145,Taylor,Johnson
15146,Morgan,Williams
15147,Morgan,Brown
15148,Morgan,Smith
15149,Casey,Brown
15150,Jordan,Williams
15151,Morgan,Jones
15152,Jordan,Brown
15153,Alex,Williams
15154,Alex,Johnson
15155,Casey,Brown
15156,Alex,Johnson
15157,Casey,Johnson
15158,Taylor,Johnson
15159,Morgan,Johnson
15160,Jordan,Johnson
15161,Jordan,Smith
15162,Jordan,Brown
15163,Jordan,Smith
15164,Casey,Williams
15165,Jordan,Smith
15166,Jordan,Johnson
15167,Jordan,Johnson
15168,Morgan,Brown
15169,Morgan,Jones
15170,Morgan,Williams
15171,Jordan,Brown
15172,Casey,Jones
15173,Morgan,Johnson
15174,Taylor,Williams
15175,Jordan,Brown
15176,Casey,Brown
15177,Alex,Jones
15178,Jordan,Jones
15179,Jordan,Jones
15180,Alex,Johnson
15181,Taylor,Williams
15182,Casey,Johnson
15183,Jordan,Williams
15184,Jordan,Smith
15185,Morgan,Brown
15186,Morgan,Williams
15187,Alex,Johnson
15188,Morgan,Brown
15189,Alex,Smith
15190,Taylor,Johnson
15191,Jordan,Jones
15192,Jordan,Johnson
15193,Casey,Williams
15194,Morgan,Jones
15195,Taylor,Jones
15196,Alex,Brown
15197,Taylor,Brown
15198,Jordan,Williams
15199,Taylor,Jones
15200,Casey,Johnson
15201,Morgan,Jones
15202,Jordan,Johnson
15203,Morgan,Smith
15204,Taylor,Williams
15205,Casey,Williams
15206,Morgan,Williams
15207,Jordan,Jones
15208,Taylor,Williams
15209,Casey,Williams
15210,Casey,Johnson
15211,Jordan,Johnson
15212,Taylor,Jones
15213,Jordan,Jones
15214,Taylor,Williams
15215,Casey,Jones
15216,Jordan,Johnson
15217,Alex,Johnson
15218,Taylor,Jones
15219,Jordan,Williams
15220,Casey,Smith
15221,Morgan,Jones
15222,Jordan,Johnson
15223,Morgan,Jones
15224,Morgan,Jones
15225,Casey,Jones
15226,Alex,Brown
15227,Alex,Smith
15228,Alex,Johnson
15229,Morgan,Jones
15230,Alex,Jones
15231,Morgan,Brown
15232,Morgan,Jones
15233,Jordan,Jones
15234,Jordan,Brown
15235,Casey,Smith
15236,Casey,Brown
15237,Taylor,Jones
15238,Taylor,Brown
15239,Casey,Brown
15240,Alex,Williams
15241,Morgan,Jones
15242,Jordan,Brown
15243,Casey,Williams
15244,Jordan,Smith
15245,Alex,Johnson
15246,Taylor,Brown
15247,Casey,Brown
15248,Taylor,Brown
15249,Taylor,Brown
15250,Morgan,Johnson
15251,Jordan,Johnson
15252,Casey,Williams
15253,Alex,Williams
15254,Casey,Johnson
15255,Jordan,Smith
15256,Jordan,Smith
15257,Taylor,Williams
15258,Jordan,Brown
15259,Alex,Smith
15260,Jordan,Jones
15261,Taylor,Williams
15262,Morgan,Williams
15263,Morgan,Brown
15264,Jordan,Jones
15265,Jordan,Johnson
15266,Casey,Smith
15267,Jordan,Jones
15268,Morgan,Smith
15269,Alex,Brown
15270,Casey,Jones
15271,Jordan,Johnson
15272,Morgan,Brown
15273,Morgan,Johnson
15274,Jordan,Williams
15275,Taylor,Smith
15276,Casey,Williams
15277,Jordan,Smith
15278,Casey,Williams
15279,Taylor,Johnson
15280,Alex,Johnson
15281,Morgan,Williams
15282,Alex,Jones
15283,Casey,Williams
15284,Taylor,Brown
15285,Taylor,Jones
15286,Jordan,Brown
15287,Jordan,Williams
15288,Jordan,Johnson
15289,Alex,Brown
15290,Casey,Jones
15291,Taylor,Brown
15292,Taylor,Brown
15293,Jordan,Williams
15294,Casey,Smith
15295,Jordan,Smith
15296,Morgan,Williams
15297,Jordan,Brown
15298,Alex,Smith
15299,Jordan,Smith
15300,Taylor,Jones
15301,Alex,Brown
15302,Casey,Johnson
15303,Casey,Johnson
15304,Morgan,Brown
15305,Taylor,Johnson
15306,Morgan,Smith
15307,Casey,Jones
15308,Morgan,Brown
15309,Morgan,Smith
15310,Alex,Brown
15311,Morgan,Johnson
15312,Jordan,Williams
15313,Taylor,Williams
15314,Morgan,Jones
15315,Alex,Jones
15316,Casey,Williams
15317,Casey,Jones
15318,Casey,Johnson
15319,Taylor,Smith
15320,Morgan,Brown
15321,Alex,Brown
15322,Jordan,Brown
15323,Casey,Smith
15324,Alex,Smith
15325,Jordan,Johnson
15326,Alex,Williams
15327,Casey,Johnson
15328,Casey,Williams
15329,Morgan,Jones
15330,Jordan,Jones
15331,Morgan,Brown
15332,Taylor,Smith
15333,Alex,Williams
15334,Taylor,Williams
15335,Taylor,Jones
15336,Morgan,Williams
15337,Jordan,Williams
15338,Taylor,Johnson
15339,Casey,Williams
15340,Taylor,Williams
15341,Morgan,Williams
15342,Taylor,Smith
15343,Jordan,Smith
15344,Morgan,Jones
15345,Taylor,Jones
15346,Casey,Smith
15347,Jordan,Smith
15348,Jordan,Brown
15349,Taylor,Johnson
15350,Alex,Williams
15351,Morgan,Brown
15352,Casey,Williams
15353,Morgan,Williams
15354,Jordan,Brown
15355,Morgan,Johnson
15356,Taylor,Jones
15357,Taylor,Williams
15358,Taylor,Brown
15359,Jordan,Williams
15360,Alex,Williams
15361,Alex,Brown
15362,Morgan,Johnson
15363,Taylor,Jones
15364,Morgan,Smith
15365,Alex,Williams
15366,Alex,Johnson
15367,Alex,Williams
15368,Casey,Brown
15369,Jordan,Brown
15370,Taylor,Johnson
15371,Alex,Johnson
15372,Alex,Brown
15373,Alex,Johnson
15374,Casey,Johnson
15375,Casey,Smith
15376,Taylor,Williams
15377,Casey,Smith
15378,Morgan,Smith
15379,Jordan,Brown
15380,Casey,Williams
15381,Casey,Williams
15382,Taylor,Smith
15383,Taylor,Jones
15384,Casey,Smith
15385,Taylor,Smith
15386,Casey,Brown
15387,Alex,Jones
15388,Taylor,Brown
15389,Morgan,Jones
15390,Taylor,Jones
15391,Jordan,Brown
15392,Alex,Williams
15393,Taylor,Johnson
15394,Alex,Jones
15395,Jordan,Brown
15396,Morgan,Williams
15397,Morgan,Smith
15398,Casey,Smith
15399,Alex,Smith
15400,Taylor,Jones
15401,Taylor,Jones
15402,Alex,Smith
15403,Taylor,Brown
15404,Taylor,Smith
15405,Alex,Jones
15406,Casey,Jones
15407,Jordan,Smith
15408,Morgan,Johnson
15409,Jordan,Brown
15410,Casey,Brown
15411,Jordan,Williams
15412,Morgan,Johnson
15413,Casey,Johnson
15414,Jordan,Williams
15415,Morgan,Smith
15416,Taylor,Smith
15417,Jordan,Jones
15418,Alex,Brown
15419,Morgan,Smith
15420,Casey,Brown
15421,Taylor,Brown
15422,Taylor,Smith
15423,Taylor,Jones
15424,Jordan,Brown
15425,Morgan,Brown
15426,Jordan,Brown
15427,Alex,Jones
15428,Casey,Brown
15429,Casey,Jones
15430,Morgan,Smith
15431,Morgan,Brown
15432,Alex,Smith
15433,Morgan,Johnson
15434,Alex,Brown
15435,Morgan,Brown
15436,Morgan,Williams
15437,Taylor,Jones
15438,Jordan,Brown
15439,Jordan,Williams
15440,Jordan,Williams
15441,Taylor,Johnson
15442,Casey,Brown
15443,Jordan,Smith
15444,Casey,Jones
15445,Morgan,Williams
15446,Jordan,Brown
15447,Taylor,Johnson
15448,Casey,Smith
15449,Jordan,Williams
15450,Taylor,Jones
15451,Taylor,Smith
15452,Morgan,Jones
15453,Taylor,Williams
15454,Jordan,Brown
15455,Taylor,Jones
15456,Taylor,Williams
15457,Casey,Williams
15458,Alex,Smith
15459,Morgan,Jones
15460,Morgan,Williams
15461,Taylor,Jones
15462,Alex,Johnson
15463,Morgan,Smith
15464,Taylor,Johnson
15465,Casey,Johnson
15466,Casey,Williams
15467,Alex,Williams
15468,Casey,Jones
15469,Morgan,Johnson
15470,Taylor,Brown
15471,Morgan,Jones
15472,Casey,Jones
15473,Jordan,Johnson
15474,Casey,Williams
15475,Jordan,Johnson
15476,Alex,Smith
15477,Morgan,Williams
15478,Jordan,Williams
15479,Taylor,Brown
15480,Jordan,Johnson
15481,Casey,Williams
15482,Alex,Williams
15483,Jordan,Jones
15484,Morgan,Williams
15485,Taylor,Williams
15486,Casey,Williams
15487,Jordan,Smith
15488,Morgan,Brown
15489,Taylor,Johnson
15490,Morgan,Johnson
15491,Casey,Williams
15492,Jordan,Johnson
15493,Jordan,Brown
15494,Taylor,Brown
15495,Casey,Smith
15496,Taylor,Brown
15497,Taylor,Smith
15498,Alex,Williams
15499,Casey,Jones
15500,Taylor,Jones
15501,Taylor,Johnson
15502,Jordan,Jones
15503,Morgan,Jones
15504,Morgan,Brown
15505,Morgan,Brown
15506,Morgan,Williams
15507,Jordan,Johnson
15508,Morgan,Brown
15509,Morgan,Williams
15510,Casey,Brown
15511,Taylor,Jones
15512,Casey,Brown
15513,Taylor,Johnson
15514,Alex,Brown
15515,Taylor,Jones
15516,Casey,Jones
15517,Morgan,Brown
15518,Taylor,Jones
15519,Alex,Jones
15520,Jordan,Jones
15521,Morgan,Smith
15522,Alex,Jones
15523,Taylor,Johnson
15524,Casey,Williams
15525,Taylor,Williams
15526,Taylor,Williams
15527,Jordan,Smith
15528,Alex,Smith
15529,Jordan,Brown
15530,Morgan,Williams
15531,Casey,Smith
15532,Taylor,Williams
15533,Morgan,Brown
15534,Jordan,Smith
15535,Jordan,Brown
15536,Taylor,Brown
15537,Alex,Brown
15538,Taylor,Smith
15539,Casey,Brown
15540,Alex,Jones
15541,Morgan,Williams
15542,Jordan,Jones
15543,Jordan,Brown
15544,Taylor,Williams
15545,Alex,Johnson
15546,Alex,Brown
15547,Taylor,Johnson
15548,Taylor,Jones
15549,Alex,Jones
15550,Taylor,Jones
15551,Casey,Brown
15552,Casey,Williams
15553,Casey,Williams
15554,Jordan,Brown
15555,Casey,Jones
15556,Jordan,Johnson
15557,Alex,Williams
15558,Taylor,Jones
15559,Casey,Smith
15560,Jordan,Brown
15561,Alex,Jones
15562,Alex,Brown
15563,Alex,Smith
15564,Taylor,Jones
15565,Taylor,Williams
15566,Jordan,Smith
15567,Jordan,Williams
15568,Alex,Williams
15569,Alex,Brown
15570,Alex,Williams
15571,Jordan,Brown
15572,Taylor,Brown
15573,Jordan,Brown
15574,Morgan,Brown
15575,Alex,Johnson
15576,Taylor,Williams
15577,Jordan,Jones
15578,Alex,Smith
15579,Alex,Johnson
15580,Morgan,Jones
15581,Taylor,Jones
15582,Jordan,Williams
15583,Casey,Jones
15584,Alex,Johnson
15585,Alex,Brown
15586,Morgan,Jones
15587,Jordan,Brown
15588,Taylor,Brown
15589,Taylor,Williams
15590,Taylor,Smith
15591,Morgan,Williams
15592,Casey,Brown
15593,Casey,Smith
15594,Morgan,Johnson
15595,Jordan,Jones
15596,Jordan,Johnson
15597,Jordan,Brown
15598,Morgan,Johnson
15599,Casey,Williams
15600,Casey,Johnson
15601,Taylor,Smith
15602,Jordan,Smith
15603,Casey,Williams
15604,Taylor,Jones
15605,Jordan,Jones
15606,Casey,Williams
15607,Taylor,Smith
15608,Casey,Brown
15609,Morgan,Smith
15610,Taylor,Jones
15611,Morgan,Johnson
15612,Taylor,Smith
15613,Alex,Smith
15614,Morgan,Jones
15615,Morgan,Jones
15616,Casey,Brown
15617,Taylor,Johnson
15618,Jordan,Williams
15619,Taylor,Williams
15620,Morgan,Williams
15621,Casey,Smith
15622,Jordan,Jones
15623,Jordan,Williams
15624,Alex,Johnson
15625,Casey,Brown
15626,Casey,Williams
15627,Morgan,Brown
15628,Alex,Smith
15629,Alex,Jones
15630,Casey,Jones
15631,Morgan,Williams
15632,Taylor,Smith
15633,Casey,Johnson
15634,Casey,Smith
15635,Alex,Jones
15636,Morgan,Brown
15637,Taylor,Williams
15638,Morgan,Williams
15639,Taylor,Williams
15640,Taylor,Johnson
15641,Taylor,Jones
15642,Morgan,Williams
15643,Casey,Jones
15644,Casey,Jones
15645,Alex,Brown
15646,Alex,Johnson
15647,Alex,Williams
15648,Casey,Johnson
15649,Jordan,Jones
15650,Morgan,Smith
15651,Morgan,Williams
15652,Jordan,Johnson
15653,Casey,Johnson
15654,Taylor,Jones
15655,Jordan,Smith
15656,Casey,Williams
15657,Taylor,Johnson
15658,Morgan,Williams
15659,Taylor,Williams
15660,Alex,Smith
15661,Jordan,Johnson
15662,Morgan,Smith
15663,Taylor,Smith
15664,Casey,Johnson
15665,Morgan,Smith
15666,Casey,Smith
15667,Casey,Brown
15668,Morgan,Williams
15669,Morgan,Johnson
15670,Alex,Williams
15671,Taylor,Brown
15672,Morgan,Johnson
15673,Morgan,Jones
15674,Jordan,Jones
15675,Taylor,Johnson
15676,Morgan,Smith
15677,Alex,Brown
15678,Morgan,Johnson
15679,Casey,Johnson
15680,Casey,Williams
15681,Jordan,Jones
15682,Casey,Johnson
15683,Alex,Johnson
15684,Taylor,Jones
15685,Casey,Brown
15686,Casey,Jones
15687,Taylor,Smith
15688,Alex,Brown
15689,Morgan,Johnson
15690,Casey,Williams
15691,Casey,Brown
15692,Casey,Brown
15693,Jordan,Williams
15694,Morgan,Smith
15695,Taylor,Williams
15696,Morgan,Brown
15697,Alex,Brown
15698,Taylor,Brown
15699,Morgan,Jones
15700,Taylor,Jones
15701,Morgan,Brown
15702,Alex,Williams
15703,Taylor,Johnson
15704,Morgan,Jones
15705,Casey,Williams
15706,Morgan,Brown
15707,Alex,Williams
15708,Morgan,Williams
15709,Casey,Johnson
15710,Jordan,Williams
15711,Morgan,Jones
15712,Casey,Brown
15713,Alex,Brown
15714,Morgan,Jones
15715,Jordan,Smith
15716,Jordan,Johnson
15717,Morgan,Williams
15718,Alex,Williams
15719,Morgan,Williams
15720,Jordan,Johnson
15721,Taylor,Smith
15722,Taylor,Johnson
15723,Casey,Johnson
15724,Morgan,Johnson
15725,Taylor,Jones
15726,Jordan,Smith
15727,Alex,Jones
15728,Casey,Brown
15729,Taylor,Williams
15730,Alex,Johnson
15731,Morgan,Jones
15732,Jordan,Smith
15733,Alex,Williams
15734,Morgan,Jones
15735,Morgan,Brown
15736,Jordan,Smith
15737,Casey,Johnson
15738,Alex,Williams
15739,Alex,Johnson
15740,Taylor,Smith
15741,Casey,Johnson
15742,Morgan,Jones
15743,Alex,Jones
15744,Alex,Jones
15745,Morgan,Jones
15746,Morgan,Brown
15747,Jordan,Johnson
15748,Taylor,Smith
15749,Alex,Jones
15750,Alex,Williams
15751,Casey,Williams
15752,Jordan,Williams
15753,Morgan,Williams
15754,Morgan,Jones
15755,Casey,Williams
15756,Jordan,Johnson
15757,Alex,Johnson
15758,Morgan,Williams
15759,Alex,Smith
15760,Taylor,Brown
15761,Jordan,Jones
15762,Morgan,Johnson
15763,Taylor,Williams
15764,Taylor,Smith
15765,Jordan,Jones
15766,Jordan,Williams
15767,Casey,Brown
15768,Taylor,Smith
15769,Morgan,Williams
15770,Jordan,Johnson
15771,Taylor,Johnson
15772,Jordan,Smith
15773,Morgan,Brown
15774,Casey,Smith
15775,Casey,Jones
15776,Taylor,Jones
15777,Alex,Smith
15778,Morgan,Smith
15779,Taylor,Brown
15780,Alex,Williams
15781,Morgan,Johnson
15782,Alex,Jones
15783,Casey,Jones
15784,Taylor,Jones
15785,Casey,Jones
15786,Morgan,Brown
15787,Casey,Jones
15788,Casey,Brown
15789,Jordan,Jones
15790,Jordan,Smith
15791,Alex,Jones
15792,Casey,Brown
15793,Casey,Brown
15794,Jordan,Smith
15795,Morgan,Smith
15796,Jordan,Jones
15797,Alex,Brown
15798,Jordan,Brown
15799,Jordan,Jones
15800,Jordan,Brown
15801,Taylor,Williams
15802,Jordan,Jones
15803,Jordan,Smith
15804,Morgan,Johnson
15805,Alex,Jones
15806,Casey,Williams
15807,Casey,Smith
15808,Morgan,Jones
15809,Alex,Johnson
15810,Alex,Williams
15811,Jordan,Brown
15812,Morgan,Johnson
15813,Alex,Williams
15814,Alex,Jones
15815,Morgan,Jones
15816,Jordan,Brown
15817,Morgan,Johnson
15818,Casey,Jones
15819,Taylor,Jones
15820,Casey,Brown
15821,Casey,Brown
15822,Alex,Johnson
15823,Morgan,Smith
15824,Taylor,Williams
15825,Morgan,Smith
15826,Alex,Johnson
15827,Morgan,Williams
15828,Morgan,Williams
15829,Morgan,Jones
15830,Taylor,Brown
15831,Casey,Williams
15832,Jordan,Williams
15833,Taylor,Williams
15834,Casey,Smith
15835,Casey,Smith
15836,Taylor,Brown
15837,Alex,Williams
15838,Alex,Williams
15839,Alex,Jones
15840,Jordan,Williams
15841,Morgan,Williams
15842,Morgan,Williams
15843,Taylor,Jones
15844,Morgan,Johnson
15845,Taylor,Jones
15846,Casey,Smith
15847,Casey,Williams
15848,Alex,Brown
15849,Jordan,Smith
15850,Taylor,Smith
15851,Alex,Johnson
15852,Alex,Brown
15853,Taylor,Smith
15854,Casey,Johnson
15855,Alex,Williams
15856,Taylor,Johnson
15857,Taylor,Williams
15858,Jordan,Brown
15859,Casey,Jones
15860,Casey,Williams
15861,Taylor,Brown
15862,Casey,Jones
15863,Morgan,Williams
15864,Casey,Johnson
15865,Casey,Williams
15866,Jordan,Williams
15867,Alex,Smith
15868,Morgan,Johnson
15869,Morgan,Williams
15870,Alex,Jones
15871,Jordan,Johnson
15872,Taylor,Jones
15873,Casey,Smith
15874,Jordan,Smith
15875,Casey,Johnson
15876,Taylor,Brown
15877,Taylor,Williams
15878,Alex,Johnson
15879,Taylor,Williams
15880,Taylor,Jones
15881,Jordan,Williams
15882,Morgan,Williams
15883,Casey,Jones
15884,Jordan,Williams
15885,Morgan,Smith
15886,Jordan,Johnson
15887,Alex,Smith
15888,Alex,Williams
15889,Alex,Smith
15890,Jordan,Johnson
15891,Taylor,Williams
15892,Taylor,Smith
15893,Morgan,Jones
15894,Morgan,Jones
15895,Taylor,Jones
15896,Casey,Brown
15897,Alex,Williams
15898,Taylor,Brown
15899,Jordan,Johnson
15900,Morgan,Johnson
15901,Taylor,Williams
15902,Alex,Smith
15903,Alex,Johnson
15904,Casey,Williams
15905,Taylor,Brown
15906,Taylor,Jones
15907,Casey,Smith
15908,Alex,Johnson
15909,Alex,Williams
15910,Morgan,Brown
15911,Taylor,Smith
15912,Casey,Smith
15913,Jordan,Williams
15914,Casey,Jones
15915,Taylor,Williams
15916,Casey,Smith
15917,Alex,Smith
15918,Casey,Brown
15919,Casey,Smith
15920,Taylor,Smith
15921,Casey,Williams
15922,Morgan,Smith
15923,Jordan,Johnson
15924,Morgan,Jones
15925,Alex,Smith
15926,Jordan,Brown
15927,Taylor,Brown
15928,Taylor,Jones
15929,Casey,Brown
15930,Taylor,Jones
15931,Taylor,Brown
15932,Taylor,Smith
15933,Alex,Jones
15934,Casey,Smith
15935,Alex,Smith
15936,Casey,Johnson
15937,Jordan,Smith
15938,Jordan,Smith
15939,Casey,Williams
15940,Alex,Jones
15941,Taylor,Brown
15942,Casey,Jones
15943,Alex,Jones
15944,Casey,Brown
15945,Morgan,Smith
15946,Morgan,Smith
15947,Taylor,Jones
15948,Morgan,Smith
15949,Casey,Williams
15950,Alex,Williams
15951,Jordan,Johnson
15952,Taylor,Williams
15953,Casey,Williams
15954,Jordan,Smith
15955,Taylor,Williams
15956,Alex,Johnson
15957,Casey,Williams
15958,Taylor,Jones
15959,Casey,Brown
15960,Morgan,Williams
15961,Morgan,Jones
15962,Jordan,Johnson
15963,Jordan,Williams
15964,Taylor,Brown
15965,Casey,Johnson
15966,Casey,Brown
15967,Casey,Johnson
15968,Taylor,Johnson
15969,Casey,Johnson
15970,Taylor,Jones
15971,Jordan,Williams
15972,Morgan,Smith
15973,Casey,Johnson
15974,Jordan,Williams
15975,Casey,Williams
15976,Casey,Brown
15977,Alex,Johnson
15978,Morgan,Smith
15979,Jordan,Williams
15980,Alex,Smith
15981,Casey,Brown
15982,Morgan,Smith
15983,Jordan,Williams
15984,Jordan,Johnson
15985,Jordan,Williams
15986,Jordan,Williams
15987,Jordan,Johnson
15988,Taylor,Smith
15989,Morgan,Smith
15990,Taylor,Smith
15991,Morgan,Brown
15992,Alex,Williams
15993,Jordan,Williams
15994,Jordan,Brown
15995,Taylor,Jones
15996,Taylor,Smith
15997,Morgan,Williams
15998,Taylor,Williams
15999,Jordan,Smith
16000,Casey,Smith
16001,Morgan,Johnson
16002,Morgan,Jones
16003,Taylor,Smith
16004,Taylor,Johnson
16005,Taylor,Brown
16006,Jordan,Johnson
16007,Taylor,Jones
16008,Taylor,Johnson
16009,Jordan,Williams
16010,Alex,Jones
16011,Casey,Williams
16012,Taylor,Jones
16013,Taylor,Johnson
16014,Jordan,Brown
16015,Jordan,Williams
16016,Morgan,Brown
16017,Casey,Brown
16018,Jordan,Brown
16019,Taylor,Smith
16020,Morgan,Smith
16021,Casey,Johnson
16022,Alex,Williams
16023,Alex,Williams
16024,Casey,Johnson
16025,Jordan,Smith
16026,Morgan,Williams
16027,Casey,Smith
16028,Casey,Brown
16029,Jordan,Smith
16030,Morgan,Williams
16031,Taylor,Smith
16032,Casey,Johnson
16033,Taylor,Williams
16034,Alex,Williams
16035,Morgan,Jones
16036,Alex,Brown
16037,Casey,Johnson
16038,Taylor,Johnson
16039,Jordan,Smith
16040,Casey,Johnson
16041,Jordan,Johnson
16042,Morgan,Smith
16043,Casey,Johnson
16044,Casey,Smith
16045,Morgan,Johnson
16046,Jordan,Smith
16047,Morgan,Jones
16048,Morgan,Brown
16049,Alex,Brown
16050,Jordan,Brown
16051,Morgan,Williams
16052,Morgan,Williams
16053,Morgan,Jones
16054,Morgan,Smith
16055,Alex,Williams
16056,Taylor,Williams
16057,Taylor,Johnson
16058,Morgan,Johnson
16059,Jordan,Johnson
16060,Casey,Williams
16061,Morgan,Jones
16062,Casey,Williams
16063,Casey,Brown
16064,Jordan,Johnson
16065,Taylor,Smith
16066,Jordan,Brown
16067,Alex,Williams
16068,Alex,Williams
16069,Jordan,Brown
16070,Alex,Jones
16071,Morgan,Williams
16072,Jordan,Johnson
16073,Jordan,Brown
16074,Jordan,Jones
16075,Casey,Jones
16076,Jordan,Smith
16077,Taylor,Jones
16078,Taylor,Brown
16079,Taylor,Jones
16080,Casey,Johnson
16081,Jordan,Brown
16082,Morgan,Williams
16083,Morgan,Brown
16084,Taylor,Brown
16085,Morgan,Smith
16086,Morgan,Brown
16087,Jordan,Johnson
16088,Taylor,Jones
16089,Taylor,Smith
16090,Casey,Williams
16091,Alex,Williams
16092,Casey,Williams
16093,Morgan,Smith
16094,Casey,Smith
16095,Taylor,Brown
16096,Alex,Jones
16097,Morgan,Williams
16098,Alex,Smith
16099,Taylor,Smith
16100,Alex,Johnson
16101,Morgan,Williams
16102,Casey,Smith
16103,Jordan,Brown
16104,Morgan,Smith
16105,Morgan,Brown
16106,Alex,Williams
16107,Alex,Johnson
16108,Taylor,Johnson
16109,Casey,Johnson
16110,Alex,Johnson
16111,Jordan,Smith
16112,Taylor,Johnson
16113,Casey,Johnson
16114,Morgan,Williams
16115,Casey,Smith
16116,Casey,Williams
16117,Casey,Jones
16118,Alex,Jones
16119,Taylor,Jones
16120,Casey,Williams
16121,Morgan,Brown
16122,Casey,Jones
16123,Morgan,Johnson
16124,Morgan,Brown
16125,Taylor,Johnson
16126,Alex,Jones
16127,Jordan,Smith
16128,Casey,Williams
16129,Alex,Johnson
16130,Morgan,Smith
16131,Morgan,Brown
16132,Taylor,Brown
16133,Taylor,Smith
16134,Alex,Brown
16135,Casey,Jones
16136,Jordan,Jones
16137,Jordan,Brown
16138,Casey,Williams
16139,Jordan,Jones
16140,Jordan,Brown
16141,Jordan,Jones
16142,Taylor,Brown
16143,Jordan,Jones
16144,Casey,Williams
16145,Jordan,Jones
16146,Morgan,Brown
16147,Taylor,Jones
16148,Taylor,Jones
16149,Alex,Smith
16150,Casey,Johnson
16151,Jordan,Jones
16152,Morgan,Johnson
16153,Jordan,Johnson
16154,Alex,Brown
16155,Casey,Jones
16156,Jordan,Williams
16157,Morgan,Johnson
16158,Casey,Williams
16159,Casey,Jones
16160,Morgan,Smith
16161,Casey,Williams
16162,Taylor,Smith
16163,Morgan,Williams
16164,Taylor,Johnson
16165,Morgan,Smith
16166,Alex,Smith
16167,Casey,Brown
16168,Casey,Brown
16169,Jordan,Brown
16170,Casey,Williams
16171,Alex,Jones
16172,Taylor,Williams
16173,Alex,Smith
16174,Alex,Johnson
16175,Alex,Jones
16176,Taylor,Brown
16177,Taylor,Jones
16178,Alex,Williams
16179,Casey,Brown
16180,Taylor,Johnson
16181,Morgan,Smith
16182,Taylor,Jones
16183,Alex,Smith
16184,Alex,Jones
16185,Alex,Jones
16186,Casey,Williams
16187,Casey,Jones
16188,Alex,Smith
16189,Alex,Smith
16190,Casey,Williams
16191,Casey,Smith
16192,Casey,Smith
16193,Alex,Williams
16194,Morgan,Williams
16195,Alex,Smith
16196,Morgan,Brown
16197,Morgan,Johnson
16198,Casey,Brown
16199,Casey,Brown
16200,Alex,Smith
16201,Morgan,Jones
16202,Alex,Williams
16203,Alex,Williams
16204,Alex,Brown
16205,Morgan,Brown
16206,Alex,Williams
16207,Alex,Johnson
16208,Alex,Brown
16209,Taylor,Johnson
16210,Morgan,Brown
16211,Alex,Smith
16212,Morgan,Johnson
16213,Alex,Jones
16214,Jordan,Williams
16215,Casey,Smith
16216,Morgan,Smith
16217,Taylor,Brown
16218,Taylor,Williams
16219,Jordan,Jones
16220,Morgan,Smith
16221,Morgan,Brown
16222,Casey,Smith
16223,Morgan,Brown
16224,Jordan,Jones
16225,Morgan,Jones
16226,Alex,Brown
16227,Alex,Johnson
16228,Casey,Williams
16229,Taylor,Williams
16230,Jordan,Williams
16231,Jordan,Johnson
16232,Alex,Johnson
16233,Casey,Brown
16234,Morgan,Johnson
16235,Jordan,Jones
16236,Morgan,Jones
16237,Morgan,Brown
16238,Jordan,Jones
16239,Morgan,Williams
16240,Casey,Johnson
16241,Taylor,Brown
16242,Taylor,Jones
16243,Jordan,Brown
16244,Morgan,Williams
16245,Taylor,Johnson
16246,Morgan,Johnson
16247,Casey,Johnson
16248,Jordan,Williams
16249,Casey,Brown
16250,Casey,Brown
16251,Casey,Brown
16252,Taylor,Jones
16253,Alex,Williams
16254,Taylor,Jones
16255,Alex,Williams
16256,Jordan,Johnson
16257,Casey,Smith
16258,Casey,Williams
16259,Jordan,Brown
16260,Jordan,Williams
16261,Alex,Brown
16262,Taylor,Smith
16263,Casey,Smith
16264,Taylor,Johnson
16265,Casey,Williams
16266,Jordan,Johnson
16267,Alex,Williams
16268,Jordan,Smith
16269,Taylor,Brown
16270,Jordan,Brown
16271,Jordan,Jones
16272,Morgan,Brown
16273,Casey,Jones
16274,Alex,Brown
16275,Taylor,Smith
16276,Casey,Smith
16277,Alex,Smith
16278,Alex,Jones
16279,Casey,Williams
16280,Taylor,Jones
16281,Alex,Jones
16282,Alex,Brown
16283,Morgan,Brown
16284,Jordan,Smith
16285,Morgan,Williams
16286,Alex,Smith
16287,Jordan,Williams
16288,Alex,Smith
16289,Taylor,Williams
16290,Casey,Brown
16291,Morgan,Smith
16292,Taylor,Johnson
16293,Taylor,Jones
16294,Taylor,Williams
16295,Morgan,Smith
16296,Taylor,Williams
16297,Casey,Brown
16298,Alex,Brown
16299,Taylor,Jones
16300,Casey,Jones
16301,Taylor,Brown
16302,Casey,Johnson
16303,Casey,Brown
16304,Jordan,Smith
16305,Jordan,Williams
16306,Casey,Smith
16307,Morgan,Johnson
16308,Casey,Johnson
16309,Jordan,Brown
16310,Morgan,Johnson
16311,Alex,Williams
16312,Alex,Williams
16313,Morgan,Johnson
16314,Alex,Jones
16315,Casey,Brown
16316,Taylor,Smith
16317,Morgan,Johnson
16318,Alex,Johnson
16319,Casey,Williams
16320,Jordan,Jones
16321,Taylor,Williams
16322,Taylor,Williams
16323,Jordan,Johnson
16324,Jordan,Johnson
16325,Casey,Williams
16326,Alex,Johnson
16327,Morgan,Williams
16328,Taylor,Jones
16329,Alex,Brown
16330,Casey,Johnson
16331,Taylor,Brown
16332,Jordan,Jones
16333,Taylor,Johnson
16334,Casey,Williams
16335,Casey,Brown
16336,Casey,Brown
16337,Taylor,Smith
16338,Morgan,Williams
16339,Taylor,Smith
16340,Morgan,Brown
16341,Morgan,Williams
16342,Jordan,Smith
16343,Alex,Johnson
16344,Morgan,Jones
16345,Morgan,Smith
16346,Taylor,Williams
16347,Alex,Smith
16348,Alex,Williams
16349,Taylor,Williams
16350,Morgan,Williams
16351,Taylor,Smith
16352,Taylor,Johnson
16353,Morgan,Smith
16354,Jordan,Brown
16355,Taylor,Smith
16356,Casey,Jones
16357,Jordan,Williams
16358,Morgan,Williams
16359,Morgan,Williams
16360,Casey,Jones
16361,Jordan,Jones
16362,Morgan,Johnson
16363,Casey,Jones
16364,Jordan,Johnson
16365,Taylor,Smith
16366,Taylor,Williams
16367,Alex,Jones
16368,Casey,Johnson
16369,Alex,Williams
16370,Taylor,Williams
16371,Jordan,Smith
16372,Morgan,Brown
16373,Jordan,Smith
16374,Morgan,Smith
16375,Jordan,Williams
16376,Taylor,Brown
16377,Morgan,Williams
16378,Casey,Brown
16379,Casey,Williams
16380,Taylor,Jones
16381,Jordan,Williams
16382,Taylor,Brown
16383,Taylor,Brown
16384,Morgan,Johnson
16385,Alex,Brown
16386,Taylor,Jones
16387,Casey,Brown
16388,Taylor,Johnson
16389,Morgan,Jones
16390,Casey,Williams
16391,Jordan,Johnson
16392,Casey,Jones
16393,Taylor,Brown
16394,Alex,Williams
16395,Taylor,Johnson
16396,Alex,Johnson
16397,Jordan,Williams
16398,Alex,Brown
16399,Taylor,Williams
16400,Casey,Jones
16401,Jordan,Brown
16402,Alex,Brown
16403,Morgan,Williams
16404,Casey,Williams
16405,Jordan,Johnson
16406,Casey,Williams
16407,Morgan,Williams
16408,Taylor,Johnson
16409,Taylor,Johnson
16410,Morgan,Johnson
16411,Morgan,Williams
16412,Alex,Johnson
16413,Morgan,Smith
16414,Casey,Williams
16415,Alex,Smith
16416,Alex,Johnson
16417,Casey,Smith
16418,Morgan,Brown
16419,Taylor,Johnson
16420,Morgan,Williams
16421,Casey,Jones
16422,Morgan,Williams
16423,Jordan,Williams
16424,Taylor,Jones
16425,Alex,Smith
16426,Casey,Jones
16427,Casey,Smith
16428,Jordan,Brown
16429,Morgan,Williams
16430,Taylor,Williams
16431,Casey,Williams
16432,Casey,Williams
16433,Alex,Smith
16434,Taylor,Brown
16435,Casey,Brown
16436,Taylor,Smith
16437,Taylor,Jones
16438,Alex,Jones
16439,Alex,Johnson
16440,Alex,Jones
16441,Jordan,Jones
16442,Jordan,Johnson
16443,Casey,Brown
16444,Alex,Johnson
16445,Casey,Jones
16446,Morgan,Johnson
16447,Alex,Johnson
16448,Jordan,Williams
16449,Jordan,Williams
16450,Morgan,Smith
16451,Casey,Jones
16452,Casey,Smith
16453,Alex,Williams
16454,Jordan,Brown
16455,Casey,Smith
16456,Casey,Jones
16457,Casey,Smith
16458,Taylor,Brown
16459,Morgan,Brown
16460,Morgan,Jones
16461,Taylor,Johnson
16462,Jordan,Johnson
16463,Casey,Jones
16464,Casey,Williams
16465,Taylor,Smith
16466,Alex,Williams
16467,Alex,Brown
16468,Casey,Jones
16469,Taylor,Brown
16470,Alex,Jones
16471,Jordan,Jones
16472,Morgan,Smith
16473,Alex,Brown
16474,Alex,Brown
16475,Morgan,Johnson
16476,Casey,Smith
16477,Taylor,Smith
16478,Taylor,Williams
16479,Morgan,Williams
16480,Morgan,Brown
16481,Morgan,Johnson
16482,Alex,Smith
16483,Casey,Smith
16484,Casey,Johnson
16485,Morgan,Brown
16486,Alex,Jones
16487,Alex,Johnson
16488,Casey,Jones
16489,Alex,Johnson
16490,Taylor,Brown
16491,Alex,Johnson
16492,Taylor,Williams
16493,Jordan,Brown
16494,Alex,Brown
16495,Jordan,Williams
16496,Casey,Smith
16497,Morgan,Johnson
16498,Jordan,Brown
16499,Jordan,Johnson
16500,Casey,Johnson
16501,Alex,Johnson
16502,Casey,Williams
16503,Casey,Smith
16504,Casey,Williams
16505,Alex,Smith
16506,Jordan,Johnson
16507,Casey,Brown
16508,Jordan,Brown
16509,Jordan,Johnson
16510,Taylor,Williams
16511,Jordan,Jones
16512,Jordan,Johnson
16513,Morgan,Brown
16514,Jordan,Smith
16515,Jordan,Johnson
16516,Jordan,Smith
16517,Alex,Jones
16518,Jordan,Williams
16519,Taylor,Brown
16520,Jordan,Johnson
16521,Alex,Smith
16522,Morgan,Brown
16523,Casey,Brown
16524,Alex,Smith
16525,Casey,Jones
16526,Taylor,Williams
16527,Taylor,Jones
16528,Jordan,Smith
16529,Jordan,Smith
16530,Taylor,Smith
16531,Taylor,Williams
16532,Alex,Johnson
16533,Jordan,Johnson
16534,Jordan,Johnson
16535,Casey,Brown
16536,Casey,Johnson
16537,Casey,Smith
16538,Casey,Smith
16539,Casey,Jones
16540,Alex,Jones
16541,Morgan,Brown
16542,Alex,Williams
16543,Taylor,Johnson
16544,Alex,Williams
16545,Casey,Williams
16546,Jordan,Smith
16547,Taylor,Smith
16548,Morgan,Johnson
16549,Taylor,Johnson
16550,Morgan,Brown
16551,Jordan,Brown
16552,Jordan,Jones
16553,Jordan,Jones
16554,Morgan,Smith
16555,Casey,Brown
16556,Casey,Brown
16557,Taylor,Williams
16558,Casey,Smith
16559,Jordan,Smith
16560,Casey,Johnson
16561,Taylor,Johnson
16562,Jordan,Johnson
16563,Alex,Johnson
16564,Jordan,Jones
16565,Morgan,Williams
16566,Casey,Williams
16567,Taylor,Johnson
16568,Casey,Smith
16569,Morgan,Williams
16570,Jordan,Williams
16571,Morgan,Johnson
16572,Casey,Johnson
16573,Taylor,Jones
16574,Alex,Brown
16575,Casey,Williams
16576,Casey,Johnson
16577,Taylor,Jones
16578,Alex,Jones
16579,Jordan,Smith
16580,Taylor,Jones
16581,Morgan,Johnson
16582,Morgan,Williams
16583,Morgan,Brown
16584,Jordan,Johnson
16585,Taylor,Johnson
16586,Jordan,Smith
16587,Jordan,Johnson
16588,Taylor,Jones
16589,Taylor,Johnson
16590,Alex,Johnson
16591,Morgan,Brown
16592,Taylor,Williams
16593,Morgan,Brown
16594,Taylor,Williams
16595,Jordan,Jones
16596,Taylor,Williams
16597,Casey,Johnson
16598,Alex,Johnson
16599,Morgan,Jones
16600,Taylor,Johnson
16601,Casey,Williams
16602,Alex,Johnson
16603,Taylor,Smith
16604,Jordan,Jones
16605,Morgan,Williams
16606,Morgan,Johnson
16607,Alex,Jones
16608,Taylor,Brown
16609,Jordan,Jones
16610,Morgan,Brown
16611,Morgan,Williams
16612,Alex,Johnson
16613,Jordan,Johnson
16614,Alex,Jones
16615,Taylor,Williams
16616,Taylor,Jones
16617,Morgan,Jones
16618,Taylor,Brown
16619,Alex,Jones
16620,Taylor,Brown
16621,Morgan,Brown
16622,Morgan,Jones
16623,Taylor,Johnson
16624,Taylor,Johnson
16625,Morgan,Johnson
16626,Taylor,Johnson
16627,Casey,Jones
16628,Taylor,Johnson
16629,Morgan,Williams
16630,Morgan,Brown
16631,Taylor,Brown
16632,Morgan,Brown
16633,Morgan,Brown
16634,Taylor,Smith
16635,Taylor,Smith
16636,Alex,Williams
16637,Alex,Smith
16638,Alex,Williams
16639,Jordan,Brown
16640,Alex,Brown
16641,Casey,Brown
16642,Jordan,Smith
16643,Jordan,Smith
16644,Alex,Williams
16645,Jordan,Brown
16646,Taylor,Brown
16647,Taylor,Jones
16648,Taylor,Brown
16649,Taylor,Brown
16650,Alex,Williams
16651,Morgan,Jones
16652,Casey,Brown
16653,Alex,Williams
16654,Alex,Jones
16655,Morgan,Smith
16656,Jordan,Johnson
16657,Casey,Smith
16658,Jordan,Williams
16659,Alex,Johnson
16660,Taylor,Jones
16661,Morgan,Smith
16662,Casey,Smith
16663,Morgan,Smith
16664,Morgan,Johnson
16665,Morgan,Williams
16666,Taylor,Johnson
16667,Alex,Brown
16668,Jordan,Jones
16669,Casey,Williams
16670,Casey,Williams
16671,Casey,Brown
16672,Alex,Brown
16673,Morgan,Brown
16674,Taylor,Jones
16675,Morgan,Williams
16676,Taylor,Johnson
16677,Casey,Williams
16678,Morgan,Brown
16679,Taylor,Williams
16680,Alex,Williams
16681,Taylor,Smith
16682,Morgan,Brown
16683,Taylor,Smith
16684,Casey,Jones
16685,Casey,Johnson
16686,Alex,Brown
16687,Alex,Johnson
16688,Alex,Williams
16689,Morgan,Jones
16690,Taylor,Jones
16691,Casey,Brown
16692,Casey,Johnson
16693,Taylor,Smith
16694,Morgan,Jones
16695,Jordan,Johnson
16696,Alex,Johnson
16697,Alex,Smith
16698,Taylor,Williams
16699,Taylor,Williams
16700,Morgan,Johnson
16701,Morgan,Brown
16702,Taylor,Jones
16703,Jordan,Johnson
16704,Alex,Brown
16705,Morgan,Smith
16706,Jordan,Williams
16707,Casey,Williams
16708,Morgan,Jones
16709,Jordan,Jones
16710,Taylor,Williams
16711,Jordan,Johnson
16712,Alex,Williams
16713,Alex,Jones
16714,Taylor,Smith
16715,Casey,Brown
16716,Casey,Smith
16717,Casey,Williams
16718,Casey,Williams
16719,Morgan,Jones
16720,Alex,Williams
16721,Casey,Smith
16722,Jordan,Johnson
16723,Alex,Brown
16724,Casey,Johnson
16725,Casey,Smith
16726,Alex,Jones
16727,Casey,Jones
16728,Alex,Smith
16729,Morgan,Smith
16730,Taylor,Johnson
16731,Casey,Johnson
16732,Jordan,Smith
16733,Jordan,Williams
16734,Jordan,Brown
16735,Jordan,Brown
16736,Morgan,Smith
16737,Casey,Jones
16738,Jordan,Johnson
16739,Taylor,Smith
16740,Taylor,Smith
16741,Morgan,Williams
16742,Taylor,Jones
16743,Morgan,Smith
16744,Alex,Brown
16745,Jordan,Johnson
16746,Taylor,Brown
16747,Morgan,Johnson
16748,Jordan,Johnson
16749,Casey,Brown
16750,Taylor,Smith
16751,Jordan,Williams
16752,Casey,Jones
16753,Alex,Brown
16754,Jordan,Brown
16755,Alex,Brown
16756,Taylor,Brown
16757,Alex,Williams
16758,Taylor,Williams
16759,Casey,Williams
16760,Jordan,Williams
16761,Alex,Smith
16762,Taylor,Johnson
16763,Jordan,Williams
16764,Alex,Johnson
16765,Casey,Williams
16766,Taylor,Smith
16767,Casey,Brown
16768,Morgan,Jones
16769,Casey,Williams
16770,Taylor,Brown
16771,Alex,Jones
16772,Jordan,Smith
16773,Casey,Smith
16774,Taylor,Jones
16775,Morgan,Jones
16776,Taylor,Williams
16777,Casey,Johnson
16778,Alex,Johnson
16779,Casey,Brown
16780,Alex,Williams
16781,Casey,Jones
16782,Jordan,Johnson
16783,Morgan,Williams
16784,Jordan,Johnson
16785,Casey,Smith
16786,Jordan,Smith
16787,Jordan,Brown
16788,Alex,Smith
16789,Jordan,Jones
16790,Taylor,Brown
16791,Jordan,Jones
16792,Casey,Johnson
16793,Alex,Williams
16794,Jordan,Williams
16795,Morgan,Jones
16796,Casey,Johnson
16797,Morgan,Brown
16798,Jordan,Brown
16799,Casey,Jones
16800,Casey,Jones
16801,Taylor,Brown
16802,Jordan,Johnson
16803,Taylor,Jones
16804,Jordan,Jones
16805,Taylor,Brown
16806,Jordan,Williams
16807,Alex,Jones
16808,Taylor,Johnson
16809,Casey,Brown
16810,Jordan,Williams
16811,Alex,Jones
16812,Morgan,Brown
16813,Alex,Johnson
16814,Taylor,Smith
16815,Morgan,Brown
16816,Jordan,Williams
16817,Alex,Williams
16818,Casey,Brown
16819,Alex,Smith
16820,Taylor,Smith
16821,Taylor,Brown
16822,Alex,Jones
16823,Alex,Johnson
16824,Taylor,Jones
16825,Casey,Williams
16826,Alex,Jones
16827,Jordan,Williams
16828,Taylor,Brown
16829,Taylor,Williams
16830,Casey,Williams
16831,Alex,Johnson
16832,Alex,Williams
16833,Taylor,Johnson
16834,Casey,Jones
16835,Taylor,Smith
16836,Alex,Brown
16837,Taylor,Smith
16838,Jordan,Smith
16839,Casey,Johnson
16840,Taylor,Johnson
16841,Taylor,Williams
16842,Jordan,Smith
16843,Casey,Jones
16844,Morgan,Brown
16845,Alex,Williams
16846,Taylor,Brown
16847,Morgan,Smith
16848,Casey,Williams
16849,Taylor,Johnson
16850,Alex,Brown
16851,Jordan,Jones
16852,Jordan,Smith
16853,Casey,Jones
16854,Casey,Johnson
16855,Jordan,Johnson
16856,Jordan,Jones
16857,Morgan,Williams
16858,Taylor,Williams
16859,Taylor,Smith
16860,Alex,Jones
16861,Alex,Smith
16862,Alex,Johnson
16863,Casey,Williams
16864,Casey,Smith
16865,Alex,Smith
16866,Casey,Smith
16867,Morgan,Brown
16868,Alex,Williams
16869,Taylor,Smith
16870,Morgan,Jones
16871,Morgan,Jones
16872,Jordan,Williams
16873,Alex,Johnson
16874,Alex,Smith
16875,Taylor,Brown
16876,Alex,Jones
16877,Morgan,Johnson
16878,Alex,Brown
16879,Casey,Johnson
16880,Taylor,Jones
16881,Jordan,Smith
16882,Casey,Brown
16883,Alex,Brown
16884,Morgan,Williams
16885,Morgan,Smith
16886,Taylor,Smith
16887,Casey,Johnson
16888,Taylor,Brown
16889,Morgan,Smith
16890,Taylor,Smith
16891,Taylor,Smith
16892,Casey,Williams
16893,Taylor,Brown
16894,Casey,Brown
16895,Jordan,Johnson
16896,Alex,Johnson
16897,Casey,Williams
16898,Morgan,Smith
16899,Morgan,Johnson
16900,Jordan,Smith
16901,Casey,Smith
16902,Alex,Smith
16903,Casey,Brown
16904,Morgan,Johnson
16905,Jordan,Jones
16906,Casey,Brown
16907,Jordan,Smith
16908,Casey,Brown
16909,Alex,Williams
16910,Morgan,Jones
16911,Taylor,Smith
16912,Casey,Brown
16913,Taylor,Smith
16914,Casey,Williams
16915,Morgan,Brown
16916,Morgan,Johnson
16917,Morgan,Brown
16918,Morgan,Jones
16919,Jordan,Smith
16920,Jordan,Williams
16921,Alex,Williams
16922,Casey,Williams
16923,Jordan,Jones
16924,Taylor,Brown
16925,Taylor,Smith
16926,Taylor,Williams
16927,Taylor,Brown
16928,Casey,Smith
16929,Taylor,Smith
16930,Morgan,Johnson
16931,Alex,Johnson
16932,Alex,Johnson
16933,Casey,Williams
16934,Jordan,Brown
16935,Morgan,Jones
16936,Casey,Smith
16937,Taylor,Jones
16938,Jordan,Williams
16939,Taylor,Johnson
16940,Casey,Smith
16941,Taylor,Jones
16942,Casey,Smith
16943,Jordan,Williams
16944,Jordan,Johnson
16945,Alex,Johnson
16946,Jordan,Johnson
16947,Alex,Jones
16948,Taylor,Brown
16949,Casey,Jones
16950,Alex,Johnson
16951,Jordan,Jones
16952,Alex,Smith
16953,Alex,Jones
16954,Casey,Johnson
16955,Alex,Johnson
16956,Taylor,Brown
16957,Jordan,Williams
16958,Taylor,Williams
16959,Taylor,Brown
16960,Taylor,Smith
16961,Casey,Smith
16962,Taylor,Smith
16963,Casey,Williams
16964,Casey,Smith
16965,Casey,Johnson
16966,Jordan,Brown
16967,Casey,Jones
16968,Jordan,Jones
16969,Alex,Jones
16970,Morgan,Brown
16971,Alex,Jones
16972,Alex,Jones
16973,Jordan,Brown
16974,Casey,Jones
16975,Alex,Smith
16976,Morgan,Jones
16977,Morgan,Smith
16978,Taylor,Brown
16979,Taylor,Johnson
16980,Jordan,Williams
16981,Jordan,Williams
16982,Taylor,Johnson
16983,Alex,Williams
16984,Casey,Jones
16985,Jordan,Williams
16986,Morgan,Jones
16987,Alex,Williams
16988,Morgan,Williams
16989,Jordan,Jones
16990,Alex,Smith
16991,Casey,Jones
16992,Morgan,Jones
16993,Morgan,Williams
16994,Morgan,Johnson
16995,Taylor,Johnson
16996,Taylor,Johnson
16997,Alex,Smith
16998,Alex,Johnson
16999,Taylor,Brown
17000,Taylor,Smith
17001,Taylor,Williams
17002,Casey,Jones
17003,Morgan,Williams
17004,Casey,Johnson
17005,Morgan,Williams
17006,Taylor,Williams
17007,Alex,Johnson
17008,Alex,Jones
17009,Taylor,Jones
17010,Morgan,Jones
17011,Jordan,Johnson
17012,Jordan,Williams
17013,Taylor,Smith
17014,Alex,Williams
17015,Jordan,Brown
17016,Jordan,Jones
17017,Casey,Jones
17018,Taylor,Williams
17019,Casey,Smith
17020,Morgan,Jones
17021,Jordan,Brown
17022,Morgan,Johnson
17023,Morgan,Jones
17024,Alex,Johnson
17025,Casey,Brown
17026,Casey,Williams
17027,Casey,Williams
17028,Morgan,Johnson
17029,Casey,Jones
17030,Taylor,Jones
17031,Taylor,Williams
17032,Casey,Smith
17033,Jordan,Williams
17034,Casey,Brown
17035,Jordan,Johnson
17036,Taylor,Jones
17037,Alex,Jones
17038,Morgan,Johnson
17039,Alex,Brown
17040,Morgan,Brown
17041,Alex,Johnson
17042,Taylor,Johnson
17043,Taylor,Jones
17044,Taylor,Jones
17045,Morgan,Johnson
17046,Morgan,Smith
17047,Jordan,Williams
17048,Morgan,Jones
17049,Casey,Jones
17050,Morgan,Smith
17051,Morgan,Jones
17052,Alex,Williams
17053,Casey,Brown
17054,Taylor,Williams
17055,Alex,Williams
17056,Alex,Jones
17057,Casey,Johnson
17058,Alex,Williams
17059,Morgan,Jones
17060,Jordan,Johnson
17061,Morgan,Williams
17062,Alex,Johnson
17063,Casey,Johnson
17064,Jordan,Johnson
17065,Morgan,Williams
17066,Casey,Jones
17067,Alex,Johnson
17068,Taylor,Brown
17069,Casey,Williams
17070,Casey,Williams
17071,Jordan,Brown
17072,Taylor,Smith
17073,Morgan,Johnson
17074,Casey,Jones
17075,Alex,Williams
17076,Jordan,Johnson
17077,Morgan,Johnson
17078,Alex,Brown
17079,Morgan,Williams
17080,Morgan,Jones
17081,Jordan,Jones
17082,Taylor,Brown
17083,Taylor,Smith
17084,Jordan,Williams
17085,Jordan,Johnson
17086,Morgan,Johnson
17087,Casey,Jones
17088,Casey,Williams
17089,Taylor,Brown
17090,Casey,Johnson
17091,Jordan,Jones
17092,Casey,Smith
17093,Morgan,Jones
17094,Morgan,Williams
17095,Alex,Johnson
17096,Taylor,Brown
17097,Morgan,Johnson
17098,Jordan,Brown
17099,Alex,Williams
17100,Casey,Williams
17101,Casey,Brown
17102,Jordan,Jones
17103,Jordan,Brown
17104,Alex,Johnson
17105,Jordan,Johnson
17106,Taylor,Brown
17107,Jordan,Johnson
17108,Morgan,Brown
17109,Casey,Jones
17110,Taylor,Smith
17111,Casey,Johnson
17112,Alex,Jones
17113,Jordan,Jones
17114,Morgan,Johnson
17115,Morgan,Smith
17116,Taylor,Brown
17117,Alex,Williams
17118,Morgan,Smith
17119,Morgan,Smith
17120,Taylor,Johnson
17121,Alex,Johnson
17122,Jordan,Williams
17123,Morgan,Johnson
17124,Morgan,Johnson
17125,Alex,Williams
17126,Casey,Brown
17127,Taylor,Jones
17128,Casey,Johnson
17129,Jordan,Williams
17130,Morgan,Jones
17131,Jordan,Smith
17132,Casey,Jones
17133,Alex,Jones
17134,Alex,Jones
17135,Casey,Brown
17136,Casey,Williams
17137,Morgan,Jones
17138,Morgan,Smith
17139,Alex,Johnson
17140,Morgan,Johnson
17141,Alex,Johnson
17142,Taylor,Jones
17143,Morgan,Williams
17144,Taylor,Brown
17145,Jordan,Williams
17146,Taylor,Johnson
17147,Casey,Jones
17148,Jordan,Johnson
17149,Alex,Johnson
17150,Jordan,Brown
17151,Jordan,Johnson
17152,Morgan,Smith
17153,Alex,Johnson
17154,Alex,Jones
17155,Morgan,Williams
17156,Alex,Williams
17157,Casey,Smith
17158,Alex,Smith
17159,Taylor,Williams
17160,Casey,Johnson
17161,Alex,Johnson
17162,Alex,Jones
17163,Morgan,Johnson
17164,Alex,Brown
17165,Casey,Williams
17166,Taylor,Brown
17167,Morgan,Williams
17168,Alex,Johnson
17169,Taylor,Williams
17170,Jordan,Jones
17171,Jordan,Williams
17172,Morgan,Jones
17173,Morgan,Smith
17174,Morgan,Smith
17175,Casey,Johnson
17176,Morgan,Johnson
17177,Casey,Smith
17178,Alex,Brown
17179,Jordan,Brown
17180,Alex,Jones
17181,Taylor,Jones
17182,Casey,Williams
17183,Casey,Jones
17184,Taylor,Johnson
17185,Jordan,Brown
17186,Taylor,Brown
17187,Alex,Johnson
17188,Alex,Brown
17189,Alex,Williams
17190,Morgan,Johnson
17191,Morgan,Williams
17192,Jordan,Jones
17193,Taylor,Smith
17194,Morgan,Jones
17195,Morgan,Williams
17196,Morgan,Smith
17197,Morgan,Smith
17198,Casey,Johnson
17199,Taylor,Williams
17200,Casey,Brown
17201,Casey,Johnson
17202,Taylor,Brown
17203,Taylor,Jones
17204,Casey,Johnson
17205,Alex,Smith
17206,Taylor,Smith
17207,Morgan,Smith
17208,Alex,Johnson
17209,Casey,Johnson
17210,Jordan,Williams
17211,Alex,Johnson
17212,Taylor,Brown
17213,Casey,Johnson
17214,Morgan,Williams
17215,Casey,Brown
17216,Morgan,Johnson
17217,Alex,Williams
17218,Jordan,Brown
17219,Taylor,Johnson
17220,Taylor,Johnson
17221,Jordan,Brown
17222,Casey,Jones
17223,Morgan,Smith
17224,Taylor,Brown
17225,Casey,Johnson
17226,Alex,Jones
17227,Morgan,Johnson
17228,Morgan,Williams
17229,Taylor,Jones
17230,Casey,Jones
17231,Taylor,Jones
17232,Morgan,Smith
17233,Taylor,Williams
17234,Jordan,Williams
17235,Alex,Brown
17236,Alex,Johnson
17237,Taylor,Smith
17238,Alex,Smith
17239,Alex,Jones
17240,Jordan,Brown
17241,Morgan,Smith
17242,Alex,Johnson
17243,Taylor,Johnson
17244,Alex,Smith
17245,Jordan,Jones
17246,Taylor,Williams
17247,Jordan,Johnson
17248,Casey,Johnson
17249,Jordan,Jones
17250,Taylor,Brown
17251,Morgan,Jones
17252,Casey,Jones
17253,Alex,Smith
17254,Morgan,Smith
17255,Taylor,Johnson
17256,Casey,Johnson
17257,Jordan,Johnson
17258,Casey,Johnson
17259,Taylor,Johnson
17260,Taylor,Johnson
17261,Taylor,Johnson
17262,Casey,Jones
17263,Alex,Brown
17264,Morgan,Smith
17265,Taylor,Williams
17266,Morgan,Smith
17267,Taylor,Jones
17268,Morgan,Jones
17269,Alex,Williams
17270,Jordan,Johnson
17271,Jordan,Jones
17272,Taylor,Williams
17273,Alex,Johnson
17274,Alex,Smith
17275,Taylor,Johnson
17276,Casey,Smith
17277,Taylor,Smith
17278,Alex,Williams
17279,Morgan,Johnson
17280,Jordan,Jones
17281,Morgan,Smith
17282,Taylor,Jones
17283,Alex,Smith
17284,Jordan,Jones
17285,Taylor,Smith
17286,Morgan,Smith
17287,Alex,Jones
17288,Alex,Johnson
17289,Casey,Brown
17290,Jordan,Williams
17291,Taylor,Johnson
17292,Jordan,Johnson
17293,Casey,Johnson
17294,Jordan,Smith
17295,Jordan,Smith
17296,Taylor,Johnson
17297,Casey,Williams
17298,Casey,Smith
17299,Alex,Williams
17300,Alex,Smith
17301,Alex,Brown
17302,Alex,Williams
17303,Alex,Jones
17304,Casey,Brown
17305,Alex,Brown
17306,Morgan,Williams
17307,Taylor,Smith
17308,Jordan,Johnson
17309,Casey,Brown
17310,Jordan,Smith
17311,Casey,Brown
17312,Casey,Jones
17313,Alex,Johnson
17314,Jordan,Williams
17315,Alex,Smith
17316,Alex,Johnson
17317,Taylor,Johnson
17318,Jordan,Williams
17319,Morgan,Johnson
17320,Morgan,Jones
17321,Taylor,Jones
17322,Morgan,Smith
17323,Morgan,Smith
17324,Taylor,Smith
17325,Alex,Williams
17326,Alex,Smith
17327,Taylor,Williams
17328,Casey,Brown
17329,Morgan,Williams
17330,Jordan,Williams
17331,Taylor,Brown
17332,Casey,Johnson
17333,Alex,Johnson
17334,Taylor,Williams
17335,Alex,Jones
17336,Taylor,Johnson
17337,Jordan,Brown
17338,Taylor,Johnson
17339,Alex,Jones
17340,Alex,Williams
17341,Jordan,Brown
17342,Taylor,Smith
17343,Jordan,Brown
17344,Casey,Williams
17345,Taylor,Brown
17346,Taylor,Brown
17347,Jordan,Brown
17348,Casey,Smith
17349,Casey,Smith
17350,Morgan,Brown
17351,Casey,Johnson
17352,Casey,Brown
17353,Morgan,Smith
17354,Casey,Jones
17355,Casey,Brown
17356,Morgan,Williams
17357,Taylor,Smith
17358,Alex,Smith
17359,Jordan,Jones
17360,Taylor,Johnson
17361,Alex,Smith
17362,Alex,Jones
17363,Taylor,Williams
17364,Jordan,Johnson
17365,Morgan,Jones
17366,Alex,Johnson
17367,Jordan,Brown
17368,Casey,Williams
17369,Jordan,Brown
17370,Jordan,Brown
17371,Casey,Brown
17372,Casey,Jones
17373,Jordan,Jones
17374,Morgan,Williams
17375,Jordan,Williams
17376,Alex,Smith
17377,Jordan,Smith
17378,Casey,Johnson
17379,Taylor,Smith
17380,Jordan,Smith
17381,Jordan,Smith
17382,Morgan,Williams
17383,Taylor,Jones
17384,Casey,Williams
17385,Taylor,Jones
17386,Morgan,Johnson
17387,Casey,Jones
17388,Jordan,Jones
17389,Taylor,Jones
17390,Alex,Smith
17391,Casey,Williams
17392,Alex,Johnson
17393,Taylor,Smith
17394,Taylor,Johnson
17395,Morgan,Brown
17396,Alex,Johnson
17397,Jordan,Jones
17398,Jordan,Jones
17399,Alex,Johnson
17400,Alex,Williams
17401,Taylor,Brown
17402,Jordan,Williams
17403,Morgan,Johnson
17404,Casey,Jones
17405,Alex,Smith
17406,Casey,Jones
17407,Alex,Smith
17408,Casey,Williams
17409,Morgan,Johnson
17410,Taylor,Jones
17411,Morgan,Jones
17412,Casey,Johnson
17413,Casey,Williams
17414,Jordan,Johnson
17415,Morgan,Jones
17416,Casey,Jones
17417,Taylor,Jones
17418,Casey,Johnson
17419,Alex,Smith
17420,Taylor,Jones
17421,Morgan,Smith
17422,Morgan,Jones
17423,Casey,Brown
17424,Morgan,Johnson
17425,Morgan,Smith
17426,Taylor,Brown
17427,Jordan,Johnson
17428,Jordan,Smith
17429,Morgan,Jones
17430,Casey,Brown
17431,Morgan,Jones
17432,Taylor,Johnson
17433,Alex,Williams
17434,Morgan,Williams
17435,Morgan,Johnson
17436,Alex,Brown
17437,Casey,Johnson
17438,Taylor,Johnson
17439,Casey,Brown
17440,Taylor,Johnson
17441,Casey,Brown
17442,Morgan,Jones
17443,Morgan,Williams
17444,Jordan,Johnson
17445,Alex,Jones
17446,Jordan,Smith
17447,Casey,Johnson
17448,Casey,Brown
17449,Casey,Johnson
17450,Casey,Smith
17451,Morgan,Jones
17452,Morgan,Johnson
17453,Morgan,Johnson
17454,Morgan,Williams
17455,Alex,Smith
17456,Alex,Williams
17457,Morgan,Brown
17458,Taylor,Williams
17459,Casey,Jones
17460,Taylor,Smith
17461,Alex,Jones
17462,Morgan,Johnson
17463,Morgan,Brown
17464,Taylor,Brown
17465,Jordan,Jones
17466,Taylor,Smith
17467,Casey,Smith
17468,Jordan,Williams
17469,Jordan,Smith
17470,Alex,Williams
17471,Casey,Brown
17472,Taylor,Smith
17473,Taylor,Johnson
17474,Casey,Smith
17475,Taylor,Johnson
17476,Alex,Johnson
17477,Jordan,Williams
17478,Alex,Johnson
17479,Jordan,Williams
17480,Morgan,Smith
17481,Jordan,Smith
17482,Morgan,Johnson
17483,Morgan,Jones
17484,Alex,Brown
17485,Alex,Smith
17486,Morgan,Jones
17487,Jordan,Johnson
17488,Jordan,Brown
17489,Taylor,Brown
17490,Taylor,Jones
17491,Taylor,Brown
17492,Taylor,Williams
17493,Alex,Brown
17494,Alex,Johnson
17495,Jordan,Jones
17496,Taylor,Johnson
17497,Jordan,Smith
17498,Morgan,Johnson
17499,Casey,Smith
17500,Jordan,Williams
17501,Taylor,Johnson
17502,Casey,Williams
17503,Taylor,Williams
17504,Jordan,Williams
17505,Taylor,Williams
17506,Taylor,Brown
17507,Casey,Jones
17508,Taylor,Johnson
17509,Jordan,Jones
17510,Jordan,Smith
17511,Alex,Smith
17512,Casey,Johnson
17513,Jordan,Brown
17514,Alex,Brown
17515,Casey,Johnson
17516,Jordan,Johnson
17517,Casey,Brown
17518,Taylor,Brown
17519,Casey,Williams
17520,Jordan,Brown
17521,Taylor,Johnson
17522,Casey,Williams
17523,Morgan,Smith
17524,Taylor,Brown
17525,Jordan,Brown
17526,Jordan,Jones
17527,Alex,Williams
17528,Morgan,Williams
17529,Jordan,Smith
17530,Jordan,Johnson
17531,Casey,Jones
17532,Casey,Smith
17533,Morgan,Smith
17534,Taylor,Smith
17535,Alex,Smith
17536,Morgan,Johnson
17537,Morgan,Williams
17538,Taylor,Jones
17539,Alex,Smith
17540,Jordan,Smith
17541,Taylor,Williams
17542,Taylor,Smith
17543,Morgan,Williams
17544,Alex,Williams
17545,Alex,Jones
17546,Jordan,Brown
17547,Taylor,Brown
17548,Morgan,Johnson
17549,Morgan,Williams
17550,Jordan,Brown
17551,Taylor,Brown
17552,Morgan,Brown
17553,Casey,Johnson
17554,Jordan,Smith
17555,Alex,Jones
17556,Taylor,Williams
17557,Alex,Jones
17558,Alex,Williams
17559,Taylor,Brown
17560,Alex,Brown
17561,Jordan,Smith
17562,Casey,Jones
17563,Taylor,Smith
17564,Alex,Smith
17565,Jordan,Jones
17566,Morgan,Brown
17567,Taylor,Williams
17568,Morgan,Williams
17569,Jordan,Brown
17570,Alex,Jones
17571,Alex,Johnson
17572,Morgan,Brown
17573,Jordan,Johnson
17574,Alex,Johnson
17575,Taylor,Williams
17576,Taylor,Brown
17577,Casey,Williams
17578,Casey,Johnson
17579,Jordan,Smith
17580,Morgan,Brown
17581,Morgan,Williams
17582,Morgan,Williams
17583,Alex,Brown
17584,Casey,Smith
17585,Alex,Jones
17586,Morgan,Smith
17587,Morgan,Johnson
17588,Taylor,Williams
17589,Jordan,Smith
17590,Jordan,Johnson
17591,Jordan,Jones
17592,Casey,Johnson
17593,Casey,Johnson
17594,Alex,Smith
17595,Jordan,Jones
17596,Casey,Brown
17597,Jordan,Jones
17598,Casey,Johnson
17599,Alex,Brown
17600,Alex,Jones
17601,Morgan,Johnson
17602,Alex,Smith
17603,Taylor,Smith
17604,Morgan,Johnson
17605,Casey,Jones
17606,Morgan,Jones
17607,Alex,Brown
17608,Alex,Williams
17609,Jordan,Brown
17610,Morgan,Williams
17611,Jordan,Smith
17612,Casey,Brown
17613,Casey,Williams
17614,Morgan,Johnson
17615,Jordan,Johnson
17616,Jordan,Johnson
17617,Jordan,Johnson
17618,Taylor,Johnson
17619,Morgan,Brown
17620,Alex,Jones
17621,Casey,Brown
17622,Casey,Smith
17623,Morgan,Johnson
17624,Jordan,Johnson
17625,Morgan,Jones
17626,Jordan,Jones
17627,Morgan,Williams
17628,Morgan,Smith
17629,Casey,Smith
17630,Alex,Brown
17631,Taylor,Williams
17632,Casey,Brown
17633,Alex,Brown
17634,Jordan,Williams
17635,Alex,Brown
17636,Casey,Jones
17637,Alex,Brown
17638,Casey,Jones
17639,Taylor,Smith
17640,Taylor,Williams
17641,Taylor,Jones
17642,Morgan,Jones
17643,Casey,Jones
17644,Jordan,Brown
17645,Alex,Johnson
17646,Taylor,Jones
17647,Morgan,Brown
17648,Jordan,Jones
17649,Morgan,Brown
17650,Casey,Jones
17651,Morgan,Johnson
17652,Alex,Brown
17653,Casey,Smith
17654,Alex,Jones
17655,Casey,Jones
17656,Jordan,Jones
17657,Casey,Williams
17658,Morgan,Williams
17659,Jordan,Johnson
17660,Jordan,Brown
17661,Morgan,Brown
17662,Alex,Smith
17663,Casey,Smith
17664,Taylor,Brown
17665,Jordan,Johnson
17666,Morgan,Brown
17667,Morgan,Johnson
17668,Morgan,Williams
17669,Jordan,Johnson
17670,Taylor,Johnson
17671,Morgan,Johnson
17672,Taylor,Jones
17673,Jordan,Smith
17674,Taylor,Smith
17675,Casey,Williams
17676,Morgan,Johnson
17677,Casey,Johnson
17678,Casey,Jones
17679,Alex,Brown
17680,Taylor,Williams
17681,Casey,Williams
17682,Taylor,Brown
17683,Jordan,Johnson
17684,Morgan,Smith
17685,Jordan,Williams
17686,Morgan,Jones
17687,Jordan,Williams
17688,Taylor,Williams
17689,Taylor,Smith
17690,Jordan,Williams
17691,Taylor,Williams
17692,Morgan,Brown
17693,Jordan,Brown
17694,Jordan,Johnson
17695,Alex,Jones
17696,Morgan,Brown
17697,Alex,Jones
17698,Morgan,Brown
17699,Casey,Williams
17700,Taylor,Smith
17701,Alex,Brown
17702,Jordan,Jones
17703,Taylor,Williams
17704,Casey,Williams
17705,Taylor,Brown
17706,Jordan,Smith
17707,Taylor,Johnson
17708,Morgan,Smith
17709,Alex,Brown
17710,Alex,Williams
17711,Morgan,Brown
17712,Morgan,Brown
17713,Jordan,Smith
17714,Taylor,Williams
17715,Alex,Brown
17716,Jordan,Johnson
17717,Alex,Smith
17718,Alex,Williams
17719,Jordan,Jones
17720,Casey,Johnson
17721,Jordan,Williams
17722,Morgan,Smith
17723,Jordan,Williams
17724,Morgan,Johnson
17725,Morgan,Williams
17726,Jordan,Johnson
17727,Casey,Williams
17728,Taylor,Johnson
17729,Morgan,Johnson
17730,Jordan,Smith
17731,Morgan,Johnson
17732,Taylor,Smith
17733,Casey,Williams
17734,Morgan,Williams
17735,Morgan,Smith
17736,Alex,Brown
17737,Casey,Smith
17738,Alex,Jones
17739,Casey,Williams
17740,Alex,Smith
17741,Morgan,Williams
17742,Morgan,Johnson
17743,Casey,Johnson
17744,Taylor,Williams
17745,Morgan,Williams
17746,Taylor,Brown
17747,Taylor,Jones
17748,Jordan,Smith
17749,Casey,Brown
17750,Alex,Johnson
17751,Alex,Brown
17752,Taylor,Jones
17753,Jordan,Smith
17754,Casey,Smith
17755,Morgan,Smith
17756,Jordan,Johnson
17757,Taylor,Johnson
17758,Taylor,Smith
17759,Casey,Williams
17760,Casey,Jones
17761,Morgan,Johnson
17762,Taylor,Williams
17763,Morgan,Williams
17764,Taylor,Smith
17765,Casey,Smith
17766,Morgan,Smith
17767,Jordan,Jones
17768,Casey,Jones
17769,Taylor,Brown
17770,Morgan,Smith
17771,Jordan,Williams
17772,Alex,Williams
17773,Casey,Jones
17774,Jordan,Brown
17775,Morgan,Johnson
17776,Jordan,Smith
17777,Morgan,Johnson
17778,Morgan,Brown
17779,Casey,Brown
17780,Alex,Williams
17781,Alex,Jones
17782,Jordan,Johnson
17783,Taylor,Brown
17784,Taylor,Jones
17785,Jordan,Williams
17786,Jordan,Williams
17787,Taylor,Brown
17788,Morgan,Brown
17789,Alex,Jones
17790,Alex,Smith
17791,Jordan,Johnson
17792,Morgan,Smith
17793,Casey,Johnson
17794,Alex,Johnson
17795,Taylor,Brown
17796,Morgan,Williams
17797,Morgan,Williams
17798,Alex,Jones
17799,Alex,Brown
17800,Casey,Brown
17801,Alex,Brown
17802,Morgan,Williams
17803,Jordan,Jones
17804,Jordan,Brown
17805,Jordan,Williams
17806,Casey,Jones
17807,Morgan,Jones
17808,Jordan,Smith
17809,Morgan,Brown
17810,Taylor,Jones
17811,Taylor,Williams
17812,Taylor,Smith
17813,Taylor,Jones
17814,Alex,Brown
17815,Jordan,Brown
17816,Taylor,Smith
17817,Taylor,Johnson
17818,Morgan,Jones
17819,Alex,Johnson
17820,Taylor,Jones
17821,Jordan,Brown
17822,Casey,Brown
17823,Taylor,Johnson
17824,Alex,Smith
17825,Alex,Brown
17826,Morgan,Williams
17827,Casey,Brown
17828,Casey,Williams
17829,Casey,Jones
17830,Casey,Jones
17831,Taylor,Smith
17832,Alex,Jones
17833,Jordan,Johnson
17834,Alex,Smith
17835,Jordan,Smith
17836,Alex,Smith
17837,Jordan,Smith
17838,Jordan,Williams
17839,Casey,Johnson
17840,Jordan,Brown
17841,Casey,Smith
17842,Alex,Brown
17843,Taylor,Smith
17844,Morgan,Brown
17845,Alex,Brown
17846,Taylor,Jones
17847,Morgan,Brown
17848,Morgan,Brown
17849,Alex,Brown
17850,Alex,Jones
17851,Taylor,Smith
17852,Morgan,Jones
17853,Casey,Smith
17854,Jordan,Brown
17855,Alex,Jones
17856,Casey,Williams
17857,Jordan,Johnson
17858,Casey,Smith
17859,Jordan,Jones
17860,Alex,Williams
17861,Jordan,Smith
17862,Jordan,Williams
17863,Alex,Brown
17864,Jordan,Williams
17865,Jordan,Johnson
17866,Casey,Brown
17867,Casey,Brown
17868,Casey,Johnson
17869,Jordan,Williams
17870,Taylor,Brown
17871,Alex,Johnson
17872,Casey,Jones
17873,Taylor,Jones
17874,Taylor,Williams
17875,Morgan,Johnson
17876,Alex,Williams
17877,Casey,Williams
17878,Morgan,Williams
17879,Alex,Williams
17880,Morgan,Williams
17881,Jordan,Johnson
17882,Jordan,Jones
17883,Jordan,Smith
17884,Casey,Brown
17885,Taylor,Williams
17886,Morgan,Smith
17887,Taylor,Johnson
17888,Jordan,Jones
17889,Jordan,Jones
17890,Morgan,Johnson
17891,Morgan,Brown
17892,Casey,Williams
17893,Taylor,Jones
17894,Morgan,Williams
17895,Alex,Smith
17896,Morgan,Williams
17897,Alex,Williams
17898,Alex,Smith
17899,Casey,Jones
17900,Morgan,Williams
17901,Morgan,Smith
17902,Morgan,Smith
17903,Alex,Jones
17904,Morgan,Williams
17905,Morgan,Jones
17906,Taylor,Williams
17907,Alex,Johnson
17908,Taylor,Williams
17909,Alex,Williams
17910,Jordan,Williams
17911,Morgan,Jones
17912,Alex,Williams
17913,Morgan,Smith
17914,Morgan,Williams
17915,Taylor,Jones
17916,Alex,Smith
17917,Morgan,Smith
17918,Taylor,Jones
17919,Jordan,Williams
17920,Casey,Brown
17921,Casey,Brown
17922,Casey,Jones
17923,Jordan,Jones
17924,Casey,Brown
17925,Morgan,Smith
17926,Jordan,Williams
17927,Taylor,Johnson
17928,Morgan,Smith
17929,Jordan,Smith
17930,Casey,Smith
17931,Morgan,Johnson
17932,Taylor,Jones
17933,Taylor,Johnson
17934,Alex,Brown
17935,Alex,Jones
17936,Casey,Brown
17937,Jordan,Johnson
17938,Taylor,Williams
17939,Morgan,Brown
17940,Alex,Brown
17941,Alex,Smith
17942,Morgan,Williams
17943,Casey,Smith
17944,Morgan,Johnson
17945,Alex,Williams
17946,Taylor,Smith
17947,Taylor,Jones
17948,Alex,Jones
17949,Jordan,Jones
17950,Morgan,Jones
17951,Alex,Johnson
17952,Alex,Jones
17953,Morgan,Johnson
17954,Morgan,Brown
17955,Morgan,Johnson
17956,Jordan,Jones
17957,Morgan,Williams
17958,Morgan,Johnson
17959,Morgan,Johnson
17960,Alex,Jones
17961,Taylor,Johnson
17962,Casey,Johnson
17963,Taylor,Jones
17964,Casey,Jones
17965,Taylor,Brown
17966,Taylor,Jones
17967,Alex,Jones
17968,Taylor,Williams
17969,Taylor,Johnson
17970,Jordan,Brown
17971,Taylor,Williams
17972,Jordan,Johnson
17973,Casey,Brown
17974,Alex,Johnson
17975,Taylor,Williams
17976,Alex,Smith
17977,Jordan,Johnson
17978,Casey,Smith
17979,Jordan,Williams
17980,Morgan,Brown
17981,Morgan,Smith
17982,Casey,Jones
17983,Morgan,Johnson
17984,Casey,Smith
17985,Alex,Jones
17986,Alex,Williams
17987,Casey,Brown
17988,Taylor,Johnson
17989,Jordan,Smith
17990,Jordan,Johnson
17991,Jordan,Jones
17992,Casey,Williams
17993,Jordan,Williams
17994,Jordan,Johnson
17995,Taylor,Williams
17996,Jordan,Smith
17997,Alex,Williams
17998,Alex,Smith
17999,Alex,Jones
18000,Taylor,Brown
18001,Taylor,Smith
18002,Taylor,Johnson
18003,Casey,Jones
18004,Jordan,Brown
18005,Alex,Williams
18006,Jordan,Williams
18007,Jordan,Johnson
18008,Jordan,Smith
18009,Jordan,Jones
18010,Taylor,Smith
18011,Taylor,Williams
18012,Taylor,Brown
18013,Casey,Brown
18014,Taylor,Johnson
18015,Taylor,Brown
18016,Morgan,Brown
18017,Jordan,Williams
18018,Morgan,Smith
18019,Morgan,Williams
18020,Casey,Johnson
18021,Taylor,Smith
18022,Casey,Smith
18023,Alex,Williams
18024,Jordan,Williams
18025,Casey,Brown
18026,Taylor,Smith
18027,Jordan,Smith
18028,Casey,Smith
18029,Jordan,Brown
18030,Morgan,Jones
18031,Taylor,Jones
18032,Casey,Smith
18033,Taylor,Jones
18034,Jordan,Williams
18035,Morgan,Johnson
18036,Alex,Brown
18037,Casey,Jones
18038,Jordan,Williams
18039,Taylor,Smith
18040,Morgan,Jones
18041,Alex,Johnson
18042,Casey,Smith
18043,Casey,Jones
18044,Alex,Jones
18045,Taylor,Williams
18046,Casey,Smith
18047,Morgan,Williams
18048,Alex,Jones
18049,Casey,Smith
18050,Jordan,Brown
18051,Taylor,Brown
18052,Taylor,Smith
18053,Alex,Johnson
18054,Morgan,Smith
18055,Jordan,Jones
18056,Jordan,Williams
18057,Taylor,Jones
18058,Taylor,Jones
18059,Morgan,Brown
18060,Morgan,Williams
18061,Casey,Smith
18062,Taylor,Johnson
18063,Taylor,Jones
18064,Alex,Jones
18065,Jordan,Johnson
18066,Morgan,Smith
18067,Jordan,Johnson
18068,Casey,Smith
18069,Alex,Smith
18070,Jordan,Williams
18071,Casey,Brown
18072,Alex,Williams
18073,Jordan,Williams
18074,Morgan,Brown
18075,Taylor,Williams
18076,Taylor,Williams
18077,Jordan,Brown
18078,Jordan,Johnson
18079,Taylor,Johnson
18080,Taylor,Jones
18081,Taylor,Jones
18082,Morgan,Smith
18083,Morgan,Brown
18084,Alex,Smith
18085,Morgan,Smith
18086,Casey,Williams
18087,Morgan,Jones
18088,Morgan,Williams
18089,Taylor,Johnson
18090,Jordan,Johnson
18091,Casey,Jones
18092,Jordan,Brown
18093,Casey,Johnson
18094,Casey,Johnson
18095,Alex,Johnson
18096,Casey,Jones
18097,Alex,Smith
18098,Casey,Johnson
18099,Alex,Johnson
18100,Taylor,Smith
18101,Morgan,Brown
18102,Jordan,Smith
18103,Morgan,Smith
18104,Casey,Brown
18105,Jordan,Johnson
18106,Casey,Smith
18107,Taylor,Johnson
18108,Morgan,Williams
18109,Casey,Smith
18110,Taylor,Williams
18111,Morgan,Jones
18112,Morgan,Brown
18113,Jordan,Johnson
18114,Taylor,Brown
18115,Jordan,Williams
18116,Alex,Brown
18117,Morgan,Jones
18118,Jordan,Smith
18119,Jordan,Smith
18120,Morgan,Jones
18121,Taylor,Johnson
18122,Morgan,Brown
18123,Morgan,Johnson
18124,Casey,Johnson
18125,Taylor,Smith
18126,Jordan,Williams
18127,Casey,Jones
18128,Alex,Smith
18129,Jordan,Brown
18130,Taylor,Smith
18131,Jordan,Jones
18132,Jordan,Johnson
18133,Alex,Williams
18134,Jordan,Williams
18135,Alex,Smith
18136,Morgan,Brown
18137,Jordan,Brown
18138,Taylor,Jones
18139,Jordan,Jones
18140,Alex,Johnson
18141,Jordan,Jones
18142,Casey,Brown
18143,Casey,Williams
18144,Jordan,Brown
18145,Alex,Jones
18146,Jordan,Brown
18147,Morgan,Smith
18148,Jordan,Smith
18149,Morgan,Jones
18150,Alex,Johnson
18151,Taylor,Johnson
18152,Casey,Smith
18153,Casey,Brown
18154,Casey,Smith
18155,Jordan,Williams
18156,Casey,Johnson
18157,Alex,Smith
18158,Morgan,Williams
18159,Alex,Williams
18160,Morgan,Smith
18161,Morgan,Jones
18162,Alex,Brown
18163,Jordan,Brown
18164,Taylor,Brown
18165,Casey,Brown
18166,Morgan,Johnson
18167,Taylor,Jones
18168,Jordan,Williams
18169,Casey,Smith
18170,Alex,Williams
18171,Jordan,Jones
18172,Casey,Johnson
18173,Morgan,Jones
18174,Morgan,Williams
18175,Casey,Johnson
18176,Jordan,Jones
18177,Morgan,Smith
18178,Morgan,Williams
18179,Morgan,Smith
18180,Casey,Williams
18181,Morgan,Williams
18182,Jordan,Jones
18183,Casey,Williams
18184,Taylor,Smith
18185,Jordan,Johnson
18186,Morgan,Johnson
18187,Alex,Smith
18188,Jordan,Smith
18189,Morgan,Williams
18190,Casey,Brown
18191,Morgan,Johnson
18192,Morgan,Smith
18193,Casey,Williams
18194,Jordan,Johnson
18195,Taylor,Jones
18196,Casey,Smith
18197,Jordan,Johnson
18198,Taylor,Jones
18199,Casey,Williams
18200,Taylor,Johnson
18201,Casey,Williams
18202,Casey,Smith
18203,Alex,Smith
18204,Casey,Williams
18205,Casey,Smith
18206,Alex,Smith
18207,Jordan,Smith
18208,Alex,Williams
18209,Morgan,Johnson
18210,Jordan,Smith
18211,Taylor,Johnson
18212,Morgan,Johnson
18213,Alex,Smith
18214,Morgan,Jones
18215,Casey,Brown
18216,Morgan,Williams
18217,Casey,Jones
18218,Alex,Williams
18219,Jordan,Jones
18220,Casey,Williams
18221,Jordan,Smith
18222,Casey,Brown
18223,Taylor,Johnson
18224,Alex,Johnson
18225,Jordan,Smith
18226,Taylor,Brown
18227,Alex,Smith
18228,Morgan,Williams
18229,Jordan,Jones
18230,Taylor,Jones
18231,Jordan,Jones
18232,Casey,Jones
18233,Jordan,Brown
18234,Alex,Brown
18235,Jordan,Brown
18236,Casey,Jones
18237,Alex,Brown
18238,Alex,Williams
18239,Jordan,Brown
18240,Casey,Smith
18241,Casey,Brown
18242,Taylor,Smith
18243,Jordan,Smith
18244,Alex,Johnson
18245,Casey,Smith
18246,Morgan,Smith
18247,Alex,Smith
18248,Jordan,Brown
18249,Morgan,Johnson
18250,Morgan,Jones
18251,Casey,Brown
18252,Jordan,Smith
18253,Taylor,Brown
18254,Taylor,Jones
18255,Casey,Brown
18256,Morgan,Jones
18257,Jordan,Jones
18258,Taylor,Brown
18259,Alex,Johnson
18260,Casey,Williams
18261,Morgan,Brown
18262,Jordan,Brown
18263,Morgan,Johnson
18264,Casey,Williams
18265,Casey,Brown
18266,Taylor,Johnson
18267,Casey,Smith
18268,Casey,Jones
18269,Casey,Johnson
18270,Casey,Brown
18271,Alex,Brown
18272,Morgan,Jones
18273,Jordan,Johnson
18274,Alex,Smith
18275,Jordan,Jones
18276,Alex,Smith
18277,Morgan,Johnson
18278,Casey,Brown
18279,Casey,Smith
18280,Casey,Johnson
18281,Morgan,Smith
18282,Alex,Brown
18283,Morgan,Johnson
18284,Alex,Smith
18285,Morgan,Johnson
18286,Jordan,Brown
18287,Taylor,Smith
18288,Jordan,Brown
18289,Taylor,Jones
18290,Casey,Johnson
18291,Jordan,Smith
18292,Morgan,Johnson
18293,Alex,Smith
18294,Alex,Johnson
18295,Alex,Brown
18296,Taylor,Johnson
18297,Casey,Jones
18298,Jordan,Smith
18299,Casey,Smith
18300,Morgan,Brown
18301,Alex,Smith
18302,Morgan,Jones
18303,Taylor,Johnson
18304,Alex,Brown
18305,Alex,Williams
18306,Taylor,Johnson
18307,Alex,Brown
18308,Morgan,Smith
18309,Casey,Williams
18310,Taylor,Williams
18311,Taylor,Brown
18312,Casey,Johnson
18313,Taylor,Jones
18314,Jordan,Brown
18315,Jordan,Smith
18316,Morgan,Smith
18317,Taylor,Johnson
18318,Morgan,Johnson
18319,Casey,Johnson
18320,Jordan,Jones
18321,Alex,Williams
18322,Morgan,Johnson
18323,Morgan,Brown
18324,Alex,Williams
18325,Taylor,Jones
18326,Morgan,Williams
18327,Jordan,Smith
18328,Taylor,Smith
18329,Jordan,Johnson
18330,Casey,Jones
18331,Casey,Jones
18332,Taylor,Brown
18333,Taylor,Smith
18334,Alex,Brown
18335,Casey,Jones
18336,Morgan,Johnson
18337,Morgan,Johnson
18338,Jordan,Smith
18339,Jordan,Brown
18340,Alex,Jones
18341,Alex,Jones
18342,Jordan,Johnson
18343,Casey,Jones
18344,Alex,Williams
18345,Jordan,Jones
18346,Alex,Smith
18347,Alex,Brown
18348,Morgan,Smith
18349,Taylor,Williams
18350,Taylor,Williams
18351,Jordan,Smith
18352,Morgan,Jones
18353,Alex,Brown
18354,Casey,Jones
18355,Taylor,Smith
18356,Taylor,Williams
18357,Taylor,Brown
18358,Morgan,Brown
18359,Taylor,Smith
18360,Morgan,Williams
18361,Jordan,Smith
18362,Alex,Johnson
18363,Morgan,Williams
18364,Alex,Johnson
18365,Taylor,Smith
18366,Taylor,Williams
18367,Jordan,Johnson
18368,Jordan,Johnson
18369,Morgan,Johnson
18370,Taylor,Jones
18371,Alex,Smith
18372,Jordan,Johnson
18373,Casey,Johnson
18374,Jordan,Williams
18375,Casey,Jones
18376,Jordan,Johnson
18377,Casey,Johnson
18378,Jordan,Williams
18379,Casey,Brown
18380,Morgan,Williams
18381,Alex,Smith
18382,Taylor,Williams
18383,Alex,Williams
18384,Casey,Johnson
18385,Alex,Johnson
18386,Alex,Brown
18387,Jordan,Johnson
18388,Casey,Brown
18389,Jordan,Jones
18390,Taylor,Jones
18391,Casey,Jones
18392,Casey,Williams
18393,Jordan,Johnson
18394,Casey,Jones
18395,Casey,Jones
18396,Morgan,Smith
18397,Alex,Brown
18398,Taylor,Jones
18399,Morgan,Williams
18400,Morgan,Johnson
18401,Taylor,Williams
18402,Casey,Johnson
18403,Alex,Jones
18404,Morgan,Jones
18405,Alex,Smith
18406,Alex,Brown
18407,Taylor,Williams
18408,Casey,Johnson
18409,Jordan,Johnson
18410,Taylor,Williams
18411,Casey,Williams
18412,Taylor,Johnson
18413,Taylor,Smith
18414,Morgan,Jones
18415,Alex,Johnson
18416,Morgan,Smith
18417,Casey,Williams
18418,Alex,Brown
18419,Alex,Brown
18420,Casey,Williams
18421,Alex,Jones
18422,Taylor,Brown
18423,Jordan,Williams
18424,Taylor,Jones
18425,Morgan,Williams
18426,Alex,Smith
18427,Alex,Johnson
18428,Taylor,Johnson
18429,Morgan,Jones
18430,Taylor,Jones
18431,Jordan,Brown
18432,Taylor,Brown
18433,Alex,Brown
18434,Morgan,Jones
18435,Taylor,Johnson
18436,Alex,Jones
18437,Taylor,Jones
18438,Casey,Smith
18439,Alex,Jones
18440,Taylor,Brown
18441,Jordan,Johnson
18442,Jordan,Jones
18443,Morgan,Jones
18444,Morgan,Jones
18445,Casey,Williams
18446,Alex,Smith
18447,Alex,Brown
18448,Casey,Brown
18449,Morgan,Williams
18450,Alex,Brown
18451,Morgan,Brown
18452,Alex,Smith
18453,Taylor,Johnson
18454,Taylor,Johnson
18455,Taylor,Brown
18456,Taylor,Johnson
18457,Alex,Smith
18458,Morgan,Williams
18459,Morgan,Brown
18460,Casey,Jones
18461,Casey,Jones
18462,Alex,Smith
18463,Casey,Jones
18464,Jordan,Johnson
18465,Taylor,Jones
18466,Taylor,Jones
18467,Alex,Brown
18468,Morgan,Johnson
18469,Alex,Johnson
18470,Alex,Williams
18471,Jordan,Johnson
18472,Alex,Jones
18473,Taylor,Johnson
18474,Alex,Williams
18475,Jordan,Johnson
18476,Alex,Johnson
18477,Jordan,Jones
18478,Jordan,Brown
18479,Alex,Jones
18480,Taylor,Johnson
18481,Jordan,Jones
18482,Taylor,Johnson
18483,Alex,Smith
18484,Jordan,Brown
18485,Jordan,Johnson
18486,Taylor,Williams
18487,Jordan,Brown
18488,Taylor,Smith
18489,Alex,Smith
18490,Alex,Brown
18491,Morgan,Williams
18492,Jordan,Jones
18493,Jordan,Brown
18494,Morgan,Jones
18495,Morgan,Brown
18496,Jordan,Williams
18497,Taylor,Williams
18498,Alex,Smith
18499,Taylor,Brown
18500,Alex,Brown
18501,Morgan,Johnson
18502,Taylor,Jones
18503,Alex,Williams
18504,Taylor,Brown
18505,Jordan,Johnson
18506,Jordan,Williams
18507,Jordan,Brown
18508,Morgan,Smith
18509,Alex,Williams
18510,Jordan,Williams
18511,Jordan,Brown
18512,Casey,Smith
18513,Alex,Smith
18514,Casey,Smith
18515,Casey,Williams
18516,Taylor,Williams
18517,Taylor,Johnson
18518,Casey,Jones
18519,Jordan,Jones
18520,Alex,Brown
18521,Taylor,Jones
18522,Morgan,Brown
18523,Alex,Jones
18524,Taylor,Williams
18525,Alex,Johnson
18526,Casey,Johnson
18527,Casey,Smith
18528,Morgan,Jones
18529,Morgan,Brown
18530,Casey,Williams
18531,Casey,Johnson
18532,Casey,Johnson
18533,Casey,Brown
18534,Morgan,Jones
18535,Jordan,Williams
18536,Taylor,Johnson
18537,Jordan,Johnson
18538,Jordan,Johnson
18539,Casey,Smith
18540,Alex,Johnson
18541,Jordan,Jones
18542,Jordan,Williams
18543,Taylor,Johnson
18544,Morgan,Williams
18545,Alex,Smith
18546,Casey,Brown
18547,Morgan,Johnson
18548,Alex,Williams
18549,Jordan,Jones
18550,Jordan,Williams
18551,Casey,Williams
18552,Taylor,Johnson
18553,Taylor,Williams
18554,Jordan,Williams
18555,Taylor,Jones
18556,Casey,Jones
18557,Morgan,Brown
18558,Casey,Brown
18559,Morgan,Brown
18560,Taylor,Smith
18561,Alex,Williams
18562,Casey,Brown
18563,Jordan,Johnson
18564,Morgan,Brown
18565,Jordan,Jones
18566,Jordan,Johnson
18567,Morgan,Brown
18568,Taylor,Jones
18569,Jordan,Brown
18570,Alex,Jones
18571,Morgan,Williams
18572,Morgan,Johnson
18573,Alex,Smith
18574,Casey,Jones
18575,Jordan,Williams
18576,Morgan,Brown
18577,Taylor,Jones
18578,Alex,Williams
18579,Taylor,Johnson
18580,Casey,Johnson
18581,Casey,Williams
18582,Morgan,Jones
18583,Casey,Johnson
18584,Casey,Williams
18585,Jordan,Brown
18586,Morgan,Brown
18587,Casey,Brown
18588,Taylor,Jones
18589,Alex,Smith
18590,Alex,Jones
18591,Casey,Brown
18592,Jordan,Brown
18593,Morgan,Williams
18594,Alex,Jones
18595,Taylor,Smith
18596,Morgan,Johnson
18597,Alex,Williams
18598,Alex,Johnson
18599,Morgan,Smith
18600,Morgan,Brown
18601,Alex,Johnson
18602,Jordan,Brown
18603,Casey,Williams
18604,Morgan,Williams
18605,Alex,Jones
18606,Alex,Smith
18607,Jordan,Brown
18608,Alex,Williams
18609,Alex,Smith
18610,Casey,Williams
18611,Morgan,Brown
18612,Morgan,Williams
18613,Jordan,Johnson
18614,Taylor,Brown
18615,Alex,Williams
18616,Morgan,Johnson
18617,Alex,Brown
18618,Jordan,Williams
18619,Casey,Brown
18620,Taylor,Brown
18621,Jordan,Jones
18622,Taylor,Smith
18623,Jordan,Smith
18624,Alex,Williams
18625,Casey,Brown
18626,Casey,Johnson
18627,Taylor,Jones
18628,Jordan,Williams
18629,Taylor,Smith
18630,Morgan,Brown
18631,Taylor,Johnson
18632,Taylor,Brown
18633,Jordan,Smith
18634,Taylor,Smith
18635,Morgan,Johnson
18636,Alex,Johnson
18637,Morgan,Brown
18638,Jordan,Brown
18639,Alex,Brown
18640,Taylor,Smith
18641,Casey,Johnson
18642,Taylor,Johnson
18643,Jordan,Williams
18644,Casey,Jones
18645,Casey,Jones
18646,Taylor,Johnson
18647,Jordan,Johnson
18648,Morgan,Brown
18649,Casey,Johnson
18650,Jordan,Jones
18651,Jordan,Smith
18652,Morgan,Williams
18653,Taylor,Brown
18654,Jordan,Johnson
18655,Taylor,Johnson
18656,Casey,Jones
18657,Alex,Johnson
18658,Casey,Williams
18659,Morgan,Williams
18660,Jordan,Jones
18661,Taylor,Johnson
18662,Casey,Johnson
18663,Taylor,Smith
18664,Casey,Williams
18665,Taylor,Brown
18666,Jordan,Williams
18667,Morgan,Smith
18668,Taylor,Jones
18669,Morgan,Brown
18670,Morgan,Williams
18671,Taylor,Johnson
18672,Morgan,Johnson
18673,Casey,Brown
18674,Taylor,Smith
18675,Alex,Williams
18676,Taylor,Williams
18677,Taylor,Brown
18678,Jordan,Williams
18679,Morgan,Johnson
18680,Taylor,Johnson
18681,Morgan,Johnson
18682,Morgan,Brown
18683,Jordan,Jones
18684,Jordan,Smith
18685,Taylor,Smith
18686,Alex,Jones
18687,Morgan,Jones
18688,Morgan,Williams
18689,Casey,Williams
18690,Casey,Brown
18691,Taylor,Brown
18692,Taylor,Smith
18693,Jordan,Jones
18694,Casey,Johnson
18695,Jordan,Jones
18696,Alex,Smith
18697,Casey,Smith
18698,Taylor,Johnson
18699,Jordan,Williams
18700,Morgan,Smith
18701,Taylor,Johnson
18702,Taylor,Johnson
18703,Morgan,Williams
18704,Jordan,Smith
18705,Casey,Johnson
18706,Alex,Williams
18707,Casey,Williams
18708,Alex,Williams
18709,Morgan,Smith
18710,Casey,Brown
18711,Casey,Williams
18712,Casey,Brown
18713,Alex,Brown
18714,Taylor,Smith
18715,Alex,Johnson
18716,Alex,Jones
18717,Alex,Jones
18718,Alex,Williams
18719,Alex,Smith
18720,Taylor,Brown
18721,Taylor,Williams
18722,Taylor,Jones
18723,Jordan,Smith
18724,Alex,Brown
18725,Taylor,Williams
18726,Taylor,Brown
18727,Morgan,Brown
18728,Alex,Brown
18729,Morgan,Jones
18730,Jordan,Williams
18731,Morgan,Brown
18732,Jordan,Johnson
18733,Taylor,Williams
18734,Jordan,Johnson
18735,Alex,Smith
18736,Morgan,Williams
18737,Alex,Williams
18738,Casey,Smith
18739,Morgan,Johnson
18740,Casey,Johnson
18741,Jordan,Smith
18742,Taylor,Smith
18743,Alex,Smith
18744,Alex,Johnson
18745,Casey,Smith
18746,Taylor,Smith
18747,Morgan,Johnson
18748,Taylor,Jones
18749,Jordan,Williams
18750,Casey,Johnson
18751,Alex,Johnson
18752,Jordan,Smith
18753,Taylor,Jones
18754,Jordan,Smith
18755,Casey,Williams
18756,Casey,Smith
18757,Morgan,Williams
18758,Casey,Jones
18759,Morgan,Smith
18760,Casey,Williams
18761,Casey,Brown
18762,Casey,Williams
18763,Casey,Williams
18764,Morgan,Williams
18765,Taylor,Williams
18766,Alex,Brown
18767,Jordan,Williams
18768,Morgan,Brown
18769,Jordan,Jones
18770,Casey,Johnson
18771,Casey,Jones
18772,Jordan,Williams
18773,Jordan,Williams
18774,Morgan,Williams
18775,Alex,Williams
18776,Taylor,Brown
18777,Casey,Brown
18778,Alex,Smith
18779,Casey,Johnson
18780,Casey,Johnson
18781,Morgan,Smith
18782,Jordan,Johnson
18783,Taylor,Brown
18784,Alex,Jones
18785,Morgan,Jones
18786,Jordan,Smith
18787,Casey,Williams
18788,Alex,Johnson
18789,Casey,Brown
18790,Casey,Brown
18791,Morgan,Brown
18792,Morgan,Johnson
18793,Alex,Smith
18794,Taylor,Smith
18795,Taylor,Williams
18796,Taylor,Smith
18797,Taylor,Johnson
18798,Taylor,Williams
18799,Taylor,Smith
18800,Alex,Williams
18801,Morgan,Smith
18802,Alex,Brown
18803,Taylor,Williams
18804,Alex,Williams
18805,Jordan,Jones
18806,Taylor,Jones
18807,Jordan,Smith
18808,Alex,Smith
18809,Alex,Jones
18810,Morgan,Williams
18811,Alex,Johnson
18812,Casey,Smith
18813,Jordan,Johnson
18814,Morgan,Brown
18815,Casey,Smith
18816,Jordan,Brown
18817,Jordan,Smith
18818,Alex,Johnson
18819,Taylor,Brown
18820,Morgan,Johnson
18821,Morgan,Jones
18822,Morgan,Johnson
18823,Alex,Williams
18824,Taylor,Jones
18825,Taylor,Johnson
18826,Jordan,Jones
18827,Casey,Jones
18828,Alex,Williams
18829,Alex,Jones
18830,Morgan,Williams
18831,Morgan,Brown
18832,Casey,Smith
18833,Jordan,Williams
18834,Morgan,Williams
18835,Taylor,Brown
18836,Taylor,Smith
18837,Casey,Jones
18838,Casey,Johnson
18839,Alex,Brown
18840,Alex,Smith
18841,Alex,Brown
18842,Taylor,Brown
18843,Jordan,Smith
18844,Alex,Brown
18845,Morgan,Brown
18846,Taylor,Smith
18847,Jordan,Williams
18848,Taylor,Jones
18849,Casey,Johnson
18850,Morgan,Jones
18851,Casey,Brown
18852,Alex,Smith
18853,Alex,Johnson
18854,Alex,Johnson
18855,Morgan,Williams
18856,Morgan,Williams
18857,Jordan,Smith
18858,Morgan,Williams
18859,Alex,Smith
18860,Jordan,Williams
18861,Alex,Jones
18862,Taylor,Smith
18863,Taylor,Jones
18864,Casey,Johnson
18865,Taylor,Johnson
18866,Taylor,Smith
18867,Casey,Brown
18868,Jordan,Smith
18869,Jordan,Williams
18870,Morgan,Williams
18871,Morgan,Johnson
18872,Taylor,Williams
18873,Morgan,Jones
18874,Jordan,Williams
18875,Alex,Jones
18876,Taylor,Johnson
18877,Taylor,Brown
18878,Morgan,Jones
18879,Jordan,Smith
18880,Casey,Williams
18881,Morgan,Brown
18882,Casey,Jones
18883,Taylor,Brown
18884,Taylor,Williams
18885,Alex,Brown
18886,Alex,Johnson
18887,Taylor,Johnson
18888,Taylor,Johnson
18889,Alex,Jones
18890,Alex,Jones
18891,Jordan,Smith
18892,Morgan,Jones
18893,Casey,Johnson
18894,Morgan,Johnson
18895,Morgan,Johnson
18896,Casey,Brown
18897,Morgan,Johnson
18898,Taylor,Johnson
18899,Morgan,Williams
18900,Taylor,Williams
18901,Jordan,Johnson
18902,Casey,Jones
18903,Casey,Brown
18904,Taylor,Johnson
18905,Morgan,Johnson
18906,Jordan,Brown
18907,Taylor,Jones
18908,Jordan,Johnson
18909,Alex,Jones
18910,Alex,Smith
18911,Morgan,Williams
18912,Casey,Smith
18913,Alex,Jones
18914,Jordan,Smith
18915,Morgan,Brown
18916,Casey,Williams
18917,Morgan,Williams
18918,Alex,Williams
18919,Casey,Smith
18920,Morgan,Johnson
18921,Alex,Williams
18922,Casey,Williams
18923,Alex,Brown
18924,Taylor,Williams
18925,Jordan,Williams
18926,Jordan,Jones
18927,Jordan,Brown
18928,Taylor,Smith
18929,Jordan,Johnson
18930,Alex,Williams
18931,Jordan,Jones
18932,Jordan,Jones
18933,Alex,Johnson
18934,Taylor,Brown
18935,Casey,Brown
18936,Jordan,Williams
18937,Alex,Jones
18938,Alex,Williams
18939,Jordan,Smith
18940,Alex,Jones
18941,Morgan,Smith
18942,Morgan,Smith
18943,Jordan,Smith
18944,Casey,Smith
18945,Alex,Williams
18946,Casey,Jones
18947,Alex,Williams
18948,Taylor,Smith
18949,Taylor,Jones
18950,Casey,Smith
18951,Alex,Jones
18952,Jordan,Jones
18953,Alex,Jones
18954,Casey,Brown
18955,Casey,Smith
18956,Alex,Johnson
18957,Alex,Brown
18958,Alex,Johnson
18959,Casey,Jones
18960,Jordan,Johnson
18961,Taylor,Jones
18962,Taylor,Williams
18963,Casey,Brown
18964,Morgan,Smith
18965,Jordan,Johnson
18966,Casey,Jones
18967,Jordan,Williams
18968,Alex,Jones
18969,Taylor,Smith
18970,Jordan,Jones
18971,Alex,Johnson
18972,Alex,Jones
18973,Jordan,Williams
18974,Taylor,Brown
18975,Morgan,Jones
18976,Alex,Johnson
18977,Alex,Smith
18978,Alex,Brown
18979,Jordan,Williams
18980,Alex,Brown
18981,Alex,Jones
18982,Morgan,Williams
18983,Jordan,Johnson
18984,Morgan,Williams
18985,Taylor,Williams
18986,Morgan,Johnson
18987,Morgan,Smith
18988,Taylor,Brown
18989,Alex,Brown
18990,Casey,Williams
18991,Taylor,Williams
18992,Taylor,Williams
18993,Morgan,Brown
18994,Jordan,Smith
18995,Morgan,Jones
18996,Morgan,Johnson
18997,Morgan,Williams
18998,Morgan,Williams
18999,Morgan,Jones
19000,Morgan,Smith
19001,Alex,Jones
19002,Alex,Williams
19003,Morgan,Johnson
19004,Morgan,Smith
19005,Alex,Smith
19006,Casey,Smith
19007,Casey,Johnson
19008,Jordan,Johnson
19009,Jordan,Williams
19010,Casey,Brown
19011,Morgan,Williams
19012,Morgan,Brown
19013,Casey,Jones
19014,Casey,Johnson
19015,Taylor,Williams
19016,Taylor,Johnson
19017,Morgan,Jones
19018,Taylor,Brown
19019,Morgan,Williams
19020,Alex,Smith
19021,Taylor,Williams
19022,Taylor,Smith
19023,Taylor,Brown
19024,Taylor,Brown
19025,Taylor,Brown
19026,Alex,Smith
19027,Alex,Williams
19028,Jordan,Jones
19029,Jordan,Smith
19030,Morgan,Johnson
19031,Taylor,Smith
19032,Taylor,Smith
19033,Alex,Smith
19034,Jordan,Brown
19035,Alex,Williams
19036,Morgan,Williams
19037,Jordan,Brown
19038,Taylor,Jones
19039,Casey,Johnson
19040,Alex,Jones
19041,Taylor,Brown
19042,Alex,Jones
19043,Alex,Johnson
19044,Alex,Johnson
19045,Casey,Williams
19046,Casey,Smith
19047,Casey,Johnson
19048,Taylor,Smith
19049,Morgan,Jones
19050,Morgan,Jones
19051,Jordan,Smith
19052,Morgan,Jones
19053,Casey,Johnson
19054,Casey,Jones
19055,Taylor,Smith
19056,Morgan,Brown
19057,Morgan,Smith
19058,Jordan,Williams
19059,Taylor,Smith
19060,Casey,Jones
19061,Casey,Johnson
19062,Alex,Johnson
19063,Morgan,Jones
19064,Taylor,Smith
19065,Casey,Jones
19066,Jordan,Brown
19067,Jordan,Smith
19068,Jordan,Smith
19069,Morgan,Williams
19070,Alex,Williams
19071,Morgan,Brown
19072,Casey,Smith
19073,Casey,Williams
19074,Alex,Johnson
19075,Casey,Johnson
19076,Morgan,Jones
19077,Jordan,Smith
19078,Jordan,Jones
19079,Morgan,Brown
19080,Casey,Brown
19081,Morgan,Williams
19082,Morgan,Williams
19083,Taylor,Williams
19084,Casey,Brown
19085,Alex,Smith
19086,Morgan,Jones
19087,Taylor,Jones
19088,Morgan,Williams
19089,Morgan,Smith
19090,Casey,Jones
19091,Alex,Jones
19092,Alex,Jones
19093,Casey,Jones
19094,Jordan,Williams
19095,Alex,Jones
19096,Jordan,Brown
19097,Taylor,Williams
19098,Taylor,Jones
19099,Taylor,Johnson
19100,Taylor,Jones
19101,Taylor,Johnson
19102,Taylor,Johnson
19103,Casey,Williams
19104,Morgan,Williams
19105,Alex,Brown
19106,Jordan,Brown
19107,Morgan,Smith
19108,Jordan,Williams
19109,Morgan,Smith
19110,Casey,Johnson
19111,Jordan,Jones
19112,Taylor,Brown
19113,Casey,Brown
19114,Taylor,Williams
19115,Jordan,Johnson
19116,Taylor,Williams
19117,Taylor,Jones
19118,Morgan,Johnson
19119,Casey,Brown
19120,Taylor,Smith
19121,Alex,Johnson
19122,Jordan,Jones
19123,Casey,Smith
19124,Morgan,Johnson
19125,Taylor,Jones
19126,Morgan,Johnson
19127,Morgan,Williams
19128,Alex,Smith
19129,Casey,Williams
19130,Casey,Jones
19131,Jordan,Williams
19132,Jordan,Smith
19133,Casey,Smith
19134,Jordan,Smith
19135,Alex,Brown
19136,Morgan,Williams
19137,Jordan,Johnson
19138,Morgan,Smith
19139,Casey,Brown
19140,Alex,Smith
19141,Alex,Jones
19142,Taylor,Johnson
19143,Taylor,Jones
19144,Taylor,Brown
19145,Morgan,Smith
19146,Alex,Williams
19147,Taylor,Williams
19148,Taylor,Brown
19149,Casey,Brown
19150,Jordan,Williams
19151,Jordan,Jones
19152,Taylor,Smith
19153,Morgan,Jones
19154,Taylor,Smith
19155,Jordan,Williams
19156,Casey,Johnson
19157,Alex,Jones
19158,Morgan,Johnson
19159,Taylor,Jones
19160,Alex,Williams
19161,Casey,Brown
19162,Alex,Smith
19163,Casey,Smith
19164,Casey,Brown
19165,Alex,Johnson
19166,Jordan,Williams
19167,Alex,Smith
19168,Morgan,Williams
19169,Alex,Brown
19170,Alex,Smith
19171,Alex,Williams
19172,Alex,Brown
19173,Jordan,Jones
19174,Alex,Williams
19175,Casey,Smith
19176,Morgan,Jones
19177,Jordan,Brown
19178,Jordan,Brown
19179,Casey,Brown
19180,Jordan,Brown
19181,Jordan,Williams
19182,Casey,Johnson
19183,Casey,Smith
19184,Taylor,Brown
19185,Alex,Jones
19186,Taylor,Smith
19187,Jordan,Brown
19188,Alex,Johnson
19189,Jordan,Johnson
19190,Alex,Brown
19191,Morgan,Brown
19192,Morgan,Johnson
19193,Alex,Brown
19194,Alex,Jones
19195,Alex,Johnson
19196,Jordan,Williams
19197,Casey,Jones
19198,Morgan,Smith
19199,Alex,Smith
19200,Jordan,Williams
19201,Alex,Jones
19202,Taylor,Williams
19203,Morgan,Smith
19204,Taylor,Smith
19205,Casey,Johnson
19206,Taylor,Brown
19207,Casey,Smith
19208,Taylor,Williams
19209,Casey,Williams
19210,Casey,Smith
19211,Morgan,Johnson
19212,Morgan,Johnson
19213,Alex,Johnson
19214,Casey,Jones
19215,Taylor,Jones
19216,Casey,Johnson
19217,Jordan,Johnson
19218,Alex,Jones
19219,Taylor,Jones
19220,Jordan,Jones
19221,Alex,Jones
19222,Taylor,Johnson
19223,Morgan,Williams
19224,Morgan,Johnson
19225,Morgan,Johnson
19226,Taylor,Williams
19227,Casey,Brown
19228,Alex,Smith
19229,Jordan,Williams
19230,Jordan,Smith
19231,Casey,Smith
19232,Jordan,Brown
19233,Casey,Williams
19234,Casey,Williams
19235,Morgan,Jones
19236,Casey,Johnson
19237,Jordan,Johnson
19238,Alex,Johnson
19239,Alex,Brown
19240,Jordan,Williams
19241,Morgan,Smith
19242,Taylor,Brown
19243,Casey,Jones
19244,Taylor,Smith
19245,Taylor,Jones
19246,Jordan,Williams
19247,Taylor,Johnson
19248,Alex,Williams
19249,Morgan,Brown
19250,Alex,Smith
19251,Casey,Jones
19252,Casey,Johnson
19253,Taylor,Jones
19254,Morgan,Smith
19255,Alex,Jones
19256,Taylor,Jones
19257,Casey,Smith
19258,Jordan,Brown
19259,Jordan,Jones
19260,Jordan,Williams
19261,Alex,Brown
19262,Alex,Williams
19263,Taylor,Jones
19264,Alex,Williams
19265,Alex,Williams
19266,Morgan,Smith
19267,Jordan,Jones
19268,Casey,Jones
19269,Jordan,Brown
19270,Casey,Johnson
19271,Morgan,Williams
19272,Jordan,Smith
19273,Jordan,Smith
19274,Casey,Johnson
19275,Alex,Williams
19276,Casey,Smith
19277,Casey,Williams
19278,Morgan,Johnson
19279,Jordan,Brown
19280,Morgan,Johnson
19281,Casey,Johnson
19282,Casey,Jones
19283,Alex,Smith
19284,Taylor,Smith
19285,Casey,Jones
19286,Taylor,Brown
19287,Jordan,Johnson
19288,Taylor,Smith
19289,Alex,Williams
19290,Taylor,Brown
19291,Jordan,Jones
19292,Taylor,Jones
19293,Alex,Brown
19294,Taylor,Brown
19295,Alex,Jones
19296,Casey,Williams
19297,Taylor,Williams
19298,Alex,Jones
19299,Casey,Brown
19300,Jordan,Smith
19301,Jordan,Brown
19302,Jordan,Brown
19303,Casey,Brown
19304,Jordan,Williams
19305,Morgan,Brown
19306,Morgan,Johnson
19307,Taylor,Smith
19308,Morgan,Brown
19309,Morgan,Williams
19310,Jordan,Johnson
19311,Morgan,Jones
19312,Taylor,Jones
19313,Morgan,Williams
19314,Taylor,Brown
19315,Taylor,Johnson
19316,Jordan,Johnson
19317,Casey,Smith
19318,Casey,Jones
19319,Morgan,Johnson
19320,Alex,Jones
19321,Alex,Smith
19322,Morgan,Brown
19323,Casey,Williams
19324,Morgan,Brown
19325,Morgan,Brown
19326,Jordan,Jones
19327,Alex,Williams
19328,Alex,Jones
19329,Morgan,Jones
19330,Jordan,Johnson
19331,Morgan,Williams
19332,Jordan,Smith
19333,Jordan,Johnson
19334,Taylor,Jones
19335,Jordan,Johnson
19336,Jordan,Williams
19337,Taylor,Brown
19338,Casey,Williams
19339,Jordan,Williams
19340,Alex,Smith
19341,Casey,Smith
19342,Casey,Williams
19343,Alex,Johnson
19344,Morgan,Jones
19345,Taylor,Jones
19346,Jordan,Brown
19347,Casey,Jones
19348,Casey,Williams
19349,Casey,Jones
19350,Casey,Brown
19351,Casey,Smith
19352,Morgan,Williams
19353,Casey,Williams
19354,Taylor,Smith
19355,Alex,Jones
19356,Taylor,Smith
19357,Morgan,Brown
19358,Taylor,Smith
19359,Alex,Williams
19360,Jordan,Williams
19361,Alex,Smith
19362,Morgan,Jones
19363,Casey,Johnson
19364,Morgan,Smith
19365,Casey,Johnson
19366,Jordan,Williams
19367,Casey,Smith
19368,Casey,Johnson
19369,Taylor,Brown
19370,Morgan,Johnson
19371,Taylor,Johnson
19372,Alex,Brown
19373,Taylor,Johnson
19374,Morgan,Jones
19375,Casey,Williams
19376,Taylor,Brown
19377,Alex,Johnson
19378,Jordan,Brown
19379,Jordan,Johnson
19380,Jordan,Brown
19381,Jordan,Smith
19382,Casey,Brown
19383,Alex,Johnson
19384,Jordan,Williams
19385,Alex,Williams
19386,Taylor,Brown
19387,Alex,Brown
19388,Taylor,Jones
19389,Taylor,Jones
19390,Taylor,Brown
19391,Jordan,Smith
19392,Taylor,Johnson
19393,Morgan,Smith
19394,Casey,Smith
19395,Alex,Jones
19396,Alex,Williams
19397,Morgan,Brown
19398,Alex,Brown
19399,Casey,Johnson
19400,Casey,Williams
19401,Taylor,Williams
19402,Alex,Brown
19403,Taylor,Smith
19404,Casey,Jones
19405,Jordan,Johnson
19406,Taylor,Smith
19407,Taylor,Brown
19408,Jordan,Brown
19409,Morgan,Jones
19410,Casey,Johnson
19411,Taylor,Jones
19412,Jordan,Williams
19413,Morgan,Smith
19414,Morgan,Brown
19415,Morgan,Jones
19416,Casey,Jones
19417,Jordan,Smith
19418,Taylor,Brown
19419,Alex,Williams
19420,Alex,Jones
19421,Taylor,Williams
19422,Morgan,Jones
19423,Casey,Williams
19424,Alex,Jones
19425,Casey,Smith
19426,Alex,Johnson
19427,Casey,Williams
19428,Casey,Johnson
19429,Jordan,Brown
19430,Morgan,Johnson
19431,Taylor,Jones
19432,Taylor,Williams
19433,Morgan,Williams
19434,Taylor,Johnson
19435,Jordan,Brown
19436,Jordan,Brown
19437,Jordan,Smith
19438,Morgan,Brown
19439,Jordan,Smith
19440,Taylor,Johnson
19441,Jordan,Smith
19442,Alex,Smith
19443,Casey,Johnson
19444,Casey,Jones
19445,Casey,Brown
19446,Morgan,Brown
19447,Taylor,Johnson
19448,Jordan,Williams
19449,Casey,Johnson
19450,Alex,Smith
19451,Alex,Brown
19452,Jordan,Johnson
19453,Morgan,Williams
19454,Alex,Jones
19455,Casey,Brown
19456,Casey,Jones
19457,Taylor,Smith
19458,Morgan,Williams
19459,Jordan,Brown
19460,Morgan,Jones
19461,Alex,Smith
19462,Jordan,Johnson
19463,Morgan,Jones
19464,Morgan,Brown
19465,Casey,Williams
19466,Jordan,Jones
19467,Taylor,Smith
19468,Jordan,Brown
19469,Casey,Williams
19470,Taylor,Williams
19471,Taylor,Jones
19472,Alex,Williams
19473,Taylor,Williams
19474,Morgan,Williams
19475,Taylor,Brown
19476,Alex,Jones
19477,Casey,Brown
19478,Alex,Brown
19479,Jordan,Williams
19480,Alex,Johnson
19481,Morgan,Williams
19482,Morgan,Johnson
19483,Alex,Johnson
19484,Casey,Smith
19485,Morgan,Williams
19486,Casey,Jones
19487,Casey,Smith
19488,Jordan,Williams
19489,Jordan,Johnson
19490,Alex,Jones
19491,Jordan,Brown
19492,Alex,Johnson
19493,Casey,Brown
19494,Alex,Johnson
19495,Casey,Smith
19496,Morgan,Jones
19497,Casey,Johnson
19498,Taylor,Williams
19499,Casey,Jones
19500,Casey,Jones
19501,Casey,Johnson
19502,Taylor,Smith
19503,Taylor,Smith
19504,Jordan,Jones
19505,Jordan,Jones
19506,Taylor,Jones
19507,Casey,Jones
19508,Morgan,Jones
19509,Taylor,Williams
19510,Jordan,Jones
19511,Jordan,Jones
19512,Morgan,Smith
19513,Casey,Williams
19514,Alex,Jones
19515,Morgan,Brown
19516,Jordan,Brown
19517,Alex,Brown
19518,Taylor,Williams
19519,Taylor,Brown
19520,Morgan,Brown
19521,Morgan,Johnson
19522,Morgan,Johnson
19523,Casey,Johnson
19524,Jordan,Smith
19525,Alex,Jones
19526,Alex,Jones
19527,Taylor,Johnson
19528,Casey,Johnson
19529,Jordan,Williams
19530,Morgan,Jones
19531,Jordan,Johnson
19532,Jordan,Johnson
19533,Morgan,Jones
19534,Jordan,Williams
19535,Casey,Smith
19536,Jordan,Williams
19537,Morgan,Jones
19538,Jordan,Smith
19539,Alex,Jones
19540,Taylor,Jones
19541,Casey,Smith
19542,Alex,Williams
19543,Jordan,Williams
19544,Taylor,Jones
19545,Alex,Brown
19546,Casey,Johnson
19547,Taylor,Williams
19548,Morgan,Brown
19549,Alex,Jones
19550,Taylor,Jones
19551,Jordan,Jones
19552,Casey,Johnson
19553,Taylor,Smith
19554,Jordan,Johnson
19555,Jordan,Smith
19556,Jordan,Jones
19557,Taylor,Johnson
19558,Jordan,Johnson
19559,Taylor,Johnson
19560,Taylor,Williams
19561,Morgan,Williams
19562,Alex,Smith
19563,Casey,Johnson
19564,Taylor,Smith
19565,Alex,Jones
19566,Alex,Smith
19567,Taylor,Williams
19568,Jordan,Smith
19569,Taylor,Jones
19570,Morgan,Brown
19571,Casey,Jones
19572,Jordan,Johnson
19573,Casey,Smith
19574,Casey,Smith
19575,Taylor,Johnson
19576,Morgan,Williams
19577,Alex,Brown
19578,Casey,Johnson
19579,Alex,Jones
19580,Alex,Johnson
19581,Jordan,Williams
19582,Casey,Williams
19583,Alex,Williams
19584,Casey,Smith
19585,Taylor,Johnson
19586,Casey,Williams
19587,Casey,Jones
19588,Taylor,Smith
19589,Alex,Brown
19590,Taylor,Jones
19591,Alex,Smith
19592,Taylor,Johnson
19593,Casey,Brown
19594,Jordan,Johnson
19595,Casey,Jones
19596,Casey,Johnson
19597,Alex,Johnson
19598,Taylor,Brown
19599,Casey,Brown
19600,Alex,Jones
19601,Jordan,Johnson
19602,Taylor,Smith
19603,Casey,Smith
19604,Morgan,Smith
19605,Alex,Jones
19606,Casey,Williams
19607,Morgan,Smith
19608,Jordan,Brown
19609,Taylor,Johnson
19610,Alex,Johnson
19611,Morgan,Brown
19612,Casey,Williams
19613,Morgan,Williams
19614,Taylor,Williams
19615,Morgan,Williams
19616,Jordan,Smith
19617,Taylor,Jones
19618,Jordan,Williams
19619,Casey,Jones
19620,Alex,Williams
19621,Casey,Williams
19622,Alex,Smith
19623,Casey,Smith
19624,Jordan,Johnson
19625,Taylor,Brown
19626,Taylor,Brown
19627,Taylor,Williams
19628,Morgan,Jones
19629,Jordan,Johnson
19630,Taylor,Jones
19631,Casey,Johnson
19632,Casey,Jones
19633,Alex,Smith
19634,Alex,Smith
19635,Alex,Smith
19636,Morgan,Williams
19637,Alex,Williams
19638,Alex,Brown
19639,Casey,Smith
19640,Jordan,Johnson
19641,Jordan,Jones
19642,Casey,Smith
19643,Alex,Williams
19644,Jordan,Brown
19645,Taylor,Smith
19646,Taylor,Brown
19647,Morgan,Williams
19648,Casey,Smith
19649,Taylor,Williams
19650,Casey,Brown
19651,Alex,Brown
19652,Casey,Johnson
19653,Casey,Williams
19654,Taylor,Johnson
19655,Taylor,Jones
19656,Casey,Brown
19657,Morgan,Williams
19658,Casey,Brown
19659,Morgan,Brown
19660,Alex,Williams
19661,Morgan,Brown
19662,Casey,Williams
19663,Taylor,Johnson
19664,Jordan,Johnson
19665,Jordan,Williams
19666,Morgan,Smith
19667,Alex,Williams
19668,Jordan,Smith
19669,Jordan,Williams
19670,Casey,Smith
19671,Alex,Smith
19672,Jordan,Jones
19673,Casey,Jones
19674,Morgan,Johnson
19675,Casey,Smith
19676,Taylor,Johnson
19677,Morgan,Johnson
19678,Casey,Brown
19679,Taylor,Brown
19680,Taylor,Smith
19681,Casey,Smith
19682,Morgan,Jones
19683,Alex,Johnson
19684,Alex,Jones
19685,Taylor,Smith
19686,Alex,Brown
19687,Morgan,Johnson
19688,Taylor,Johnson
19689,Taylor,Williams
19690,Morgan,Smith
19691,Jordan,Brown
19692,Alex,Williams
19693,Jordan,Williams
19694,Morgan,Williams
19695,Morgan,Jones
19696,Alex,Jones
19697,Taylor,Johnson
19698,Taylor,Smith
19699,Morgan,Smith
19700,Morgan,Smith
19701,Taylor,Smith
19702,Morgan,Williams
19703,Taylor,Brown
19704,Taylor,Johnson
19705,Jordan,Jones
19706,Taylor,Smith
19707,Alex,Johnson
19708,Taylor,Smith
19709,Alex,Williams
19710,Alex,Jones
19711,Alex,Smith
19712,Taylor,Williams
19713,Taylor,Johnson
19714,Casey,Brown
19715,Jordan,Smith
19716,Taylor,Jones
19717,Casey,Johnson
19718,Morgan,Smith
19719,Casey,Williams
19720,Jordan,Johnson
19721,Taylor,Jones
19722,Alex,Jones
19723,Jordan,Brown
19724,Casey,Williams
19725,Morgan,Brown
19726,Alex,Williams
19727,Taylor,Brown
19728,Morgan,Jones
19729,Casey,Jones
19730,Jordan,Johnson
19731,Taylor,Smith
19732,Taylor,Brown
19733,Taylor,Jones
19734,Taylor,Johnson
19735,Taylor,Brown
19736,Taylor,Smith
19737,Morgan,Brown
19738,Morgan,Smith
19739,Alex,Smith
19740,Morgan,Johnson
19741,Morgan,Smith
19742,Taylor,Johnson
19743,Casey,Brown
19744,Taylor,Jones
19745,Alex,Williams
19746,Morgan,Smith
19747,Alex,Jones
19748,Jordan,Brown
19749,Alex,Williams
19750,Morgan,Smith
19751,Alex,Johnson
19752,Alex,Jones
19753,Taylor,Smith
19754,Jordan,Williams
19755,Jordan,Johnson
19756,Taylor,Williams
19757,Jordan,Brown
19758,Casey,Smith
19759,Alex,Williams
19760,Taylor,Smith
19761,Alex,Williams
19762,Morgan,Johnson
19763,Alex,Smith
19764,Jordan,Johnson
19765,Taylor,Brown
19766,Taylor,Williams
19767,Taylor,Brown
19768,Casey,Johnson
19769,Taylor,Smith
19770,Taylor,Johnson
19771,Casey,Williams
19772,Casey,Williams
19773,Alex,Williams
19774,Morgan,Johnson
19775,Alex,Johnson
19776,Casey,Johnson
19777,Casey,Williams
19778,Casey,Williams
19779,Casey,Johnson
19780,Morgan,Jones
19781,Casey,Smith
19782,Casey,Johnson
19783,Jordan,Jones
19784,Alex,Smith
19785,Casey,Brown
19786,Alex,Williams
19787,Morgan,Smith
19788,Alex,Brown
19789,Jordan,Johnson
19790,Alex,Smith
19791,Taylor,Brown
19792,Jordan,Williams
19793,Alex,Brown
19794,Alex,Brown
19795,Jordan,Williams
19796,Casey,Smith
19797,Morgan,Jones
19798,Morgan,Brown
19799,Morgan,Williams
19800,Jordan,Smith
19801,Jordan,Jones
19802,Casey,Brown
19803,Jordan,Smith
19804,Casey,Brown
19805,Casey,Smith
19806,Alex,Jones
19807,Taylor,Williams
19808,Taylor,Brown
19809,Morgan,Smith
19810,Jordan,Jones
19811,Casey,Jones
19812,Casey,Smith
19813,Morgan,Williams
19814,Taylor,Smith
19815,Taylor,Smith
19816,Taylor,Williams
19817,Taylor,Smith
19818,Taylor,Smith
19819,Alex,Smith
19820,Taylor,Williams
19821,Taylor,Brown
19822,Alex,Jones
19823,Morgan,Jones
19824,Casey,Jones
19825,Morgan,Brown
19826,Jordan,Brown
19827,Alex,Smith
19828,Morgan,Brown
19829,Morgan,Brown
19830,Morgan,Brown
19831,Morgan,Williams
19832,Alex,Johnson
19833,Alex,Williams
19834,Alex,Johnson
19835,Casey,Smith
19836,Jordan,Johnson
19837,Morgan,Smith
19838,Jordan,Brown
19839,Casey,Smith
19840,Alex,Brown
19841,Morgan,Williams
19842,Taylor,Williams
19843,Morgan,Jones
19844,Jordan,Smith
19845,Taylor,Williams
19846,Alex,Smith
19847,Jordan,Jones
19848,Alex,Smith
19849,Morgan,Brown
19850,Alex,Jones
19851,Morgan,Smith
19852,Casey,Jones
19853,Morgan,Williams
19854,Jordan,Smith
19855,Casey,Jones
19856,Taylor,Brown
19857,Alex,Jones
19858,Morgan,Johnson
19859,Morgan,Smith
19860,Morgan,Williams
19861,Morgan,Williams
19862,Taylor,Brown
19863,Alex,Johnson
19864,Alex,Williams
19865,Alex,Brown
19866,Alex,Smith
19867,Jordan,Williams
19868,Taylor,Jones
19869,Casey,Williams
19870,Morgan,Brown
19871,Casey,Jones
19872,Casey,Johnson
19873,Morgan,Jones
19874,Morgan,Johnson
19875,Taylor,Brown
19876,Taylor,Smith
19877,Alex,Johnson
19878,Jordan,Brown
19879,Alex,Jones
19880,Alex,Johnson
19881,Casey,Smith
19882,Alex,Johnson
19883,Taylor,Johnson
19884,Casey,Johnson
19885,Taylor,Williams
19886,Alex,Brown
19887,Jordan,Brown
19888,Casey,Johnson
19889,Taylor,Smith
19890,Taylor,Jones
19891,Casey,Smith
19892,Morgan,Smith
19893,Alex,Brown
19894,Morgan,Smith
19895,Casey,Johnson
19896,Jordan,Johnson
19897,Morgan,Smith
19898,Taylor,Williams
19899,Alex,Johnson
19900,Taylor,Johnson
19901,Jordan,Johnson
19902,Alex,Jones
19903,Morgan,Jones
19904,Alex,Johnson
19905,Morgan,Brown
19906,Morgan,Brown
19907,Alex,Williams
19908,Casey,Johnson
19909,Taylor,Jones
19910,Taylor,Johnson
19911,Morgan,Brown
19912,Jordan,Jones
19913,Casey,Jones
19914,Morgan,Smith
19915,Taylor,Brown
19916,Alex,Brown
19917,Taylor,Smith
19918,Jordan,Williams
19919,Taylor,Smith
19920,Casey,Brown
19921,Taylor,Jones
19922,Casey,Johnson
19923,Jordan,Johnson
19924,Casey,Williams
19925,Jordan,Johnson
19926,Taylor,Smith
19927,Jordan,Brown
19928,Jordan,Jones
19929,Casey,Brown
19930,Casey,Smith
19931,Casey,Williams
19932,Taylor,Jones
19933,Casey,Jones
19934,Casey,Johnson
19935,Jordan,Brown
19936,Alex,Smith
19937,Casey,Jones
19938,Jordan,Brown
19939,Taylor,Jones
19940,Morgan,Johnson
19941,Jordan,Williams
19942,Morgan,Williams
19943,Alex,Brown
19944,Jordan,Williams
19945,Morgan,Brown
19946,Taylor,Brown
19947,Jordan,Brown
19948,Casey,Brown
19949,Taylor,Jones
19950,Taylor,Jones
19951,Alex,Jones
19952,Taylor,Williams
19953,Taylor,Williams
19954,Casey,Williams
19955,Morgan,Smith
19956,Casey,Jones
19957,Jordan,Brown
19958,Jordan,Jones
19959,Casey,Brown
19960,Alex,Williams
19961,Morgan,Johnson
19962,Taylor,Smith
19963,Jordan,Williams
19964,Alex,Johnson
19965,Morgan,Williams
19966,Taylor,Johnson
19967,Casey,Brown
19968,Taylor,Williams
19969,Casey,Johnson
19970,Casey,Jones
19971,Taylor,Brown
19972,Jordan,Smith
19973,Morgan,Williams
19974,Taylor,Smith
19975,Morgan,Jones
19976,Taylor,Smith
19977,Taylor,Johnson
19978,Jordan,Jones
19979,Taylor,Brown
19980,Alex,Jones
19981,Jordan,Williams
19982,Casey,Brown
19983,Casey,Smith
19984,Alex,Jones
19985,Alex,Williams
19986,Alex,Johnson
19987,Morgan,Brown
19988,Casey,Johnson
19989,Morgan,Smith
19990,Taylor,Williams
19991,Taylor,Johnson
19992,Jordan,Williams
19993,Morgan,Brown
19994,Morgan,Williams
19995,Jordan,Johnson
19996,Jordan,Johnson
19997,Alex,Jones
19998,Casey,Johnson
19999,Morgan,Williams
20000,Jordan,Williams
20001,Jordan,Jones
20002,Jordan,Jones
20003,Morgan,Williams
20004,Morgan,Brown
20005,Alex,Johnson
20006,Casey,Jones
20007,Alex,Johnson
20008,Casey,Williams
20009,Alex,Brown
20010,Casey,Williams
20011,Casey,Johnson
20012,Casey,Brown
20013,Taylor,Smith
20014,Taylor,Smith
20015,Taylor,Johnson
20016,Casey,Brown
20017,Jordan,Williams
20018,Casey,Jones
20019,Jordan,Williams
20020,Casey,Brown
20021,Alex,Jones
20022,Morgan,Jones
20023,Morgan,Johnson
20024,Alex,Jones
20025,Morgan,Smith
20026,Jordan,Smith
20027,Taylor,Johnson
20028,Taylor,Brown
20029,Alex,Johnson
20030,Alex,Jones
20031,Taylor,Williams
20032,Casey,Jones
20033,Jordan,Johnson
20034,Morgan,Jones
20035,Alex,Smith
20036,Jordan,Johnson
20037,Taylor,Brown
20038,Taylor,Johnson
20039,Casey,Johnson
20040,Jordan,Brown
20041,Taylor,Williams
20042,Casey,Williams
20043,Alex,Williams
20044,Morgan,Jones
20045,Morgan,Johnson
20046,Morgan,Johnson
20047,Taylor,Johnson
20048,Casey,Jones
20049,Morgan,Johnson
20050,Jordan,Brown
20051,Jordan,Smith
20052,Jordan,Johnson
20053,Morgan,Williams
20054,Taylor,Smith
20055,Taylor,Brown
20056,Jordan,Smith
20057,Taylor,Jones
20058,Morgan,Johnson
20059,Taylor,Johnson
20060,Alex,Johnson
20061,Jordan,Johnson
20062,Taylor,Williams
20063,Taylor,Williams
20064,Morgan,Brown
20065,Morgan,Brown
20066,Morgan,Williams
20067,Casey,Jones
20068,Alex,Brown
20069,Morgan,Brown
20070,Jordan,Johnson
20071,Jordan,Johnson
20072,Taylor,Brown
20073,Morgan,Williams
20074,Jordan,Williams
20075,Taylor,Williams
20076,Jordan,Smith
20077,Taylor,Brown
20078,Jordan,Williams
20079,Casey,Johnson
20080,Alex,Brown
20081,Morgan,Brown
20082,Taylor,Williams
20083,Morgan,Smith
20084,Morgan,Williams
20085,Jordan,Brown
20086,Alex,Johnson
20087,Jordan,Williams
20088,Morgan,Brown
20089,Casey,Smith
20090,Taylor,Williams
20091,Taylor,Smith
20092,Casey,Johnson
20093,Alex,Brown
20094,Casey,Johnson
20095,Morgan,Smith
20096,Jordan,Williams
20097,Taylor,Jones
20098,Morgan,Smith
20099,Morgan,Jones
20100,Casey,Jones
20101,Alex,Brown
20102,Morgan,Jones
20103,Taylor,Smith
20104,Taylor,Johnson
20105,Alex,Brown
20106,Morgan,Jones
20107,Taylor,Johnson
20108,Morgan,Brown
20109,Jordan,Johnson
20110,Taylor,Smith
20111,Jordan,Brown
20112,Taylor,Johnson
20113,Morgan,Johnson
20114,Jordan,Johnson
20115,Jordan,Jones
20116,Jordan,Williams
20117,Alex,Smith
20118,Taylor,Johnson
20119,Jordan,Williams
20120,Alex,Smith
20121,Taylor,Smith
20122,Casey,Jones
20123,Alex,Brown
20124,Alex,Smith
20125,Morgan,Brown
20126,Morgan,Williams
20127,Casey,Smith
20128,Taylor,Williams
20129,Alex,Johnson
20130,Alex,Williams
20131,Taylor,Brown
20132,Jordan,Williams
20133,Alex,Williams
20134,Morgan,Brown
20135,Taylor,Smith
20136,Alex,Williams
20137,Taylor,Brown
20138,Jordan,Brown
20139,Morgan,Brown
20140,Jordan,Johnson
20141,Alex,Johnson
20142,Alex,Williams
20143,Jordan,Brown
20144,Alex,Jones
20145,Casey,Williams
20146,Jordan,Smith
20147,Taylor,Smith
20148,Taylor,Smith
20149,Jordan,Johnson
20150,Morgan,Johnson
20151,Taylor,Brown
20152,Alex,Johnson
20153,Morgan,Brown
20154,Jordan,Smith
20155,Morgan,Brown
20156,Casey,Brown
20157,Taylor,Williams
20158,Casey,Williams
20159,Alex,Johnson
20160,Alex,Johnson
20161,Jordan,Brown
20162,Alex,Jones
20163,Morgan,Johnson
20164,Morgan,Smith
20165,Morgan,Williams
20166,Morgan,Johnson
20167,Morgan,Smith
20168,Alex,Smith
20169,Alex,Jones
20170,Casey,Smith
20171,Morgan,Smith
20172,Jordan,Jones
20173,Morgan,Smith
20174,Jordan,Williams
20175,Taylor,Jones
20176,Morgan,Smith
20177,Casey,Williams
20178,Morgan,Smith
20179,Morgan,Johnson
20180,Morgan,Brown
20181,Jordan,Williams
20182,Casey,Johnson
20183,Alex,Williams
20184,Alex,Jones
20185,Taylor,Williams
20186,Taylor,Jones
20187,Alex,Brown
20188,Morgan,Smith
20189,Taylor,Brown
20190,Alex,Smith
20191,Jordan,Johnson
20192,Taylor,Jones
20193,Alex,Williams
20194,Casey,Jones
20195,Morgan,Smith
20196,Taylor,Williams
20197,Morgan,Brown
20198,Alex,Brown
20199,Alex,Williams
20200,Taylor,Smith
20201,Alex,Johnson
20202,Casey,Smith
20203,Taylor,Williams
20204,Jordan,Williams
20205,Jordan,Johnson
20206,Casey,Smith
20207,Casey,Jones
20208,Casey,Williams
20209,Casey,Williams
20210,Taylor,Williams
20211,Taylor,Brown
20212,Morgan,Brown
20213,Casey,Williams
20214,Jordan,Johnson
20215,Alex,Johnson
20216,Casey,Johnson
20217,Jordan,Brown
20218,Casey,Johnson
20219,Taylor,Smith
20220,Morgan,Smith
20221,Casey,Williams
20222,Alex,Smith
20223,Alex,Johnson
20224,Alex,Brown
20225,Morgan,Johnson
20226,Jordan,Johnson
20227,Alex,Johnson
20228,Alex,Jones
20229,Morgan,Williams
20230,Jordan,Jones
20231,Taylor,Smith
20232,Jordan,Johnson
20233,Taylor,Williams
20234,Casey,Johnson
20235,Taylor,Johnson
20236,Taylor,Johnson
20237,Alex,Williams
20238,Alex,Williams
20239,Alex,Smith
20240,Jordan,Williams
20241,Taylor,Johnson
20242,Alex,Smith
20243,Morgan,Smith
20244,Jordan,Williams
20245,Casey,Jones
20246,Casey,Williams
20247,Casey,Brown
20248,Morgan,Johnson
20249,Taylor,Smith
20250,Jordan,Smith
20251,Morgan,Smith
20252,Taylor,Johnson
20253,Alex,Johnson
20254,Alex,Brown
20255,Jordan,Johnson
20256,Jordan,Brown
20257,Taylor,Brown
20258,Casey,Smith
20259,Casey,Smith
20260,Taylor,Johnson
20261,Taylor,Johnson
20262,Jordan,Williams
20263,Taylor,Johnson
20264,Casey,Smith
20265,Taylor,Jones
20266,Casey,Brown
20267,Taylor,Smith
20268,Casey,Williams
20269,Morgan,Smith
20270,Morgan,Johnson
20271,Jordan,Smith
20272,Casey,Williams
20273,Jordan,Smith
20274,Alex,Smith
20275,Morgan,Johnson
20276,Jordan,Smith
20277,Alex,Jones
20278,Morgan,Brown
20279,Casey,Smith
20280,Alex,Smith
20281,Morgan,Smith
20282,Morgan,Williams
20283,Morgan,Johnson
20284,Jordan,Smith
20285,Casey,Brown
20286,Casey,Johnson
20287,Alex,Jones
20288,Taylor,Brown
20289,Taylor,Johnson
20290,Casey,Smith
20291,Morgan,Brown
20292,Casey,Jones
20293,Morgan,Jones
20294,Jordan,Johnson
20295,Taylor,Jones
20296,Taylor,Williams
20297,Casey,Smith
20298,Morgan,Smith
20299,Alex,Johnson
20300,Alex,Smith
20301,Taylor,Brown
20302,Casey,Smith
20303,Taylor,Jones
20304,Jordan,Jones
20305,Jordan,Williams
20306,Taylor,Williams
20307,Jordan,Brown
20308,Casey,Smith
20309,Taylor,Jones
20310,Jordan,Williams
20311,Casey,Brown
20312,Jordan,Williams
20313,Morgan,Jones
20314,Morgan,Jones
20315,Casey,Johnson
20316,Casey,Smith
20317,Taylor,Williams
20318,Alex,Brown
20319,Casey,Jones
20320,Morgan,Smith
20321,Casey,Williams
20322,Casey,Johnson
20323,Casey,Smith
20324,Jordan,Williams
20325,Jordan,Williams
20326,Casey,Jones
20327,Morgan,Smith
20328,Alex,Johnson
20329,Morgan,Smith
20330,Casey,Jones
20331,Morgan,Smith
20332,Alex,Johnson
20333,Alex,Williams
20334,Alex,Williams
20335,Casey,Brown
20336,Morgan,Jones
20337,Casey,Williams
20338,Jordan,Smith
20339,Morgan,Brown
20340,Taylor,Johnson
20341,Jordan,Smith
20342,Casey,Jones
20343,Taylor,Smith
20344,Jordan,Williams
20345,Casey,Smith
20346,Taylor,Williams
20347,Jordan,Jones
20348,Taylor,Brown
20349,Taylor,Brown
20350,Morgan,Brown
20351,Casey,Jones
20352,Morgan,Johnson
20353,Casey,Brown
20354,Taylor,Brown
20355,Taylor,Smith
20356,Jordan,Jones
20357,Casey,Williams
20358,Casey,Williams
20359,Jordan,Smith
20360,Morgan,Smith
20361,Casey,Williams
20362,Alex,Williams
20363,Alex,Jones
20364,Morgan,Jones
20365,Morgan,Smith
20366,Taylor,Johnson
20367,Casey,Jones
20368,Taylor,Williams
20369,Jordan,Smith
20370,Alex,Williams
20371,Alex,Smith
20372,Morgan,Williams
20373,Morgan,Jones
20374,Taylor,Johnson
20375,Taylor,Jones
20376,Taylor,Williams
20377,Jordan,Brown
20378,Morgan,Williams
20379,Alex,Williams
20380,Casey,Smith
20381,Taylor,Brown
20382,Morgan,Jones
20383,Morgan,Brown
20384,Taylor,Jones
20385,Taylor,Williams
20386,Alex,Johnson
20387,Taylor,Smith
20388,Jordan,Jones
20389,Morgan,Williams
20390,Jordan,Jones
20391,Morgan,Johnson
20392,Morgan,Johnson
20393,Morgan,Williams
20394,Taylor,Jones
20395,Jordan,Jones
20396,Alex,Williams
20397,Casey,Johnson
20398,Alex,Smith
20399,Alex,Johnson
20400,Casey,Johnson
20401,Alex,Williams
20402,Alex,Jones
20403,Jordan,Jones
20404,Morgan,Johnson
20405,Casey,Williams
20406,Jordan,Williams
20407,Morgan,Smith
20408,Taylor,Smith
20409,Taylor,Williams
20410,Alex,Brown
20411,Jordan,Jones
20412,Taylor,Smith
20413,Morgan,Brown
20414,Jordan,Jones
20415,Morgan,Williams
20416,Taylor,Williams
20417,Taylor,Smith
20418,Jordan,Johnson
20419,Morgan,Smith
20420,Taylor,Williams
20421,Jordan,Johnson
20422,Casey,Smith
20423,Morgan,Johnson
20424,Taylor,Smith
20425,Casey,Johnson
20426,Taylor,Williams
20427,Taylor,Brown
20428,Morgan,Smith
20429,Casey,Smith
20430,Jordan,Brown
20431,Casey,Brown
20432,Jordan,Johnson
20433,Alex,Smith
20434,Jordan,Johnson
20435,Alex,Smith
20436,Casey,Brown
20437,Casey,Johnson
20438,Taylor,Williams
20439,Casey,Jones
20440,Morgan,Williams
20441,Alex,Williams
20442,Taylor,Johnson
20443,Jordan,Johnson
20444,Casey,Brown
20445,Jordan,Jones
20446,Casey,Jones
20447,Taylor,Williams
20448,Jordan,Brown
20449,Casey,Jones
20450,Jordan,Williams
20451,Jordan,Williams
20452,Jordan,Brown
20453,Morgan,Jones
20454,Taylor,Smith
20455,Taylor,Brown
20456,Casey,Brown
20457,Alex,Williams
20458,Casey,Johnson
20459,Alex,Johnson
20460,Jordan,Johnson
20461,Taylor,Smith
20462,Jordan,Smith
20463,Alex,Smith
20464,Casey,Johnson
20465,Alex,Johnson
20466,Morgan,Brown
20467,Alex,Brown
20468,Taylor,Jones
20469,Jordan,Williams
20470,Casey,Smith
20471,Morgan,Smith
20472,Morgan,Brown
20473,Taylor,Johnson
20474,Jordan,Johnson
20475,Casey,Smith
20476,Morgan,Johnson
20477,Casey,Jones
20478,Taylor,Johnson
20479,Jordan,Jones
20480,Morgan,Smith
20481,Morgan,Smith
20482,Taylor,Jones
20483,Jordan,Jones
20484,Taylor,Smith
20485,Taylor,Jones
20486,Morgan,Jones
20487,Casey,Jones
20488,Jordan,Brown
20489,Jordan,Johnson
20490,Taylor,Williams
20491,Jordan,Jones
20492,Jordan,Johnson
20493,Casey,Smith
20494,Morgan,Johnson
20495,Alex,Smith
20496,Morgan,Smith
20497,Casey,Brown
20498,Casey,Williams
20499,Morgan,Johnson
20500,Casey,Brown
20501,Morgan,Jones
20502,Casey,Williams
20503,Casey,Smith
20504,Jordan,Smith
20505,Taylor,Williams
20506,Casey,Brown
20507,Casey,Williams
20508,Casey,Williams
20509,Jordan,Jones
20510,Alex,Jones
20511,Taylor,Smith
20512,Alex,Smith
20513,Alex,Brown
20514,Taylor,Williams
20515,Jordan,Williams
20516,Casey,Brown
20517,Alex,Johnson
20518,Casey,Smith
20519,Jordan,Smith
20520,Morgan,Smith
20521,Morgan,Jones
20522,Taylor,Brown
20523,Alex,Jones
20524,Casey,Williams
20525,Taylor,Jones
20526,Jordan,Brown
20527,Jordan,Jones
20528,Jordan,Jones
20529,Morgan,Brown
20530,Alex,Brown
20531,Casey,Johnson
20532,Casey,Brown
20533,Casey,Brown
20534,Casey,Johnson
20535,Morgan,Johnson
20536,Taylor,Brown
20537,Casey,Brown
20538,Casey,Brown
20539,Casey,Williams
20540,Taylor,Johnson
20541,Alex,Smith
20542,Morgan,Smith
20543,Casey,Smith
20544,Jordan,Johnson
20545,Morgan,Jones
20546,Morgan,Jones
20547,Taylor,Brown
20548,Jordan,Johnson
20549,Casey,Brown
20550,Morgan,Williams
20551,Casey,Williams
20552,Casey,Brown
20553,Taylor,Brown
20554,Alex,Brown
20555,Morgan,Johnson
20556,Jordan,Williams
20557,Alex,Jones
20558,Alex,Jones
20559,Morgan,Brown
20560,Taylor,Smith
20561,Taylor,Williams
20562,Jordan,Jones
20563,Casey,Jones
20564,Morgan,Smith
20565,Jordan,Smith
20566,Casey,Williams
20567,Morgan,Jones
20568,Casey,Williams
20569,Taylor,Brown
20570,Taylor,Jones
20571,Taylor,Jones
20572,Morgan,Smith
20573,Taylor,Williams
20574,Taylor,Jones
20575,Jordan,Brown
20576,Alex,Williams
20577,Casey,Johnson
20578,Jordan,Williams
20579,Casey,Smith
20580,Jordan,Johnson
20581,Alex,Johnson
20582,Casey,Smith
20583,Jordan,Smith
20584,Alex,Jones
20585,Alex,Smith
20586,Jordan,Brown
20587,Alex,Smith
20588,Taylor,Brown
20589,Jordan,Brown
20590,Alex,Williams
20591,Alex,Williams
20592,Taylor,Johnson
20593,Taylor,Jones
20594,Alex,Jones
20595,Morgan,Brown
20596,Casey,Williams
20597,Casey,Johnson
20598,Taylor,Williams
20599,Jordan,Smith
20600,Jordan,Johnson
20601,Alex,Brown
20602,Jordan,Williams
20603,Taylor,Jones
20604,Morgan,Johnson
20605,Morgan,Jones
20606,Alex,Brown
20607,Taylor,Johnson
20608,Morgan,Johnson
20609,Alex,Johnson
20610,Casey,Smith
20611,Jordan,Smith
20612,Alex,Jones
20613,Casey,Smith
20614,Jordan,Williams
20615,Jordan,Smith
20616,Morgan,Williams
20617,Jordan,Johnson
20618,Taylor,Smith
20619,Alex,Johnson
20620,Morgan,Williams
20621,Casey,Jones
20622,Morgan,Williams
20623,Casey,Smith
20624,Jordan,Brown
20625,Jordan,Johnson
20626,Jordan,Brown
20627,Alex,Johnson
20628,Taylor,Brown
20629,Taylor,Jones
20630,Jordan,Johnson
20631,Taylor,Smith
20632,Jordan,Williams
20633,Morgan,Smith
20634,Taylor,Brown
20635,Taylor,Smith
20636,Casey,Jones
20637,Casey,Williams
20638,Alex,Jones
20639,Jordan,Johnson
20640,Morgan,Jones
20641,Taylor,Jones
20642,Alex,Brown
20643,Alex,Smith
20644,Taylor,Smith
20645,Casey,Johnson
20646,Taylor,Williams
20647,Morgan,Williams
20648,Alex,Jones
20649,Alex,Jones
20650,Casey,Williams
20651,Taylor,Johnson
20652,Jordan,Smith
20653,Alex,Johnson
20654,Alex,Smith
20655,Jordan,Brown
20656,Casey,Johnson
20657,Taylor,Brown
20658,Jordan,Johnson
20659,Casey,Johnson
20660,Casey,Brown
20661,Jordan,Johnson
20662,Taylor,Williams
20663,Jordan,Smith
20664,Casey,Jones
20665,Taylor,Brown
20666,Jordan,Johnson
20667,Alex,Williams
20668,Morgan,Brown
20669,Taylor,Jones
20670,Morgan,Brown
20671,Alex,Brown
20672,Alex,Williams
20673,Taylor,Brown
20674,Casey,Williams
20675,Morgan,Williams
20676,Morgan,Brown
20677,Morgan,Smith
20678,Casey,Jones
20679,Alex,Johnson
20680,Alex,Brown
20681,Jordan,Johnson
20682,Taylor,Williams
20683,Jordan,Brown
20684,Alex,Jones
20685,Morgan,Williams
20686,Taylor,Brown
20687,Casey,Williams
20688,Morgan,Brown
20689,Casey,Johnson
20690,Casey,Williams
20691,Jordan,Jones
20692,Alex,Williams
20693,Alex,Brown
20694,Morgan,Williams
20695,Casey,Smith
20696,Morgan,Brown
20697,Morgan,Johnson
20698,Taylor,Brown
20699,Alex,Brown
20700,Jordan,Smith
20701,Alex,Brown
20702,Taylor,Brown
20703,Jordan,Brown
20704,Alex,Smith
20705,Alex,Smith
20706,Jordan,Williams
20707,Jordan,Johnson
20708,Taylor,Johnson
20709,Alex,Brown
20710,Casey,Jones
20711,Morgan,Brown
20712,Alex,Williams
20713,Taylor,Brown
20714,Casey,Johnson
20715,Casey,Jones
20716,Jordan,Williams
20717,Morgan,Jones
20718,Casey,Jones
20719,Alex,Smith
20720,Morgan,Johnson
20721,Alex,Williams
20722,Morgan,Jones
20723,Taylor,Jones
20724,Jordan,Williams
20725,Morgan,Jones
20726,Alex,Jones
20727,Jordan,Jones
20728,Taylor,Johnson
20729,Morgan,Smith
20730,Morgan,Johnson
20731,Alex,Johnson
20732,Morgan,Jones
20733,Morgan,Jones
20734,Taylor,Smith
20735,Morgan,Johnson
20736,Alex,Brown
20737,Casey,Johnson
20738,Alex,Brown
20739,Jordan,Johnson
20740,Morgan,Brown
20741,Taylor,Jones
20742,Jordan,Jones
20743,Jordan,Jones
20744,Jordan,Johnson
20745,Casey,Johnson
20746,Morgan,Brown
20747,Casey,Johnson
20748,Casey,Brown
20749,Casey,Johnson
20750,Jordan,Johnson
20751,Casey,Brown
20752,Jordan,Johnson
20753,Taylor,Jones
20754,Alex,Smith
20755,Alex,Williams
20756,Alex,Johnson
20757,Morgan,Williams
20758,Morgan,Jones
20759,Taylor,Williams
20760,Taylor,Smith
20761,Casey,Brown
20762,Morgan,Williams
20763,Alex,Smith
20764,Jordan,Johnson
20765,Alex,Smith
20766,Jordan,Brown
20767,Jordan,Jones
20768,Alex,Brown
20769,Alex,Smith
20770,Alex,Jones
20771,Casey,Brown
20772,Alex,Jones
20773,Jordan,Smith
20774,Casey,Williams
20775,Morgan,Johnson
20776,Jordan,Smith
20777,Jordan,Jones
20778,Casey,Smith
20779,Morgan,Jones
20780,Morgan,Smith
20781,Taylor,Jones
20782,Jordan,Smith
20783,Morgan,Williams
20784,Jordan,Smith
20785,Alex,Smith
20786,Morgan,Brown
20787,Taylor,Brown
20788,Casey,Jones
20789,Casey,Williams
20790,Jordan,Williams
20791,Casey,Smith
20792,Casey,Smith
20793,Jordan,Williams
20794,Taylor,Williams
20795,Alex,Jones
20796,Jordan,Brown
20797,Jordan,Brown
20798,Taylor,Williams
20799,Morgan,Williams
20800,Casey,Johnson
20801,Alex,Williams
20802,Jordan,Johnson
20803,Taylor,Williams
20804,Casey,Williams
20805,Casey,Brown
20806,Casey,Jones
20807,Casey,Smith
20808,Jordan,Johnson
20809,Taylor,Williams
20810,Alex,Smith
20811,Casey,Brown
20812,Jordan,Smith
20813,Casey,Smith
20814,Alex,Jones
20815,Casey,Williams
20816,Casey,Johnson
20817,Morgan,Johnson
20818,Casey,Johnson
20819,Taylor,Smith
20820,Taylor,Smith
20821,Alex,Williams
20822,Alex,Johnson
20823,Morgan,Smith
20824,Taylor,Williams
20825,Casey,Smith
20826,Jordan,Smith
20827,Morgan,Johnson
20828,Casey,Williams
20829,Morgan,Smith
20830,Taylor,Brown
20831,Morgan,Smith
20832,Jordan,Jones
20833,Morgan,Williams
20834,Casey,Johnson
20835,Jordan,Smith
20836,Alex,Johnson
20837,Morgan,Brown
20838,Casey,Brown
20839,Taylor,Williams
20840,Morgan,Johnson
20841,Jordan,Brown
20842,Taylor,Jones
20843,Alex,Smith
20844,Alex,Brown
20845,Morgan,Brown
20846,Taylor,Johnson
20847,Casey,Smith
20848,Taylor,Brown
20849,Morgan,Brown
20850,Jordan,Jones
20851,Morgan,Jones
20852,Casey,Smith
20853,Morgan,Brown
20854,Morgan,Jones
20855,Jordan,Williams
20856,Jordan,Jones
20857,Alex,Johnson
20858,Jordan,Smith
20859,Casey,Williams
20860,Alex,Williams
20861,Casey,Jones
20862,Morgan,Williams
20863,Morgan,Jones
20864,Jordan,Smith
20865,Morgan,Smith
20866,Jordan,Smith
20867,Taylor,Brown
20868,Morgan,Williams
20869,Casey,Jones
20870,Alex,Jones
20871,Taylor,Jones
20872,Taylor,Williams
20873,Jordan,Brown
20874,Alex,Williams
20875,Casey,Johnson
20876,Casey,Smith
20877,Casey,Smith
20878,Taylor,Smith
20879,Taylor,Jones
20880,Jordan,Smith
20881,Morgan,Johnson
20882,Jordan,Johnson
20883,Morgan,Smith
20884,Alex,Johnson
20885,Morgan,Brown
20886,Alex,Brown
20887,Taylor,Williams
20888,Taylor,Jones
20889,Casey,Smith
20890,Morgan,Smith
20891,Taylor,Smith
20892,Casey,Jones
20893,Casey,Jones
20894,Casey,Smith
20895,Jordan,Jones
20896,Taylor,Williams
20897,Morgan,Williams
20898,Morgan,Johnson
20899,Jordan,Smith
20900,Jordan,Smith
20901,Alex,Williams
20902,Casey,Johnson
20903,Casey,Jones
20904,Morgan,Jones
20905,Taylor,Smith
20906,Morgan,Williams
20907,Casey,Johnson
20908,Taylor,Jones
20909,Morgan,Jones
20910,Jordan,Johnson
20911,Morgan,Williams
20912,Jordan,Brown
20913,Casey,Jones
20914,Jordan,Brown
20915,Jordan,Williams
20916,Casey,Brown
20917,Taylor,Jones
20918,Taylor,Brown
20919,Casey,Brown
20920,Morgan,Jones
20921,Alex,Williams
20922,Taylor,Brown
20923,Taylor,Jones
20924,Jordan,Brown
20925,Morgan,Jones
20926,Morgan,Williams
20927,Casey,Jones
20928,Jordan,Brown
20929,Morgan,Williams
20930,Alex,Smith
20931,Morgan,Jones
20932,Alex,Johnson
20933,Casey,Williams
20934,Jordan,Jones
20935,Casey,Jones
20936,Alex,Johnson
20937,Jordan,Jones
20938,Alex,Jones
20939,Morgan,Brown
20940,Alex,Williams
20941,Casey,Johnson
20942,Morgan,Smith
20943,Alex,Jones
20944,Alex,Jones
20945,Casey,Smith
20946,Taylor,Jones
20947,Casey,Williams
20948,Alex,Johnson
20949,Casey,Brown
20950,Alex,Williams
20951,Taylor,Johnson
20952,Taylor,Johnson
20953,Casey,Johnson
20954,Taylor,Brown
20955,Morgan,Jones
20956,Casey,Smith
20957,Morgan,Johnson
20958,Taylor,Brown
20959,Casey,Smith
20960,Jordan,Smith
20961,Jordan,Johnson
20962,Casey,Johnson
20963,Taylor,Smith
20964,Morgan,Jones
20965,Jordan,Jones
20966,Alex,Smith
20967,Taylor,Brown
20968,Casey,Johnson
20969,Jordan,Smith
20970,Jordan,Johnson
20971,Taylor,Jones
20972,Alex,Jones
20973,Jordan,Brown
20974,Alex,Jones
20975,Taylor,Williams
20976,Alex,Brown
20977,Taylor,Brown
20978,Casey,Johnson
20979,Alex,Williams
20980,Morgan,Williams
20981,Alex,Jones
20982,Casey,Brown
20983,Morgan,Brown
20984,Morgan,Smith
20985,Taylor,Williams
20986,Casey,Jones
20987,Morgan,Jones
20988,Casey,Williams
20989,Taylor,Brown
20990,Taylor,Williams
20991,Jordan,Johnson
20992,Casey,Williams
20993,Morgan,Johnson
20994,Alex,Williams
20995,Jordan,Williams
20996,Alex,Johnson
20997,Alex,Smith
20998,Casey,Jones
20999,Alex,Jones
21000,Taylor,Williams
21001,Jordan,Williams
21002,Jordan,Johnson
21003,Jordan,Brown
21004,Jordan,Williams
21005,Taylor,Johnson
21006,Casey,Jones
21007,Casey,Johnson
21008,Alex,Smith
21009,Jordan,Williams
21010,Jordan,Brown
21011,Jordan,Johnson
21012,Jordan,Smith
21013,Alex,Brown
21014,Alex,Williams
21015,Morgan,Johnson
21016,Jordan,Jones
21017,Casey,Smith
21018,Taylor,Smith
21019,Morgan,Smith
21020,Morgan,Williams
21021,Morgan,Johnson
21022,Jordan,Jones
21023,Alex,Brown
21024,Alex,Jones
21025,Taylor,Brown
21026,Jordan,Brown
21027,Jordan,Smith
21028,Casey,Smith
21029,Casey,Smith
21030,Casey,Jones
21031,Taylor,Jones
21032,Casey,Jones
21033,Casey,Jones
21034,Casey,Williams
21035,Morgan,Smith
21036,Morgan,Williams
21037,Taylor,Brown
21038,Taylor,Johnson
21039,Casey,Williams
21040,Jordan,Brown
21041,Morgan,Williams
21042,Morgan,Smith
21043,Taylor,Williams
21044,Jordan,Jones
21045,Casey,Jones
21046,Taylor,Jones
21047,Casey,Williams
21048,Morgan,Smith
21049,Jordan,Jones
21050,Taylor,Brown
21051,Taylor,Jones
21052,Alex,Williams
21053,Casey,Jones
21054,Alex,Brown
21055,Taylor,Williams
21056,Jordan,Johnson
21057,Jordan,Brown
21058,Casey,Smith
21059,Alex,Smith
21060,Jordan,Jones
21061,Jordan,Jones
21062,Alex,Smith
21063,Taylor,Brown
21064,Morgan,Smith
21065,Taylor,Jones
21066,Jordan,Williams
21067,Morgan,Jones
21068,Jordan,Smith
21069,Jordan,Smith
21070,Morgan,Williams
21071,Morgan,Brown
21072,Taylor,Johnson
21073,Taylor,Brown
21074,Morgan,Jones
21075,Morgan,Jones
21076,Casey,Brown
21077,Alex,Jones
21078,Taylor,Brown
21079,Alex,Williams
21080,Morgan,Brown
21081,Morgan,Brown
21082,Jordan,Johnson
21083,Casey,Jones
21084,Taylor,Johnson
21085,Casey,Smith
21086,Casey,Jones
21087,Casey,Brown
21088,Taylor,Smith
21089,Casey,Johnson
21090,Casey,Johnson
21091,Taylor,Jones
21092,Jordan,Smith
21093,Morgan,Williams
21094,Casey,Brown
21095,Alex,Brown
21096,Jordan,Brown
21097,Morgan,Johnson
21098,Alex,Brown
21099,Morgan,Jones
21100,Taylor,Smith
21101,Jordan,Jones
21102,Casey,Jones
21103,Jordan,Johnson
21104,Alex,Johnson
21105,Alex,Brown
21106,Jordan,Smith
21107,Jordan,Smith
21108,Casey,Jones
21109,Casey,Brown
21110,Jordan,Johnson
21111,Morgan,Jones
21112,Jordan,Johnson
21113,Alex,Brown
21114,Jordan,Johnson
21115,Casey,Brown
21116,Alex,Jones
21117,Casey,Smith
21118,Jordan,Smith
21119,Taylor,Smith
21120,Casey,Brown
21121,Taylor,Jones
21122,Alex,Brown
21123,Jordan,Williams
21124,Taylor,Brown
21125,Taylor,Jones
21126,Jordan,Jones
21127,Jordan,Smith
21128,Casey,Williams
21129,Taylor,Jones
21130,Jordan,Brown
21131,Taylor,Jones
21132,Morgan,Williams
21133,Casey,Williams
21134,Morgan,Smith
21135,Jordan,Jones
21136,Morgan,Brown
21137,Morgan,Johnson
21138,Taylor,Williams
21139,Jordan,Johnson
21140,Alex,Johnson
21141,Jordan,Brown
21142,Taylor,Johnson
21143,Morgan,Johnson
21144,Alex,Williams
21145,Morgan,Smith
21146,Casey,Johnson
21147,Alex,Smith
21148,Casey,Smith
21149,Alex,Smith
21150,Casey,Williams
21151,Morgan,Jones
21152,Casey,Smith
21153,Casey,Williams
21154,Taylor,Johnson
21155,Morgan,Jones
21156,Jordan,Jones
21157,Taylor,Brown
21158,Morgan,Johnson
21159,Alex,Williams
21160,Alex,Williams
21161,Taylor,Smith
21162,Morgan,Williams
21163,Alex,Smith
21164,Casey,Jones
21165,Morgan,Brown
21166,Taylor,Smith
21167,Taylor,Johnson
21168,Taylor,Jones
21169,Taylor,Brown
21170,Alex,Johnson
21171,Casey,Williams
21172,Alex,Brown
21173,Morgan,Jones
21174,Morgan,Jones
21175,Alex,Jones
21176,Casey,Brown
21177,Morgan,Brown
21178,Jordan,Smith
21179,Casey,Brown
21180,Jordan,Jones
21181,Taylor,Williams
21182,Jordan,Jones
21183,Alex,Smith
21184,Alex,Jones
21185,Taylor,Brown
21186,Taylor,Johnson
21187,Taylor,Smith
21188,Alex,Johnson
21189,Casey,Johnson
21190,Jordan,Williams
21191,Jordan,Johnson
21192,Taylor,Brown
21193,Morgan,Williams
21194,Taylor,Williams
21195,Alex,Smith
21196,Jordan,Jones
21197,Taylor,Williams
21198,Alex,Brown
21199,Taylor,Brown
21200,Jordan,Johnson
21201,Alex,Jones
21202,Alex,Jones
21203,Jordan,Williams
21204,Casey,Smith
21205,Morgan,Brown
21206,Alex,Jones
21207,Morgan,Brown
21208,Taylor,Smith
21209,Morgan,Williams
21210,Taylor,Smith
21211,Morgan,Jones
21212,Jordan,Williams
21213,Morgan,Johnson
21214,Taylor,Johnson
21215,Alex,Williams
21216,Casey,Williams
21217,Morgan,Smith
21218,Taylor,Johnson
21219,Morgan,Johnson
21220,Taylor,Johnson
21221,Morgan,Johnson
21222,Morgan,Smith
21223,Alex,Smith
21224,Casey,Brown
21225,Morgan,Smith
21226,Taylor,Brown
21227,Jordan,Brown
21228,Taylor,Brown
21229,Morgan,Smith
21230,Jordan,Williams
21231,Jordan,Williams
21232,Taylor,Brown
21233,Casey,Williams
21234,Taylor,Johnson
21235,Morgan,Brown
21236,Jordan,Johnson
21237,Jordan,Brown
21238,Taylor,Jones
21239,Taylor,Johnson
21240,Alex,Smith
21241,Casey,Williams
21242,Jordan,Johnson
21243,Taylor,Williams
21244,Taylor,Smith
21245,Morgan,Johnson
21246,Jordan,Jones
21247,Casey,Smith
21248,Jordan,Williams
21249,Taylor,Johnson
21250,Taylor,Smith
21251,Jordan,Williams
21252,Casey,Johnson
21253,Jordan,Johnson
21254,Taylor,Smith
21255,Alex,Johnson
21256,Jordan,Brown
21257,Alex,Johnson
21258,Taylor,Brown
21259,Jordan,Smith
21260,Casey,Jones
21261,Morgan,Johnson
21262,Taylor,Williams
21263,Taylor,Johnson
21264,Taylor,Jones
21265,Morgan,Williams
21266,Jordan,Johnson
21267,Casey,Johnson
21268,Alex,Jones
21269,Taylor,Smith
21270,Morgan,Williams
21271,Taylor,Williams
21272,Taylor,Brown
21273,Alex,Jones
21274,Morgan,Williams
21275,Jordan,Smith
21276,Taylor,Jones
21277,Alex,Johnson
21278,Morgan,Smith
21279,Jordan,Brown
21280,Morgan,Jones
21281,Jordan,Jones
21282,Taylor,Johnson
21283,Taylor,Jones
21284,Casey,Williams
21285,Alex,Jones
21286,Jordan,Williams
21287,Taylor,Smith
21288,Alex,Johnson
21289,Morgan,Brown
21290,Morgan,Brown
21291,Jordan,Johnson
21292,Jordan,Johnson
21293,Jordan,Jones
21294,Taylor,Williams
21295,Casey,Johnson
21296,Casey,Jones
21297,Alex,Smith
21298,Morgan,Brown
21299,Taylor,Brown
21300,Alex,Johnson
21301,Taylor,Smith
21302,Taylor,Smith
21303,Taylor,Smith
21304,Alex,Jones
21305,Jordan,Brown
21306,Casey,Smith
21307,Alex,Johnson
21308,Jordan,Johnson
21309,Alex,Smith
21310,Alex,Jones
21311,Jordan,Williams
21312,Jordan,Jones
21313,Alex,Williams
21314,Morgan,Smith
21315,Alex,Smith
21316,Morgan,Brown
21317,Jordan,Jones
21318,Jordan,Williams
21319,Jordan,Johnson
21320,Casey,Brown
21321,Casey,Williams
21322,Morgan,Brown
21323,Alex,Brown
21324,Jordan,Jones
21325,Jordan,Jones
21326,Alex,Jones
21327,Jordan,Smith
21328,Jordan,Brown
21329,Jordan,Smith
21330,Casey,Williams
21331,Jordan,Williams
21332,Morgan,Johnson
21333,Taylor,Johnson
21334,Casey,Johnson
21335,Jordan,Jones
21336,Jordan,Williams
21337,Alex,Smith
21338,Taylor,Jones
21339,Jordan,Smith
21340,Casey,Jones
21341,Alex,Brown
21342,Alex,Brown
21343,Alex,Jones
21344,Taylor,Smith
21345,Alex,Brown
21346,Morgan,Brown
21347,Casey,Smith
21348,Jordan,Williams
21349,Jordan,Brown
21350,Jordan,Smith
21351,Jordan,Johnson
21352,Morgan,Johnson
21353,Taylor,Jones
21354,Alex,Jones
21355,Casey,Brown
21356,Jordan,Jones
21357,Casey,Brown
21358,Casey,Jones
21359,Taylor,Williams
21360,Alex,Jones
21361,Alex,Williams
21362,Jordan,Johnson
21363,Jordan,Johnson
21364,Jordan,Smith
21365,Casey,Brown
21366,Alex,Williams
21367,Casey,Brown
21368,Casey,Jones
21369,Taylor,Williams
21370,Taylor,Smith
21371,Alex,Williams
21372,Jordan,Jones
21373,Alex,Smith
21374,Jordan,Smith
21375,Morgan,Smith
21376,Casey,Williams
21377,Taylor,Smith
21378,Casey,Williams
21379,Casey,Smith
21380,Casey,Williams
21381,Taylor,Smith
21382,Morgan,Jones
21383,Alex,Smith
21384,Taylor,Brown
21385,Jordan,Johnson
21386,Alex,Smith
21387,Alex,Jones
21388,Taylor,Brown
21389,Jordan,Smith
21390,Morgan,Williams
21391,Casey,Smith
21392,Morgan,Williams
21393,Jordan,Williams
21394,Casey,Williams
21395,Jordan,Smith
21396,Alex,Brown
21397,Taylor,Smith
21398,Alex,Jones
21399,Alex,Smith
21400,Taylor,Jones
21401,Morgan,Johnson
21402,Taylor,Brown
21403,Morgan,Jones
21404,Taylor,Jones
21405,Casey,Williams
21406,Morgan,Smith
21407,Morgan,Johnson
21408,Taylor,Jones
21409,Alex,Jones
21410,Morgan,Johnson
21411,Taylor,Smith
21412,Casey,Williams
21413,Jordan,Williams
21414,Alex,Jones
21415,Taylor,Brown
21416,Taylor,Smith
21417,Jordan,Jones
21418,Alex,Williams
21419,Taylor,Johnson
21420,Casey,Brown
21421,Alex,Johnson
21422,Taylor,Johnson
21423,Casey,Brown
21424,Morgan,Brown
21425,Taylor,Johnson
21426,Taylor,Jones
21427,Taylor,Williams
21428,Taylor,Johnson
21429,Alex,Jones
21430,Morgan,Smith
21431,Taylor,Brown
21432,Jordan,Brown
21433,Jordan,Johnson
21434,Casey,Brown
21435,Morgan,Brown
21436,Taylor,Jones
21437,Jordan,Williams
21438,Alex,Williams
21439,Taylor,Williams
21440,Jordan,Williams
21441,Casey,Smith
21442,Morgan,Brown
21443,Alex,Brown
21444,Alex,Brown
21445,Morgan,Brown
21446,Casey,Jones
21447,Morgan,Williams
21448,Alex,Brown
21449,Taylor,Williams
21450,Alex,Smith
21451,Jordan,Johnson
21452,Morgan,Jones
21453,Taylor,Johnson
21454,Morgan,Brown
21455,Alex,Jones
21456,Taylor,Brown
21457,Alex,Jones
21458,Casey,Williams
21459,Taylor,Jones
21460,Morgan,Smith
21461,Taylor,Jones
21462,Taylor,Brown
21463,Casey,Williams
21464,Taylor,Johnson
21465,Taylor,Johnson
21466,Alex,Smith
21467,Casey,Smith
21468,Casey,Johnson
21469,Jordan,Brown
21470,Alex,Johnson
21471,Taylor,Smith
21472,Casey,Brown
21473,Taylor,Smith
21474,Casey,Jones
21475,Alex,Smith
21476,Jordan,Williams
21477,Jordan,Brown
21478,Taylor,Jones
21479,Taylor,Brown
21480,Jordan,Johnson
21481,Taylor,Smith
21482,Alex,Brown
21483,Taylor,Johnson
21484,Morgan,Williams
21485,Morgan,Smith
21486,Taylor,Johnson
21487,Taylor,Smith
21488,Alex,Jones
21489,Casey,Williams
21490,Casey,Williams
21491,Alex,Johnson
21492,Taylor,Williams
21493,Alex,Johnson
21494,Morgan,Jones
21495,Casey,Brown
21496,Morgan,Johnson
21497,Alex,Brown
21498,Jordan,Brown
21499,Casey,Jones
21500,Alex,Brown
21501,Alex,Brown
21502,Jordan,Williams
21503,Alex,Johnson
21504,Casey,Williams
21505,Alex,Johnson
21506,Jordan,Smith
21507,Casey,Jones
21508,Taylor,Brown
21509,Alex,Williams
21510,Casey,Jones
21511,Taylor,Smith
21512,Casey,Williams
21513,Jordan,Brown
21514,Alex,Jones
21515,Casey,Brown
21516,Alex,Brown
21517,Taylor,Williams
21518,Morgan,Jones
21519,Taylor,Brown
21520,Jordan,Brown
21521,Jordan,Smith
21522,Casey,Brown
21523,Casey,Williams
21524,Taylor,Jones
21525,Jordan,Williams
21526,Casey,Johnson
21527,Alex,Jones
21528,Taylor,Johnson
21529,Taylor,Williams
21530,Alex,Jones
21531,Alex,Brown
21532,Casey,Brown
21533,Casey,Brown
21534,Taylor,Smith
21535,Taylor,Brown
21536,Taylor,Smith
21537,Taylor,Jones
21538,Alex,Brown
21539,Alex,Williams
21540,Taylor,Johnson
21541,Morgan,Johnson
21542,Jordan,Jones
21543,Alex,Johnson
21544,Taylor,Williams
21545,Taylor,Jones
21546,Taylor,Williams
21547,Alex,Jones
21548,Taylor,Jones
21549,Alex,Williams
21550,Morgan,Johnson
21551,Taylor,Jones
21552,Alex,Smith
21553,Taylor,Jones
21554,Morgan,Johnson
21555,Casey,Williams
21556,Casey,Williams
21557,Casey,Brown
21558,Alex,Brown
21559,Jordan,Johnson
21560,Morgan,Johnson
21561,Casey,Jones
21562,Morgan,Jones
21563,Taylor,Smith
21564,Jordan,Brown
21565,Alex,Williams
21566,Alex,Smith
21567,Alex,Johnson
21568,Taylor,Jones
21569,Casey,Johnson
21570,Jordan,Williams
21571,Alex,Johnson
21572,Alex,Williams
21573,Alex,Johnson
21574,Jordan,Brown
21575,Alex,Williams
21576,Casey,Brown
21577,Alex,Williams
21578,Taylor,Smith
21579,Jordan,Williams
21580,Morgan,Brown
21581,Casey,Johnson
21582,Casey,Johnson
21583,Casey,Jones
21584,Taylor,Williams
21585,Jordan,Jones
21586,Morgan,Smith
21587,Casey,Jones
21588,Taylor,Brown
21589,Casey,Smith
21590,Alex,Jones
21591,Alex,Johnson
21592,Jordan,Williams
21593,Morgan,Williams
21594,Casey,Johnson
21595,Morgan,Smith
21596,Jordan,Jones
21597,Alex,Brown
21598,Casey,Brown
21599,Casey,Brown
21600,Morgan,Johnson
21601,Morgan,Jones
21602,Casey,Williams
21603,Casey,Smith
21604,Jordan,Williams
21605,Taylor,Brown
21606,Morgan,Brown
21607,Jordan,Brown
21608,Morgan,Jones
21609,Taylor,Smith
21610,Jordan,Brown
21611,Alex,Jones
21612,Taylor,Williams
21613,Casey,Brown
21614,Jordan,Johnson
21615,Morgan,Smith
21616,Alex,Smith
21617,Morgan,Williams
21618,Morgan,Jones
21619,Alex,Brown
21620,Morgan,Smith
21621,Casey,Smith
21622,Casey,Smith
21623,Taylor,Johnson
21624,Alex,Brown
21625,Jordan,Smith
21626,Morgan,Williams
21627,Casey,Smith
21628,Alex,Brown
21629,Taylor,Jones
21630,Casey,Brown
21631,Jordan,Brown
21632,Casey,Brown
21633,Jordan,Smith
21634,Alex,Johnson
21635,Taylor,Smith
21636,Casey,Johnson
21637,Alex,Johnson
21638,Jordan,Jones
21639,Casey,Johnson
21640,Jordan,Jones
21641,Taylor,Williams
21642,Alex,Williams
21643,Taylor,Smith
21644,Taylor,Jones
21645,Alex,Williams
21646,Jordan,Smith
21647,Casey,Smith
21648,Morgan,Jones
21649,Taylor,Johnson
21650,Alex,Jones
21651,Casey,Brown
21652,Casey,Johnson
21653,Jordan,Jones
21654,Morgan,Johnson
21655,Jordan,Johnson
21656,Jordan,Williams
21657,Alex,Brown
21658,Alex,Johnson
21659,Jordan,Brown
21660,Taylor,Smith
21661,Taylor,Smith
21662,Taylor,Williams
21663,Morgan,Jones
21664,Taylor,Johnson
21665,Jordan,Brown
21666,Jordan,Brown
21667,Morgan,Jones
21668,Alex,Williams
21669,Morgan,Jones
21670,Casey,Smith
21671,Jordan,Smith
21672,Taylor,Brown
21673,Casey,Smith
21674,Casey,Smith
21675,Alex,Jones
21676,Casey,Williams
21677,Alex,Jones
21678,Alex,Johnson
21679,Taylor,Brown
21680,Alex,Johnson
21681,Jordan,Williams
21682,Taylor,Brown
21683,Jordan,Smith
21684,Casey,Jones
21685,Morgan,Smith
21686,Taylor,Williams
21687,Taylor,Brown
21688,Casey,Williams
21689,Alex,Jones
21690,Jordan,Jones
21691,Taylor,Brown
21692,Casey,Williams
21693,Casey,Williams
21694,Morgan,Brown
21695,Jordan,Williams
21696,Taylor,Johnson
21697,Jordan,Williams
21698,Alex,Johnson
21699,Jordan,Smith
21700,Alex,Brown
21701,Morgan,Brown
21702,Casey,Smith
21703,Alex,Jones
21704,Taylor,Williams
21705,Morgan,Williams
21706,Casey,Jones
21707,Taylor,Jones
21708,Morgan,Brown
21709,Casey,Johnson
21710,Jordan,Williams
21711,Jordan,Johnson
21712,Taylor,Williams
21713,Casey,Williams
21714,Alex,Johnson
21715,Taylor,Smith
21716,Taylor,Williams
21717,Alex,Brown
21718,Alex,Smith
21719,Jordan,Williams
21720,Jordan,Brown
21721,Morgan,Williams
21722,Morgan,Smith
21723,Morgan,Jones
21724,Jordan,Brown
21725,Taylor,Williams
21726,Taylor,Brown
21727,Casey,Smith
21728,Morgan,Williams
21729,Alex,Johnson
21730,Alex,Johnson
21731,Jordan,Williams
21732,Alex,Smith
21733,Casey,Williams
21734,Taylor,Jones
21735,Morgan,Johnson
21736,Casey,Smith
21737,Taylor,Williams
21738,Casey,Brown
21739,Jordan,Johnson
21740,Morgan,Williams
21741,Alex,Jones
21742,Morgan,Jones
21743,Taylor,Williams
21744,Taylor,Brown
21745,Taylor,Brown
21746,Taylor,Smith
21747,Jordan,Brown
21748,Morgan,Jones
21749,Casey,Brown
21750,Morgan,Williams
21751,Casey,Jones
21752,Morgan,Brown
21753,Morgan,Brown
21754,Jordan,Smith
21755,Taylor,Smith
21756,Morgan,Jones
21757,Morgan,Johnson
21758,Jordan,Williams
21759,Alex,Johnson
21760,Taylor,Johnson
21761,Alex,Smith
21762,Jordan,Jones
21763,Alex,Brown
21764,Casey,Williams
21765,Jordan,Jones
21766,Casey,Smith
21767,Morgan,Brown
21768,Taylor,Smith
21769,Casey,Jones
21770,Taylor,Jones
21771,Taylor,Johnson
21772,Morgan,Johnson
21773,Morgan,Johnson
21774,Casey,Smith
21775,Morgan,Williams
21776,Alex,Smith
21777,Jordan,Johnson
21778,Taylor,Brown
21779,Jordan,Williams
21780,Taylor,Smith
21781,Casey,Smith
21782,Casey,Williams
21783,Jordan,Jones
21784,Casey,Johnson
21785,Alex,Williams
21786,Casey,Williams
21787,Casey,Johnson
21788,Jordan,Johnson
21789,Alex,Williams
21790,Taylor,Smith
21791,Jordan,Williams
21792,Morgan,Smith
21793,Morgan,Johnson
21794,Jordan,Smith
21795,Taylor,Smith
21796,Taylor,Jones
21797,Morgan,Brown
21798,Morgan,Brown
21799,Morgan,Jones
21800,Jordan,Williams
21801,Taylor,Jones
21802,Jordan,Jones
21803,Casey,Johnson
21804,Taylor,Smith
21805,Casey,Johnson
21806,Jordan,Brown
21807,Alex,Jones
21808,Jordan,Williams
21809,Morgan,Johnson
21810,Jordan,Brown
21811,Casey,Williams
21812,Taylor,Brown
21813,Taylor,Brown
21814,Jordan,Jones
21815,Casey,Johnson
21816,Taylor,Jones
21817,Alex,Brown
21818,Morgan,Smith
21819,Alex,Jones
21820,Taylor,Smith
21821,Jordan,Johnson
21822,Casey,Williams
21823,Jordan,Smith
21824,Casey,Brown
21825,Casey,Williams
21826,Jordan,Jones
21827,Taylor,Brown
21828,Alex,Jones
21829,Morgan,Johnson
21830,Jordan,Johnson
21831,Alex,Brown
21832,Alex,Jones
21833,Morgan,Smith
21834,Morgan,Johnson
21835,Jordan,Brown
21836,Morgan,Smith
21837,Casey,Brown
21838,Taylor,Johnson
21839,Jordan,Williams
21840,Jordan,Williams
21841,Casey,Jones
21842,Taylor,Brown
21843,Morgan,Smith
21844,Morgan,Johnson
21845,Casey,Johnson
21846,Casey,Smith
21847,Morgan,Smith
21848,Jordan,Brown
21849,Taylor,Jones
21850,Alex,Williams
21851,Casey,Brown
21852,Morgan,Smith
21853,Jordan,Williams
21854,Alex,Williams
21855,Jordan,Jones
21856,Alex,Jones
21857,Alex,Jones
21858,Casey,Brown
21859,Jordan,Johnson
21860,Taylor,Brown
21861,Taylor,Williams
21862,Taylor,Jones
21863,Morgan,Smith
21864,Morgan,Smith
21865,Alex,Jones
21866,Morgan,Brown
21867,Casey,Jones
21868,Taylor,Smith
21869,Alex,Smith
21870,Casey,Williams
21871,Taylor,Smith
21872,Taylor,Johnson
21873,Alex,Brown
21874,Taylor,Jones
21875,Jordan,Jones
21876,Taylor,Jones
21877,Taylor,Johnson
21878,Jordan,Johnson
21879,Taylor,Williams
21880,Morgan,Johnson
21881,Taylor,Jones
21882,Morgan,Jones
21883,Alex,Johnson
21884,Casey,Brown
21885,Morgan,Jones
21886,Casey,Smith
21887,Alex,Johnson
21888,Morgan,Smith
21889,Alex,Jones
21890,Alex,Williams
21891,Alex,Smith
21892,Taylor,Smith
21893,Morgan,Brown
21894,Casey,Jones
21895,Morgan,Smith
21896,Alex,Williams
21897,Jordan,Johnson
21898,Morgan,Johnson
21899,Taylor,Smith
21900,Morgan,Smith
21901,Morgan,Jones
21902,Jordan,Johnson
21903,Morgan,Jones
21904,Jordan,Smith
21905,Taylor,Smith
21906,Alex,Smith
21907,Alex,Johnson
21908,Jordan,Jones
21909,Morgan,Johnson
21910,Taylor,Johnson
21911,Taylor,Smith
21912,Morgan,Brown
21913,Alex,Brown
21914,Casey,Johnson
21915,Jordan,Smith
21916,Taylor,Brown
21917,Jordan,Jones
21918,Alex,Jones
21919,Casey,Smith
21920,Alex,Jones
21921,Jordan,Smith
21922,Morgan,Brown
21923,Jordan,Johnson
21924,Casey,Smith
21925,Alex,Brown
21926,Alex,Williams
21927,Casey,Williams
21928,Jordan,Brown
21929,Casey,Jones
21930,Jordan,Williams
21931,Alex,Williams
21932,Taylor,Jones
21933,Alex,Johnson
21934,Casey,Jones
21935,Morgan,Smith
21936,Taylor,Williams
21937,Morgan,Brown
21938,Casey,Jones
21939,Alex,Williams
21940,Jordan,Williams
21941,Alex,Smith
21942,Casey,Smith
21943,Taylor,Johnson
21944,Taylor,Johnson
21945,Morgan,Smith
21946,Taylor,Brown
21947,Morgan,Brown
21948,Jordan,Johnson
21949,Alex,Brown
21950,Casey,Jones
21951,Jordan,Smith
21952,Casey,Johnson
21953,Morgan,Brown
21954,Casey,Johnson
21955,Alex,Smith
21956,Casey,Williams
21957,Jordan,Jones
21958,Jordan,Williams
21959,Jordan,Smith
21960,Jordan,Brown
21961,Casey,Williams
21962,Jordan,Brown
21963,Taylor,Williams
21964,Casey,Jones
21965,Casey,Brown
21966,Jordan,Williams
21967,Alex,Smith
21968,Alex,Johnson
21969,Alex,Williams
21970,Taylor,Brown
21971,Casey,Brown
21972,Jordan,Brown
21973,Taylor,Smith
21974,Casey,Smith
21975,Morgan,Brown
21976,Jordan,Johnson
21977,Jordan,Jones
21978,Morgan,Smith
21979,Alex,Smith
21980,Taylor,Brown
21981,Morgan,Brown
21982,Casey,Brown
21983,Morgan,Johnson
21984,Taylor,Smith
21985,Alex,Johnson
21986,Alex,Johnson
21987,Taylor,Williams
21988,Morgan,Johnson
21989,Casey,Williams
21990,Alex,Johnson
21991,Casey,Jones
21992,Casey,Jones
21993,Taylor,Jones
21994,Alex,Smith
21995,Alex,Brown
21996,Casey,Brown
21997,Taylor,Brown
21998,Jordan,Jones
21999,Alex,Williams
22000,Jordan,Smith
22001,Morgan,Johnson
22002,Alex,Jones
22003,Casey,Williams
22004,Taylor,Jones
22005,Taylor,Jones
22006,Jordan,Jones
22007,Morgan,Williams
22008,Jordan,Johnson
22009,Alex,Jones
22010,Taylor,Johnson
22011,Jordan,Smith
22012,Alex,Brown
22013,Morgan,Jones
22014,Morgan,Williams
22015,Casey,Brown
22016,Alex,Smith
22017,Jordan,Williams
22018,Morgan,Smith
22019,Morgan,Johnson
22020,Morgan,Jones
22021,Morgan,Williams
22022,Taylor,Jones
22023,Morgan,Jones
22024,Jordan,Smith
22025,Taylor,Brown
22026,Jordan,Johnson
22027,Alex,Johnson
22028,Alex,Williams
22029,Taylor,Smith
22030,Morgan,Johnson
22031,Jordan,Jones
22032,Casey,Johnson
22033,Morgan,Jones
22034,Taylor,Williams
22035,Casey,Williams
22036,Morgan,Jones
22037,Alex,Smith
22038,Morgan,Jones
22039,Taylor,Jones
22040,Morgan,Smith
22041,Taylor,Brown
22042,Morgan,Jones
22043,Alex,Williams
22044,Casey,Williams
22045,Taylor,Williams
22046,Jordan,Johnson
22047,Jordan,Smith
22048,Taylor,Smith
22049,Morgan,Johnson
22050,Taylor,Jones
22051,Jordan,Jones
22052,Morgan,Brown
22053,Jordan,Johnson
22054,Jordan,Johnson
22055,Taylor,Johnson
22056,Alex,Jones
22057,Morgan,Brown
22058,Morgan,Williams
22059,Morgan,Johnson
22060,Jordan,Jones
22061,Jordan,Smith
22062,Alex,Johnson
22063,Taylor,Brown
22064,Jordan,Williams
22065,Taylor,Jones
22066,Casey,Brown
22067,Jordan,Johnson
22068,Morgan,Williams
22069,Morgan,Williams
22070,Casey,Johnson
22071,Alex,Johnson
22072,Alex,Jones
22073,Jordan,Johnson
22074,Taylor,Jones
22075,Alex,Smith
22076,Casey,Williams
22077,Casey,Brown
22078,Jordan,Smith
22079,Morgan,Smith
22080,Casey,Jones
22081,Casey,Johnson
22082,Taylor,Smith
22083,Alex,Jones
22084,Alex,Williams
22085,Alex,Williams
22086,Alex,Williams
22087,Morgan,Smith
22088,Morgan,Johnson
22089,Jordan,Williams
22090,Alex,Brown
22091,Alex,Jones
22092,Casey,Brown
22093,Casey,Williams
22094,Jordan,Williams
22095,Taylor,Brown
22096,Taylor,Brown
22097,Taylor,Smith
22098,Jordan,Williams
22099,Morgan,Smith
22100,Casey,Williams
22101,Morgan,Johnson
22102,Taylor,Smith
22103,Casey,Smith
22104,Morgan,Brown
22105,Taylor,Jones
22106,Casey,Jones
22107,Jordan,Brown
22108,Taylor,Johnson
22109,Taylor,Jones
22110,Casey,Williams
22111,Jordan,Williams
22112,Casey,Smith
22113,Alex,Williams
22114,Jordan,Jones
22115,Morgan,Williams
22116,Alex,Williams
22117,Taylor,Jones
22118,Casey,Jones
22119,Casey,Johnson
22120,Morgan,Smith
22121,Taylor,Johnson
22122,Casey,Williams
22123,Casey,Johnson
22124,Casey,Smith
22125,Morgan,Brown
22126,Morgan,Brown
22127,Alex,Brown
22128,Taylor,Brown
22129,Casey,Brown
22130,Alex,Jones
22131,Morgan,Jones
22132,Casey,Williams
22133,Casey,Jones
22134,Jordan,Brown
22135,Jordan,Williams
22136,Jordan,Smith
22137,Morgan,Williams
22138,Casey,Smith
22139,Alex,Johnson
22140,Casey,Smith
22141,Alex,Johnson
22142,Alex,Brown
22143,Alex,Williams
22144,Taylor,Williams
22145,Alex,Smith
22146,Casey,Jones
22147,Taylor,Williams
22148,Jordan,Smith
22149,Alex,Jones
22150,Morgan,Smith
22151,Morgan,Smith
22152,Morgan,Jones
22153,Taylor,Johnson
22154,Alex,Brown
22155,Alex,Jones
22156,Taylor,Williams
22157,Morgan,Johnson
22158,Jordan,Williams
22159,Taylor,Jones
22160,Taylor,Johnson
22161,Alex,Williams
22162,Morgan,Brown
22163,Jordan,Brown
22164,Casey,Smith
22165,Taylor,Smith
22166,Alex,Brown
22167,Casey,Smith
22168,Morgan,Brown
22169,Alex,Smith
22170,Alex,Brown
22171,Jordan,Brown
22172,Casey,Jones
22173,Morgan,Smith
22174,Alex,Williams
22175,Jordan,Johnson
22176,Taylor,Smith
22177,Alex,Brown
22178,Taylor,Williams
22179,Casey,Johnson
22180,Taylor,Williams
22181,Taylor,Johnson
22182,Alex,Jones
22183,Taylor,Brown
22184,Morgan,Johnson
22185,Taylor,Johnson
22186,Jordan,Jones
22187,Casey,Smith
22188,Taylor,Johnson
22189,Jordan,Johnson
22190,Jordan,Jones
22191,Taylor,Williams
22192,Morgan,Smith
22193,Jordan,Brown
22194,Casey,Williams
22195,Jordan,Smith
22196,Jordan,Brown
22197,Morgan,Jones
22198,Morgan,Smith
22199,Morgan,Williams
22200,Jordan,Smith
22201,Morgan,Smith
22202,Alex,Smith
22203,Morgan,Johnson
22204,Alex,Brown
22205,Alex,Brown
22206,Taylor,Johnson
22207,Taylor,Williams
22208,Taylor,Jones
22209,Morgan,Smith
22210,Taylor,Brown
22211,Alex,Johnson
22212,Jordan,Brown
22213,Taylor,Williams
22214,Casey,Williams
22215,Morgan,Smith
22216,Taylor,Brown
22217,Alex,Smith
22218,Morgan,Smith
22219,Jordan,Johnson
22220,Alex,Williams
22221,Casey,Smith
22222,Casey,Brown
22223,Morgan,Brown
22224,Jordan,Jones
22225,Alex,Brown
22226,Jordan,Johnson
22227,Taylor,Brown
22228,Alex,Jones
22229,Taylor,Johnson
22230,Casey,Johnson
22231,Taylor,Brown
22232,Jordan,Smith
22233,Casey,Williams
22234,Alex,Brown
22235,Morgan,Johnson
22236,Jordan,Williams
22237,Taylor,Johnson
22238,Alex,Johnson
22239,Jordan,Williams
22240,Alex,Johnson
22241,Morgan,Johnson
22242,Jordan,Jones
22243,Jordan,Brown
22244,Casey,Brown
22245,Casey,Jones
22246,Taylor,Johnson
22247,Casey,Johnson
22248,Taylor,Williams
22249,Taylor,Brown
22250,Casey,Johnson
22251,Jordan,Williams
22252,Jordan,Brown
22253,Taylor,Jones
22254,Taylor,Johnson
22255,Casey,Williams
22256,Taylor,Williams
22257,Jordan,Williams
22258,Morgan,Jones
22259,Morgan,Williams
22260,Jordan,Williams
22261,Alex,Johnson
22262,Alex,Johnson
22263,Morgan,Jones
22264,Casey,Williams
22265,Alex,Brown
22266,Taylor,Brown
22267,Alex,Smith
22268,Morgan,Brown
22269,Alex,Johnson
22270,Morgan,Williams
22271,Morgan,Williams
22272,Morgan,Williams
22273,Casey,Jones
22274,Casey,Brown
22275,Jordan,Williams
22276,Morgan,Brown
22277,Casey,Brown
22278,Casey,Johnson
22279,Taylor,Brown
22280,Taylor,Brown
22281,Jordan,Jones
22282,Taylor,Brown
22283,Alex,Brown
22284,Taylor,Johnson
22285,Alex,Johnson
22286,Casey,Smith
22287,Morgan,Brown
22288,Taylor,Johnson
22289,Alex,Brown
22290,Alex,Smith
22291,Casey,Smith
22292,Jordan,Brown
22293,Alex,Jones
22294,Taylor,Smith
22295,Morgan,Jones
22296,Morgan,Johnson
22297,Jordan,Williams
22298,Taylor,Johnson
22299,Jordan,Brown
22300,Alex,Brown
22301,Alex,Smith
22302,Casey,Williams
22303,Jordan,Brown
22304,Alex,Smith
22305,Casey,Jones
22306,Casey,Jones
22307,Morgan,Williams
22308,Casey,Johnson
22309,Morgan,Brown
22310,Jordan,Jones
22311,Casey,Williams
22312,Alex,Johnson
22313,Casey,Smith
22314,Casey,Williams
22315,Alex,Williams
22316,Alex,Brown
22317,Taylor,Smith
22318,Alex,Brown
22319,Morgan,Williams
22320,Jordan,Williams
22321,Taylor,Brown
22322,Jordan,Johnson
22323,Casey,Jones
22324,Taylor,Brown
22325,Taylor,Johnson
22326,Morgan,Williams
22327,Morgan,Johnson
22328,Taylor,Brown
22329,Taylor,Brown
22330,Morgan,Brown
22331,Jordan,Johnson
22332,Morgan,Jones
22333,Morgan,Jones
22334,Morgan,Johnson
22335,Casey,Brown
22336,Casey,Brown
22337,Taylor,Brown
22338,Alex,Johnson
22339,Casey,Brown
22340,Morgan,Smith
22341,Morgan,Johnson
22342,Alex,Jones
22343,Casey,Smith
22344,Casey,Johnson
22345,Alex,Johnson
22346,Taylor,Smith
22347,Alex,Johnson
22348,Casey,Williams
22349,Jordan,Brown
22350,Jordan,Johnson
22351,Alex,Brown
22352,Alex,Smith
22353,Jordan,Brown
22354,Jordan,Johnson
22355,Morgan,Brown
22356,Taylor,Brown
22357,Alex,Brown
22358,Alex,Williams
22359,Morgan,Johnson
22360,Alex,Johnson
22361,Jordan,Smith
22362,Alex,Jones
22363,Morgan,Johnson
22364,Casey,Smith
22365,Taylor,Williams
22366,Morgan,Jones
22367,Jordan,Brown
22368,Morgan,Jones
22369,Morgan,Johnson
22370,Casey,Smith
22371,Taylor,Smith
22372,Casey,Smith
22373,Morgan,Williams
22374,Casey,Brown
22375,Taylor,Williams
22376,Taylor,Johnson
22377,Alex,Brown
22378,Alex,Brown
22379,Taylor,Jones
22380,Alex,Brown
22381,Casey,Williams
22382,Casey,Williams
22383,Taylor,Brown
22384,Casey,Johnson
22385,Casey,Williams
22386,Morgan,Smith
22387,Taylor,Johnson
22388,Casey,Brown
22389,Morgan,Smith
22390,Alex,Johnson
22391,Jordan,Jones
22392,Alex,Smith
22393,Jordan,Brown
22394,Casey,Brown
22395,Jordan,Smith
22396,Casey,Williams
22397,Casey,Brown
22398,Alex,Brown
22399,Alex,Jones
22400,Morgan,Johnson
22401,Casey,Smith
22402,Taylor,Brown
22403,Taylor,Jones
22404,Taylor,Smith
22405,Alex,Brown
22406,Alex,Williams
22407,Morgan,Johnson
22408,Taylor,Williams
22409,Morgan,Smith
22410,Alex,Williams
22411,Jordan,Smith
22412,Jordan,Smith
22413,Taylor,Williams
22414,Casey,Smith
22415,Alex,Jones
22416,Jordan,Smith
22417,Alex,Brown
22418,Taylor,Williams
22419,Alex,Brown
22420,Morgan,Brown
22421,Alex,Smith
22422,Morgan,Brown
22423,Jordan,Smith
22424,Morgan,Brown
22425,Jordan,Brown
22426,Casey,Johnson
22427,Taylor,Johnson
22428,Alex,Brown
22429,Morgan,Jones
22430,Taylor,Williams
22431,Taylor,Smith
22432,Alex,Johnson
22433,Taylor,Johnson
22434,Casey,Jones
22435,Jordan,Smith
22436,Jordan,Jones
22437,Casey,Smith
22438,Alex,Johnson
22439,Alex,Smith
22440,Morgan,Brown
22441,Jordan,Brown
22442,Jordan,Brown
22443,Alex,Jones
22444,Casey,Brown
22445,Morgan,Jones
22446,Jordan,Williams
22447,Morgan,Jones
22448,Alex,Jones
22449,Alex,Smith
22450,Morgan,Jones
22451,Alex,Johnson
22452,Casey,Jones
22453,Alex,Williams
22454,Casey,Brown
22455,Taylor,Johnson
22456,Casey,Johnson
22457,Alex,Smith
22458,Jordan,Johnson
22459,Taylor,Brown
22460,Jordan,Jones
22461,Jordan,Smith
22462,Taylor,Johnson
22463,Alex,Jones
22464,Alex,Johnson
22465,Taylor,Smith
22466,Jordan,Johnson
22467,Morgan,Brown
22468,Alex,Jones
22469,Morgan,Smith
22470,Morgan,Jones
22471,Taylor,Brown
22472,Alex,Smith
22473,Alex,Williams
22474,Alex,Brown
22475,Morgan,Williams
22476,Jordan,Jones
22477,Jordan,Johnson
22478,Alex,Smith
22479,Alex,Brown
22480,Morgan,Williams
22481,Alex,Smith
22482,Alex,Johnson
22483,Alex,Williams
22484,Taylor,Brown
22485,Taylor,Jones
22486,Alex,Williams
22487,Casey,Smith
22488,Morgan,Smith
22489,Morgan,Williams
22490,Alex,Jones
22491,Alex,Smith
22492,Taylor,Jones
22493,Alex,Johnson
22494,Jordan,Williams
22495,Jordan,Brown
22496,Morgan,Smith
22497,Taylor,Jones
22498,Casey,Brown
22499,Morgan,Jones
22500,Taylor,Johnson
22501,Jordan,Smith
22502,Alex,Williams
22503,Casey,Jones
22504,Casey,Brown
22505,Jordan,Williams
22506,Jordan,Smith
22507,Jordan,Brown
22508,Morgan,Smith
22509,Jordan,Williams
22510,Morgan,Jones
22511,Morgan,Johnson
22512,Alex,Brown
22513,Alex,Smith
22514,Casey,Johnson
22515,Casey,Smith
22516,Jordan,Johnson
22517,Alex,Brown
22518,Alex,Williams
22519,Alex,Jones
22520,Alex,Jones
22521,Jordan,Johnson
22522,Alex,Brown
22523,Jordan,Williams
22524,Alex,Jones
22525,Alex,Williams
22526,Alex,Brown
22527,Alex,Jones
22528,Casey,Brown
22529,Casey,Brown
22530,Taylor,Smith
22531,Morgan,Johnson
22532,Alex,Brown
22533,Alex,Johnson
22534,Jordan,Brown
22535,Taylor,Jones
22536,Alex,Jones
22537,Morgan,Smith
22538,Alex,Smith
22539,Taylor,Johnson
22540,Taylor,Jones
22541,Jordan,Jones
22542,Morgan,Jones
22543,Taylor,Johnson
22544,Casey,Jones
22545,Morgan,Brown
22546,Casey,Williams
22547,Taylor,Williams
22548,Casey,Smith
22549,Morgan,Jones
22550,Taylor,Johnson
22551,Alex,Williams
22552,Alex,Jones
22553,Alex,Smith
22554,Jordan,Williams
22555,Jordan,Smith
22556,Morgan,Jones
22557,Morgan,Williams
22558,Casey,Johnson
22559,Taylor,Brown
22560,Taylor,Johnson
22561,Morgan,Williams
22562,Alex,Williams
22563,Casey,Smith
22564,Morgan,Williams
22565,Morgan,Williams
22566,Taylor,Johnson
22567,Morgan,Johnson
22568,Alex,Smith
22569,Alex,Johnson
22570,Jordan,Smith
22571,Taylor,Brown
22572,Taylor,Johnson
22573,Casey,Brown
22574,Casey,Brown
22575,Alex,Smith
22576,Taylor,Johnson
22577,Alex,Johnson
22578,Jordan,Williams
22579,Taylor,Brown
22580,Alex,Jones
22581,Alex,Williams
22582,Morgan,Smith
22583,Casey,Williams
22584,Alex,Jones
22585,Jordan,Jones
22586,Alex,Williams
22587,Morgan,Brown
22588,Alex,Smith
22589,Alex,Jones
22590,Jordan,Jones
22591,Jordan,Jones
22592,Jordan,Smith
22593,Taylor,Brown
22594,Casey,Johnson
22595,Morgan,Brown
22596,Casey,Smith
22597,Casey,Williams
22598,Alex,Jones
22599,Alex,Johnson
22600,Taylor,Brown
22601,Morgan,Johnson
22602,Morgan,Williams
22603,Alex,Johnson
22604,Jordan,Smith
22605,Taylor,Brown
22606,Taylor,Smith
22607,Morgan,Jones
22608,Jordan,Williams
22609,Casey,Williams
22610,Alex,Jones
22611,Morgan,Jones
22612,Jordan,Brown
22613,Morgan,Williams
22614,Alex,Brown
22615,Taylor,Jones
22616,Alex,Smith
22617,Casey,Jones
22618,Morgan,Smith
22619,Casey,Brown
22620,Morgan,Jones
22621,Alex,Williams
22622,Morgan,Brown
22623,Morgan,Williams
22624,Casey,Jones
22625,Morgan,Brown
22626,Taylor,Jones
22627,Jordan,Brown
22628,Morgan,Brown
22629,Morgan,Jones
22630,Jordan,Jones
22631,Taylor,Williams
22632,Alex,Williams
22633,Jordan,Williams
22634,Morgan,Jones
22635,Taylor,Williams
22636,Morgan,Jones
22637,Morgan,Williams
22638,Jordan,Brown
22639,Taylor,Williams
22640,Casey,Brown
22641,Taylor,Johnson
22642,Jordan,Jones
22643,Jordan,Johnson
22644,Jordan,Johnson
22645,Jordan,Jones
22646,Casey,Williams
22647,Casey,Brown
22648,Casey,Brown
22649,Taylor,Williams
22650,Casey,Jones
22651,Taylor,Johnson
22652,Alex,Jones
22653,Jordan,Smith
22654,Casey,Brown
22655,Morgan,Williams
22656,Jordan,Jones
22657,Casey,Smith
22658,Morgan,Jones
22659,Morgan,Johnson
22660,Alex,Williams
22661,Jordan,Johnson
22662,Casey,Jones
22663,Jordan,Jones
22664,Jordan,Williams
22665,Morgan,Johnson
22666,Alex,Jones
22667,Morgan,Johnson
22668,Morgan,Smith
22669,Casey,Williams
22670,Casey,Jones
22671,Alex,Brown
22672,Morgan,Williams
22673,Morgan,Johnson
22674,Taylor,Brown
22675,Jordan,Brown
22676,Taylor,Smith
22677,Morgan,Smith
22678,Alex,Smith
22679,Morgan,Brown
22680,Jordan,Jones
22681,Jordan,Johnson
22682,Alex,Jones
22683,Jordan,Johnson
22684,Taylor,Johnson
22685,Casey,Williams
22686,Taylor,Brown
22687,Jordan,Smith
22688,Alex,Williams
22689,Morgan,Williams
22690,Morgan,Williams
22691,Alex,Johnson
22692,Morgan,Johnson
22693,Jordan,Brown
22694,Casey,Williams
22695,Taylor,Williams
22696,Jordan,Williams
22697,Jordan,Jones
22698,Alex,Jones
22699,Alex,Brown
22700,Jordan,Williams
22701,Alex,Williams
22702,Taylor,Williams
22703,Casey,Johnson
22704,Casey,Smith
22705,Taylor,Johnson
22706,Casey,Johnson
22707,Jordan,Brown
22708,Alex,Williams
22709,Casey,Jones
22710,Casey,Smith
22711,Casey,Brown
22712,Morgan,Brown
22713,Morgan,Jones
22714,Alex,Smith
22715,Casey,Brown
22716,Taylor,Williams
22717,Morgan,Smith
22718,Taylor,Williams
22719,Morgan,Jones
22720,Morgan,Smith
22721,Jordan,Williams
22722,Morgan,Smith
22723,Alex,Jones
22724,Morgan,Johnson
22725,Alex,Jones
22726,Jordan,Johnson
22727,Taylor,Johnson
22728,Jordan,Johnson
22729,Taylor,Brown
22730,Alex,Williams
22731,Alex,Williams
22732,Casey,Brown
22733,Morgan,Brown
22734,Casey,Williams
22735,Casey,Smith
22736,Casey,Williams
22737,Taylor,Smith
22738,Alex,Jones
22739,Jordan,Smith
22740,Morgan,Smith
22741,Morgan,Smith
22742,Jordan,Jones
22743,Morgan,Brown
22744,Taylor,Jones
22745,Morgan,Smith
22746,Jordan,Johnson
22747,Morgan,Smith
22748,Jordan,Johnson
22749,Morgan,Jones
22750,Casey,Smith
22751,Casey,Jones
22752,Alex,Smith
22753,Morgan,Brown
22754,Morgan,Smith
22755,Morgan,Johnson
22756,Alex,Jones
22757,Alex,Smith
22758,Jordan,Johnson
22759,Casey,Brown
22760,Casey,Jones
22761,Casey,Jones
22762,Jordan,Brown
22763,Jordan,Brown
22764,Alex,Williams
22765,Jordan,Johnson
22766,Alex,Smith
22767,Taylor,Jones
22768,Taylor,Brown
22769,Jordan,Johnson
22770,Alex,Jones
22771,Taylor,Williams
22772,Morgan,Brown
22773,Taylor,Williams
22774,Taylor,Brown
22775,Taylor,Brown
22776,Alex,Johnson
22777,Morgan,Johnson
22778,Morgan,Johnson
22779,Alex,Johnson
22780,Morgan,Smith
22781,Alex,Brown
22782,Morgan,Johnson
22783,Alex,Jones
22784,Taylor,Brown
22785,Casey,Brown
22786,Alex,Johnson
22787,Morgan,Jones
22788,Morgan,Williams
22789,Alex,Johnson
22790,Alex,Smith
22791,Casey,Brown
22792,Morgan,Jones
22793,Morgan,Smith
22794,Casey,Jones
22795,Casey,Jones
22796,Alex,Jones
22797,Jordan,Williams
22798,Taylor,Williams
22799,Jordan,Johnson
22800,Casey,Williams
22801,Taylor,Johnson
22802,Morgan,Williams
22803,Morgan,Smith
22804,Morgan,Smith
22805,Morgan,Johnson
22806,Morgan,Williams
22807,Jordan,Smith
22808,Taylor,Smith
22809,Morgan,Williams
22810,Morgan,Jones
22811,Taylor,Williams
22812,Taylor,Smith
22813,Morgan,Jones
22814,Taylor,Williams
22815,Alex,Jones
22816,Alex,Johnson
22817,Morgan,Johnson
22818,Alex,Johnson
22819,Alex,Williams
22820,Alex,Jones
22821,Casey,Williams
22822,Casey,Johnson
22823,Taylor,Jones
22824,Morgan,Johnson
22825,Casey,Brown
22826,Casey,Johnson
22827,Alex,Johnson
22828,Taylor,Johnson
22829,Alex,Jones
22830,Alex,Smith
22831,Casey,Williams
22832,Casey,Brown
22833,Taylor,Brown
22834,Taylor,Williams
22835,Taylor,Smith
22836,Morgan,Brown
22837,Alex,Brown
22838,Morgan,Johnson
22839,Morgan,Brown
22840,Morgan,Johnson
22841,Jordan,Smith
22842,Casey,Williams
22843,Alex,Brown
22844,Taylor,Smith
22845,Morgan,Johnson
22846,Jordan,Williams
22847,Alex,Johnson
22848,Taylor,Johnson
22849,Jordan,Williams
22850,Casey,Smith
22851,Morgan,Johnson
22852,Casey,Jones
22853,Casey,Jones
22854,Alex,Johnson
22855,Casey,Jones
22856,Morgan,Brown
22857,Jordan,Jones
22858,Alex,Johnson
22859,Jordan,Johnson
22860,Casey,Williams
22861,Jordan,Jones
22862,Alex,Smith
22863,Morgan,Smith
22864,Casey,Brown
22865,Alex,Jones
22866,Taylor,Smith
22867,Taylor,Johnson
22868,Jordan,Johnson
22869,Casey,Jones
22870,Jordan,Smith
22871,Taylor,Brown
22872,Taylor,Williams
22873,Taylor,Johnson
22874,Taylor,Smith
22875,Morgan,Williams
22876,Alex,Brown
22877,Casey,Jones
22878,Alex,Smith
22879,Alex,Smith
22880,Casey,Brown
22881,Taylor,Williams
22882,Jordan,Johnson
22883,Alex,Smith
22884,Casey,Jones
22885,Alex,Johnson
22886,Jordan,Brown
22887,Taylor,Brown
22888,Taylor,Williams
22889,Jordan,Brown
22890,Casey,Jones
22891,Morgan,Smith
22892,Jordan,Jones
22893,Morgan,Williams
22894,Alex,Jones
22895,Taylor,Brown
22896,Alex,Smith
22897,Taylor,Johnson
22898,Morgan,Johnson
22899,Morgan,Johnson
22900,Taylor,Jones
22901,Casey,Smith
22902,Casey,Smith
22903,Casey,Johnson
22904,Morgan,Jones
22905,Morgan,Brown
22906,Morgan,Jones
22907,Alex,Williams
22908,Morgan,Johnson
22909,Alex,Williams
22910,Jordan,Smith
22911,Casey,Johnson
22912,Casey,Jones
22913,Taylor,Jones
22914,Alex,Smith
22915,Casey,Smith
22916,Morgan,Johnson
22917,Jordan,Johnson
22918,Morgan,Brown
22919,Alex,Smith
22920,Jordan,Jones
22921,Casey,Jones
22922,Taylor,Jones
22923,Casey,Brown
22924,Morgan,Brown
22925,Morgan,Jones
22926,Alex,Williams
22927,Casey,Jones
22928,Alex,Johnson
22929,Casey,Smith
22930,Taylor,Williams
22931,Taylor,Jones
22932,Casey,Brown
22933,Alex,Brown
22934,Alex,Jones
22935,Alex,Jones
22936,Morgan,Williams
22937,Alex,Johnson
22938,Jordan,Jones
22939,Morgan,Smith
22940,Taylor,Williams
22941,Taylor,Smith
22942,Taylor,Jones
22943,Jordan,Brown
22944,Taylor,Smith
22945,Casey,Williams
22946,Alex,Williams
22947,Alex,Brown
22948,Casey,Smith
22949,Morgan,Williams
22950,Alex,Jones
22951,Jordan,Williams
22952,Casey,Johnson
22953,Taylor,Williams
22954,Jordan,Smith
22955,Morgan,Jones
22956,Casey,Smith
22957,Alex,Jones
22958,Casey,Jones
22959,Alex,Smith
22960,Jordan,Jones
22961,Casey,Williams
22962,Casey,Smith
22963,Taylor,Smith
22964,Casey,Brown
22965,Taylor,Williams
22966,Alex,Jones
22967,Jordan,Brown
22968,Taylor,Johnson
22969,Jordan,Smith
22970,Alex,Smith
22971,Casey,Williams
22972,Alex,Jones
22973,Casey,Williams
22974,Morgan,Williams
22975,Morgan,Williams
22976,Taylor,Johnson
22977,Casey,Brown
22978,Taylor,Jones
22979,Morgan,Smith
22980,Morgan,Jones
22981,Jordan,Williams
22982,Alex,Williams
22983,Casey,Brown
22984,Morgan,Williams
22985,Casey,Brown
22986,Morgan,Williams
22987,Morgan,Williams
22988,Alex,Brown
22989,Jordan,Williams
22990,Alex,Williams
22991,Taylor,Johnson
22992,Alex,Smith
22993,Casey,Jones
22994,Alex,Smith
22995,Taylor,Williams
22996,Morgan,Johnson
22997,Casey,Smith
22998,Casey,Williams
22999,Taylor,Jones
23000,Morgan,Johnson
23001,Morgan,Williams
23002,Casey,Jones
23003,Casey,Jones
23004,Casey,Williams
23005,Morgan,Brown
23006,Morgan,Smith
23007,Jordan,Jones
23008,Casey,Johnson
23009,Morgan,Johnson
23010,Jordan,Smith
23011,Morgan,Jones
23012,Taylor,Johnson
23013,Alex,Jones
23014,Morgan,Smith
23015,Casey,Jones
23016,Taylor,Jones
23017,Casey,Smith
23018,Alex,Williams
23019,Alex,Jones
23020,Casey,Williams
23021,Casey,Johnson
23022,Casey,Brown
23023,Alex,Williams
23024,Casey,Johnson
23025,Casey,Johnson
23026,Morgan,Johnson
23027,Alex,Jones
23028,Jordan,Williams
23029,Morgan,Williams
23030,Alex,Johnson
23031,Alex,Smith
23032,Jordan,Smith
23033,Jordan,Brown
23034,Morgan,Jones
23035,Alex,Johnson
23036,Jordan,Smith
23037,Taylor,Smith
23038,Morgan,Brown
23039,Alex,Jones
23040,Jordan,Smith
23041,Jordan,Smith
23042,Jordan,Brown
23043,Casey,Smith
23044,Casey,Brown
23045,Casey,Smith
23046,Alex,Johnson
23047,Taylor,Williams
23048,Casey,Williams
23049,Jordan,Jones
23050,Jordan,Smith
23051,Casey,Williams
23052,Jordan,Smith
23053,Taylor,Brown
23054,Jordan,Brown
23055,Taylor,Brown
23056,Morgan,Johnson
23057,Casey,Jones
23058,Taylor,Williams
23059,Taylor,Williams
23060,Casey,Brown
23061,Casey,Jones
23062,Jordan,Johnson
23063,Morgan,Jones
23064,Alex,Brown
23065,Casey,Brown
23066,Casey,Williams
23067,Alex,Brown
23068,Alex,Smith
23069,Morgan,Johnson
23070,Morgan,Johnson
23071,Jordan,Williams
23072,Taylor,Brown
23073,Morgan,Brown
23074,Morgan,Smith
23075,Taylor,Brown
23076,Taylor,Johnson
23077,Casey,Brown
23078,Casey,Jones
23079,Casey,Williams
23080,Casey,Johnson
23081,Alex,Williams
23082,Jordan,Jones
23083,Casey,Jones
23084,Jordan,Brown
23085,Alex,Johnson
23086,Alex,Johnson
23087,Taylor,Jones
23088,Casey,Jones
23089,Alex,Smith
23090,Casey,Brown
23091,Alex,Smith
23092,Taylor,Jones
23093,Taylor,Jones
23094,Morgan,Johnson
23095,Jordan,Williams
23096,Jordan,Smith
23097,Casey,Brown
23098,Casey,Smith
23099,Alex,Johnson
23100,Morgan,Johnson
23101,Casey,Jones
23102,Taylor,Smith
23103,Morgan,Johnson
23104,Alex,Johnson
23105,Casey,Johnson
23106,Casey,Brown
23107,Taylor,Williams
23108,Alex,Williams
23109,Alex,Brown
23110,Taylor,Williams
23111,Jordan,Brown
23112,Casey,Johnson
23113,Jordan,Jones
23114,Casey,Johnson
23115,Casey,Williams
23116,Alex,Jones
23117,Alex,Jones
23118,Alex,Smith
23119,Taylor,Smith
23120,Alex,Brown
23121,Morgan,Smith
23122,Taylor,Jones
23123,Taylor,Smith
23124,Casey,Jones
23125,Alex,Jones
23126,Alex,Brown
23127,Morgan,Johnson
23128,Morgan,Brown
23129,Jordan,Jones
23130,Casey,Johnson
23131,Taylor,Johnson
23132,Casey,Johnson
23133,Morgan,Smith
23134,Alex,Johnson
23135,Casey,Smith
23136,Casey,Williams
23137,Alex,Johnson
23138,Casey,Jones
23139,Casey,Brown
23140,Casey,Johnson
23141,Jordan,Brown
23142,Taylor,Johnson
23143,Jordan,Williams
23144,Taylor,Smith
23145,Morgan,Jones
23146,Jordan,Jones
23147,Alex,Brown
23148,Morgan,Jones
23149,Taylor,Williams
23150,Casey,Johnson
23151,Alex,Williams
23152,Alex,Johnson
23153,Jordan,Jones
23154,Taylor,Jones
23155,Taylor,Williams
23156,Morgan,Jones
23157,Taylor,Brown
23158,Alex,Smith
23159,Jordan,Smith
23160,Casey,Williams
23161,Morgan,Smith
23162,Casey,Williams
23163,Alex,Smith
23164,Alex,Johnson
23165,Taylor,Brown
23166,Morgan,Brown
23167,Taylor,Johnson
23168,Casey,Johnson
23169,Morgan,Jones
23170,Taylor,Brown
23171,Taylor,Williams
23172,Casey,Williams
23173,Jordan,Johnson
23174,Alex,Brown
23175,Alex,Jones
23176,Jordan,Jones
23177,Casey,Williams
23178,Morgan,Jones
23179,Alex,Smith
23180,Morgan,Johnson
23181,Jordan,Johnson
23182,Casey,Williams
23183,Taylor,Smith
23184,Alex,Smith
23185,Taylor,Williams
23186,Taylor,Jones
23187,Alex,Smith
23188,Morgan,Williams
23189,Morgan,Williams
23190,Jordan,Brown
23191,Morgan,Johnson
23192,Taylor,Johnson
23193,Alex,Smith
23194,Casey,Williams
23195,Taylor,Jones
23196,Alex,Brown
23197,Jordan,Brown
23198,Casey,Williams
23199,Morgan,Smith
23200,Morgan,Johnson
23201,Jordan,Smith
23202,Jordan,Brown
23203,Taylor,Williams
23204,Jordan,Smith
23205,Taylor,Brown
23206,Alex,Smith
23207,Casey,Jones
23208,Morgan,Smith
23209,Jordan,Jones
23210,Jordan,Johnson
23211,Alex,Johnson
23212,Jordan,Smith
23213,Taylor,Johnson
23214,Alex,Brown
23215,Alex,Johnson
23216,Taylor,Brown
23217,Morgan,Johnson
23218,Jordan,Williams
23219,Morgan,Williams
23220,Casey,Jones
23221,Casey,Jones
23222,Alex,Smith
23223,Jordan,Brown
23224,Morgan,Johnson
23225,Taylor,Johnson
23226,Alex,Brown
23227,Jordan,Jones
23228,Taylor,Smith
23229,Alex,Williams
23230,Casey,Williams
23231,Jordan,Jones
23232,Casey,Brown
23233,Casey,Johnson
23234,Morgan,Brown
23235,Casey,Brown
23236,Jordan,Brown
23237,Morgan,Williams
23238,Morgan,Jones
23239,Taylor,Williams
23240,Morgan,Brown
23241,Casey,Williams
23242,Morgan,Jones
23243,Alex,Brown
23244,Taylor,Brown
23245,Casey,Jones
23246,Jordan,Johnson
23247,Morgan,Jones
23248,Taylor,Jones
23249,Alex,Smith
23250,Alex,Williams
23251,Morgan,Jones
23252,Taylor,Williams
23253,Jordan,Smith
23254,Taylor,Smith
23255,Jordan,Johnson
23256,Jordan,Jones
23257,Casey,Johnson
23258,Jordan,Smith
23259,Taylor,Williams
23260,Alex,Brown
23261,Jordan,Jones
23262,Jordan,Johnson
23263,Jordan,Jones
23264,Morgan,Williams
23265,Alex,Smith
23266,Taylor,Williams
23267,Alex,Williams
23268,Casey,Jones
23269,Taylor,Williams
23270,Casey,Johnson
23271,Morgan,Smith
23272,Alex,Williams
23273,Alex,Jones
23274,Jordan,Smith
23275,Taylor,Johnson
23276,Taylor,Johnson
23277,Jordan,Williams
23278,Jordan,Jones
23279,Jordan,Williams
23280,Taylor,Johnson
23281,Alex,Johnson
23282,Taylor,Williams
23283,Morgan,Brown
23284,Taylor,Johnson
23285,Casey,Williams
23286,Jordan,Brown
23287,Jordan,Brown
23288,Alex,Smith
23289,Morgan,Johnson
23290,Taylor,Johnson
23291,Jordan,Jones
23292,Alex,Johnson
23293,Alex,Williams
23294,Taylor,Johnson
23295,Jordan,Williams
23296,Taylor,Jones
23297,Morgan,Smith
23298,Taylor,Brown
23299,Casey,Smith
23300,Taylor,Johnson
23301,Morgan,Johnson
23302,Casey,Brown
23303,Alex,Smith
23304,Taylor,Johnson
23305,Casey,Johnson
23306,Casey,Brown
23307,Alex,Brown
23308,Alex,Jones
23309,Morgan,Johnson
23310,Alex,Jones
23311,Morgan,Jones
23312,Morgan,Smith
23313,Morgan,Smith
23314,Jordan,Johnson
23315,Casey,Williams
23316,Taylor,Brown
23317,Alex,Brown
23318,Jordan,Jones
23319,Taylor,Johnson
23320,Alex,Johnson
23321,Alex,Brown
23322,Casey,Brown
23323,Casey,Johnson
23324,Alex,Williams
23325,Alex,Johnson
23326,Alex,Brown
23327,Jordan,Smith
23328,Alex,Brown
23329,Casey,Jones
23330,Morgan,Brown
23331,Casey,Jones
23332,Jordan,Johnson
23333,Casey,Jones
23334,Morgan,Johnson
23335,Alex,Johnson
23336,Alex,Brown
23337,Morgan,Jones
23338,Casey,Johnson
23339,Taylor,Smith
23340,Jordan,Jones
23341,Casey,Smith
23342,Casey,Smith
23343,Casey,Johnson
23344,Alex,Smith
23345,Jordan,Jones
23346,Jordan,Williams
23347,Jordan,Smith
23348,Casey,Jones
23349,Jordan,Smith
23350,Alex,Jones
23351,Taylor,Johnson
23352,Morgan,Jones
23353,Alex,Brown
23354,Morgan,Williams
23355,Casey,Jones
23356,Taylor,Smith
23357,Taylor,Jones
23358,Alex,Williams
23359,Jordan,Johnson
23360,Alex,Jones
23361,Casey,Brown
23362,Morgan,Williams
23363,Taylor,Smith
23364,Morgan,Johnson
23365,Morgan,Jones
23366,Taylor,Brown
23367,Alex,Williams
23368,Jordan,Brown
23369,Morgan,Williams
23370,Jordan,Johnson
23371,Morgan,Johnson
23372,Casey,Smith
23373,Jordan,Jones
23374,Jordan,Smith
23375,Morgan,Brown
23376,Alex,Johnson
23377,Jordan,Brown
23378,Morgan,Jones
23379,Casey,Johnson
23380,Jordan,Johnson
23381,Jordan,Johnson
23382,Alex,Smith
23383,Alex,Johnson
23384,Casey,Johnson
23385,Alex,Williams
23386,Jordan,Johnson
23387,Casey,Smith
23388,Alex,Jones
23389,Alex,Smith
23390,Jordan,Johnson
23391,Morgan,Brown
23392,Casey,Williams
23393,Jordan,Johnson
23394,Taylor,Brown
23395,Morgan,Smith
23396,Morgan,Smith
23397,Alex,Williams
23398,Alex,Johnson
23399,Casey,Jones
23400,Taylor,Smith
23401,Morgan,Brown
23402,Casey,Johnson
23403,Alex,Brown
23404,Morgan,Smith
23405,Taylor,Williams
23406,Jordan,Johnson
23407,Morgan,Johnson
23408,Casey,Williams
23409,Casey,Williams
23410,Taylor,Smith
23411,Jordan,Johnson
23412,Morgan,Brown
23413,Morgan,Smith
23414,Morgan,Jones
23415,Casey,Johnson
23416,Jordan,Williams
23417,Casey,Johnson
23418,Taylor,Brown
23419,Jordan,Jones
23420,Jordan,Smith
23421,Morgan,Smith
23422,Morgan,Brown
23423,Casey,Smith
23424,Morgan,Williams
23425,Taylor,Brown
23426,Jordan,Smith
23427,Jordan,Johnson
23428,Jordan,Johnson
23429,Jordan,Johnson
23430,Casey,Brown
23431,Jordan,Brown
23432,Casey,Williams
23433,Casey,Brown
23434,Taylor,Williams
23435,Alex,Smith
23436,Morgan,Williams
23437,Alex,Brown
23438,Morgan,Smith
23439,Casey,Jones
23440,Morgan,Williams
23441,Jordan,Jones
23442,Casey,Brown
23443,Taylor,Jones
23444,Jordan,Brown
23445,Alex,Jones
23446,Jordan,Williams
23447,Alex,Jones
23448,Alex,Johnson
23449,Casey,Brown
23450,Jordan,Brown
23451,Alex,Smith
23452,Jordan,Johnson
23453,Morgan,Smith
23454,Alex,Johnson
23455,Taylor,Johnson
23456,Casey,Jones
23457,Alex,Smith
23458,Alex,Jones
23459,Alex,Johnson
23460,Alex,Brown
23461,Jordan,Johnson
23462,Taylor,Johnson
23463,Jordan,Johnson
23464,Casey,Brown
23465,Casey,Smith
23466,Taylor,Brown
23467,Jordan,Jones
23468,Jordan,Brown
23469,Taylor,Jones
23470,Alex,Williams
23471,Alex,Williams
23472,Jordan,Brown
23473,Taylor,Jones
23474,Taylor,Williams
23475,Casey,Williams
23476,Casey,Williams
23477,Casey,Johnson
23478,Jordan,Johnson
23479,Taylor,Smith
23480,Taylor,Jones
23481,Casey,Jones
23482,Alex,Smith
23483,Morgan,Williams
23484,Taylor,Smith
23485,Taylor,Brown
23486,Jordan,Johnson
23487,Morgan,Johnson
23488,Alex,Brown
23489,Alex,Johnson
23490,Taylor,Smith
23491,Alex,Williams
23492,Jordan,Brown
23493,Alex,Williams
23494,Morgan,Jones
23495,Alex,Smith
23496,Taylor,Smith
23497,Casey,Smith
23498,Taylor,Smith
23499,Morgan,Smith
23500,Alex,Brown
23501,Alex,Smith
23502,Alex,Jones
23503,Jordan,Brown
23504,Alex,Brown
23505,Casey,Smith
23506,Alex,Johnson
23507,Casey,Brown
23508,Alex,Brown
23509,Jordan,Johnson
23510,Casey,Williams
23511,Casey,Williams
23512,Morgan,Brown
23513,Casey,Jones
23514,Taylor,Johnson
23515,Alex,Brown
23516,Taylor,Smith
23517,Taylor,Brown
23518,Alex,Jones
23519,Taylor,Jones
23520,Taylor,Williams
23521,Jordan,Jones
23522,Casey,Jones
23523,Taylor,Brown
23524,Alex,Williams
23525,Taylor,Williams
23526,Casey,Brown
23527,Casey,Brown
23528,Morgan,Brown
23529,Taylor,Jones
23530,Alex,Johnson
23531,Taylor,Jones
23532,Morgan,Johnson
23533,Taylor,Jones
23534,Taylor,Smith
23535,Alex,Brown
23536,Casey,Williams
23537,Jordan,Williams
23538,Alex,Williams
23539,Casey,Smith
23540,Taylor,Brown
23541,Alex,Johnson
23542,Jordan,Williams
23543,Morgan,Brown
23544,Jordan,Brown
23545,Jordan,Jones
23546,Morgan,Williams
23547,Jordan,Smith
23548,Alex,Williams
23549,Taylor,Williams
23550,Jordan,Johnson
23551,Morgan,Williams
23552,Jordan,Williams
23553,Morgan,Jones
23554,Alex,Smith
23555,Morgan,Jones
23556,Morgan,Brown
23557,Jordan,Jones
23558,Alex,Smith
23559,Jordan,Brown
23560,Jordan,Smith
23561,Casey,Williams
23562,Jordan,Smith
23563,Alex,Smith
23564,Casey,Brown
23565,Casey,Jones
23566,Taylor,Smith
23567,Morgan,Johnson
23568,Jordan,Williams
23569,Taylor,Jones
23570,Jordan,Brown
23571,Casey,Brown
23572,Alex,Brown
23573,Alex,Johnson
23574,Morgan,Brown
23575,Morgan,Brown
23576,Alex,Johnson
23577,Morgan,Smith
23578,Taylor,Jones
23579,Jordan,Smith
23580,Alex,Brown
23581,Morgan,Smith
23582,Jordan,Jones
23583,Alex,Smith
23584,Alex,Williams
23585,Taylor,Smith
23586,Casey,Johnson
23587,Casey,Smith
23588,Morgan,Williams
23589,Jordan,Williams
23590,Morgan,Williams
23591,Taylor,Johnson
23592,Casey,Johnson
23593,Jordan,Jones
23594,Taylor,Brown
23595,Taylor,Williams
23596,Alex,Johnson
23597,Morgan,Williams
23598,Morgan,Williams
23599,Jordan,Smith
23600,Casey,Brown
23601,Jordan,Brown
23602,Jordan,Johnson
23603,Jordan,Jones
23604,Casey,Johnson
23605,Casey,Smith
23606,Morgan,Smith
23607,Taylor,Smith
23608,Alex,Williams
23609,Jordan,Jones
23610,Alex,Williams
23611,Alex,Brown
23612,Casey,Smith
23613,Jordan,Brown
23614,Alex,Williams
23615,Casey,Brown
23616,Casey,Smith
23617,Casey,Jones
23618,Casey,Jones
23619,Casey,Johnson
23620,Casey,Jones
23621,Taylor,Brown
23622,Alex,Brown
23623,Taylor,Williams
23624,Casey,Jones
23625,Alex,Jones
23626,Alex,Williams
23627,Alex,Jones
23628,Alex,Williams
23629,Jordan,Jones
23630,Taylor,Smith
23631,Alex,Smith
23632,Morgan,Johnson
23633,Taylor,Smith
23634,Taylor,Jones
23635,Alex,Jones
23636,Alex,Johnson
23637,Casey,Williams
23638,Casey,Johnson
23639,Morgan,Smith
23640,Casey,Johnson
23641,Taylor,Brown
23642,Taylor,Smith
23643,Taylor,Jones
23644,Morgan,Williams
23645,Alex,Jones
23646,Jordan,Williams
23647,Alex,Williams
23648,Alex,Williams
23649,Alex,Smith
23650,Casey,Williams
23651,Alex,Smith
23652,Alex,Williams
23653,Alex,Brown
23654,Morgan,Johnson
23655,Taylor,Smith
23656,Casey,Smith
23657,Jordan,Williams
23658,Jordan,Brown
23659,Taylor,Smith
23660,Casey,Johnson
23661,Jordan,Williams
23662,Taylor,Johnson
23663,Casey,Johnson
23664,Jordan,Jones
23665,Morgan,Johnson
23666,Morgan,Williams
23667,Jordan,Johnson
23668,Morgan,Jones
23669,Morgan,Johnson
23670,Jordan,Brown
23671,Casey,Johnson
23672,Alex,Smith
23673,Taylor,Williams
23674,Casey,Johnson
23675,Alex,Smith
23676,Morgan,Johnson
23677,Alex,Smith
23678,Casey,Williams
23679,Jordan,Williams
23680,Jordan,Williams
23681,Taylor,Williams
23682,Morgan,Johnson
23683,Morgan,Johnson
23684,Jordan,Jones
23685,Casey,Johnson
23686,Morgan,Jones
23687,Morgan,Jones
23688,Morgan,Smith
23689,Jordan,Johnson
23690,Taylor,Brown
23691,Alex,Brown
23692,Alex,Williams
23693,Casey,Williams
23694,Taylor,Jones
23695,Alex,Smith
23696,Jordan,Jones
23697,Jordan,Johnson
23698,Jordan,Smith
23699,Taylor,Williams
23700,Morgan,Smith
23701,Morgan,Brown
23702,Casey,Johnson
23703,Casey,Johnson
23704,Alex,Jones
23705,Alex,Johnson
23706,Morgan,Williams
23707,Jordan,Brown
23708,Jordan,Williams
23709,Casey,Jones
23710,Alex,Smith
23711,Casey,Brown
23712,Casey,Smith
23713,Taylor,Williams
23714,Morgan,Brown
23715,Casey,Smith
23716,Jordan,Johnson
23717,Taylor,Williams
23718,Taylor,Smith
23719,Alex,Jones
23720,Casey,Williams
23721,Morgan,Brown
23722,Alex,Smith
23723,Morgan,Williams
23724,Taylor,Smith
23725,Taylor,Smith
23726,Alex,Williams
23727,Alex,Johnson
23728,Morgan,Smith
23729,Morgan,Smith
23730,Taylor,Brown
23731,Casey,Williams
23732,Casey,Smith
23733,Alex,Williams
23734,Jordan,Williams
23735,Morgan,Smith
23736,Casey,Brown
23737,Taylor,Brown
23738,Casey,Brown
23739,Jordan,Smith
23740,Casey,Williams
23741,Morgan,Williams
23742,Jordan,Brown
23743,Casey,Jones
23744,Jordan,Johnson
23745,Taylor,Brown
23746,Jordan,Williams
23747,Morgan,Williams
23748,Taylor,Smith
23749,Jordan,Smith
23750,Alex,Williams
23751,Alex,Johnson
23752,Taylor,Brown
23753,Alex,Smith
23754,Alex,Jones
23755,Jordan,Brown
23756,Taylor,Jones
23757,Taylor,Smith
23758,Jordan,Jones
23759,Alex,Smith
23760,Jordan,Brown
23761,Morgan,Williams
23762,Casey,Williams
23763,Taylor,Smith
23764,Taylor,Brown
23765,Morgan,Williams
23766,Casey,Smith
23767,Taylor,Jones
23768,Taylor,Jones
23769,Jordan,Jones
23770,Jordan,Smith
23771,Alex,Brown
23772,Casey,Jones
23773,Casey,Jones
23774,Taylor,Jones
23775,Casey,Jones
23776,Jordan,Williams
23777,Morgan,Jones
23778,Morgan,Johnson
23779,Casey,Johnson
23780,Morgan,Williams
23781,Casey,Smith
23782,Morgan,Johnson
23783,Morgan,Jones
23784,Morgan,Smith
23785,Morgan,Smith
23786,Jordan,Williams
23787,Jordan,Smith
23788,Casey,Johnson
23789,Taylor,Jones
23790,Alex,Brown
23791,Alex,Brown
23792,Taylor,Williams
23793,Taylor,Jones
23794,Morgan,Jones
23795,Jordan,Smith
23796,Morgan,Smith
23797,Jordan,Jones
23798,Casey,Williams
23799,Taylor,Williams
23800,Morgan,Brown
23801,Morgan,Brown
23802,Casey,Williams
23803,Alex,Brown
23804,Jordan,Smith
23805,Jordan,Williams
23806,Alex,Jones
23807,Jordan,Jones
23808,Morgan,Jones
23809,Alex,Williams
23810,Casey,Smith
23811,Casey,Jones
23812,Morgan,Williams
23813,Taylor,Jones
23814,Morgan,Johnson
23815,Jordan,Jones
23816,Alex,Brown
23817,Morgan,Smith
23818,Taylor,Williams
23819,Jordan,Brown
23820,Alex,Brown
23821,Jordan,Johnson
23822,Jordan,Williams
23823,Alex,Brown
23824,Alex,Williams
23825,Taylor,Johnson
23826,Jordan,Williams
23827,Morgan,Brown
23828,Taylor,Williams
23829,Jordan,Jones
23830,Taylor,Brown
23831,Alex,Brown
23832,Morgan,Williams
23833,Morgan,Williams
23834,Jordan,Smith
23835,Taylor,Johnson
23836,Alex,Johnson
23837,Morgan,Brown
23838,Jordan,Jones
23839,Taylor,Johnson
23840,Casey,Brown
23841,Taylor,Brown
23842,Casey,Brown
23843,Casey,Williams
23844,Alex,Williams
23845,Casey,Brown
23846,Casey,Johnson
23847,Jordan,Brown
23848,Alex,Smith
23849,Taylor,Williams
23850,Casey,Smith
23851,Alex,Smith
23852,Morgan,Johnson
23853,Taylor,Jones
23854,Casey,Johnson
23855,Taylor,Johnson
23856,Taylor,Smith
23857,Casey,Brown
23858,Morgan,Smith
23859,Taylor,Smith
23860,Morgan,Johnson
23861,Taylor,Jones
23862,Taylor,Williams
23863,Taylor,Jones
23864,Taylor,Brown
23865,Alex,Jones
23866,Jordan,Brown
23867,Alex,Smith
23868,Jordan,Smith
23869,Casey,Smith
23870,Casey,Williams
23871,Morgan,Jones
23872,Casey,Smith
23873,Morgan,Smith
23874,Morgan,Williams
23875,Alex,Smith
23876,Jordan,Smith
23877,Taylor,Jones
23878,Casey,Williams
23879,Jordan,Jones
23880,Taylor,Smith
23881,Jordan,Williams
23882,Casey,Williams
23883,Casey,Jones
23884,Taylor,Smith
23885,Casey,Williams
23886,Alex,Jones
23887,Morgan,Jones
23888,Jordan,Brown
23889,Casey,Smith
23890,Morgan,Johnson
23891,Taylor,Johnson
23892,Casey,Williams
23893,Casey,Jones
23894,Jordan,Jones
23895,Jordan,Smith
23896,Casey,Johnson
23897,Morgan,Jones
23898,Alex,Brown
23899,Jordan,Brown
23900,Alex,Brown
23901,Jordan,Smith
23902,Morgan,Brown
23903,Alex,Brown
23904,Taylor,Williams
23905,Morgan,Jones
23906,Taylor,Williams
23907,Alex,Smith
23908,Alex,Jones
23909,Taylor,Williams
23910,Taylor,Williams
23911,Jordan,Smith
23912,Morgan,Smith
23913,Casey,Brown
23914,Alex,Brown
23915,Alex,Brown
23916,Morgan,Brown
23917,Morgan,Smith
23918,Casey,Williams
23919,Morgan,Johnson
23920,Taylor,Smith
23921,Taylor,Brown
23922,Casey,Smith
23923,Morgan,Johnson
23924,Alex,Johnson
23925,Alex,Johnson
23926,Morgan,Smith
23927,Morgan,Brown
23928,Casey,Brown
23929,Casey,Brown
23930,Alex,Johnson
23931,Morgan,Williams
23932,Taylor,Brown
23933,Jordan,Brown
23934,Taylor,Brown
23935,Casey,Johnson
23936,Jordan,Williams
23937,Morgan,Brown
23938,Taylor,Brown
23939,Taylor,Williams
23940,Taylor,Jones
23941,Morgan,Johnson
23942,Casey,Williams
23943,Morgan,Jones
23944,Taylor,Brown
23945,Alex,Jones
23946,Casey,Jones
23947,Taylor,Jones
23948,Morgan,Williams
23949,Casey,Johnson
23950,Casey,Jones
23951,Morgan,Williams
23952,Casey,Williams
23953,Alex,Jones
23954,Morgan,Brown
23955,Taylor,Johnson
23956,Taylor,Smith
23957,Jordan,Williams
23958,Morgan,Williams
23959,Jordan,Jones
23960,Alex,Williams
23961,Jordan,Williams
23962,Jordan,Jones
23963,Taylor,Williams
23964,Casey,Williams
23965,Jordan,Smith
23966,Alex,Jones
23967,Alex,Williams
23968,Morgan,Smith
23969,Morgan,Johnson
23970,Alex,Brown
23971,Morgan,Williams
23972,Casey,Johnson
23973,Morgan,Johnson
23974,Jordan,Johnson
23975,Jordan,Williams
23976,Morgan,Jones
23977,Alex,Jones
23978,Taylor,Johnson
23979,Taylor,Jones
23980,Morgan,Smith
23981,Taylor,Brown
23982,Casey,Jones
23983,Taylor,Jones
23984,Casey,Williams
23985,Casey,Jones
23986,Alex,Smith
23987,Casey,Jones
23988,Casey,Johnson
23989,Alex,Smith
23990,Casey,Smith
23991,Taylor,Jones
23992,Morgan,Brown
23993,Casey,Jones
23994,Casey,Smith
23995,Morgan,Johnson
23996,Jordan,Brown
23997,Casey,Smith
23998,Casey,Brown
23999,Casey,Brown
24000,Casey,Brown
24001,Taylor,Smith
24002,Alex,Johnson
24003,Jordan,Johnson
24004,Morgan,Williams
24005,Casey,Johnson
24006,Alex,Smith
24007,Morgan,Smith
24008,Casey,Johnson
24009,Jordan,Jones
24010,Morgan,Johnson
24011,Taylor,Williams
24012,Morgan,Jones
24013,Jordan,Brown
24014,Alex,Williams
24015,Morgan,Brown
24016,Jordan,Jones
24017,Alex,Brown
24018,Casey,Jones
24019,Alex,Smith
24020,Casey,Williams
24021,Alex,Jones
24022,Jordan,Smith
24023,Morgan,Brown
24024,Casey,Jones
24025,Casey,Brown
24026,Casey,Williams
24027,Casey,Williams
24028,Jordan,Jones
24029,Jordan,Johnson
24030,Alex,Smith
24031,Morgan,Jones
24032,Alex,Williams
24033,Alex,Brown
24034,Jordan,Jones
24035,Jordan,Brown
24036,Jordan,Brown
24037,Morgan,Smith
24038,Casey,Johnson
24039,Casey,Brown
24040,Alex,Brown
24041,Casey,Brown
24042,Taylor,Williams
24043,Taylor,Brown
24044,Taylor,Brown
24045,Morgan,Williams
24046,Casey,Brown
24047,Casey,Williams
24048,Taylor,Jones
24049,Taylor,Brown
24050,Casey,Smith
24051,Alex,Jones
24052,Taylor,Williams
24053,Taylor,Williams
24054,Alex,Johnson
24055,Alex,Smith
24056,Taylor,Jones
24057,Alex,Williams
24058,Alex,Jones
24059,Jordan,Johnson
24060,Morgan,Brown
24061,Morgan,Johnson
24062,Taylor,Jones
24063,Taylor,Brown
24064,Casey,Brown
24065,Morgan,Brown
24066,Taylor,Williams
24067,Casey,Brown
24068,Casey,Williams
24069,Casey,Smith
24070,Casey,Smith
24071,Casey,Jones
24072,Jordan,Brown
24073,Morgan,Johnson
24074,Jordan,Smith
24075,Alex,Smith
24076,Morgan,Smith
24077,Morgan,Johnson
24078,Alex,Johnson
24079,Morgan,Williams
24080,Morgan,Jones
24081,Jordan,Johnson
24082,Casey,Johnson
24083,Morgan,Johnson
24084,Jordan,Williams
24085,Alex,Johnson
24086,Alex,Smith
24087,Jordan,Williams
24088,Casey,Brown
24089,Taylor,Smith
24090,Morgan,Smith
24091,Jordan,Jones
24092,Taylor,Williams
24093,Jordan,Brown
24094,Morgan,Williams
24095,Morgan,Jones
24096,Morgan,Smith
24097,Taylor,Smith
24098,Taylor,Jones
24099,Alex,Smith
24100,Casey,Smith
24101,Taylor,Jones
24102,Taylor,Smith
24103,Taylor,Johnson
24104,Morgan,Brown
24105,Jordan,Jones
24106,Morgan,Johnson
24107,Alex,Smith
24108,Taylor,Brown
24109,Casey,Brown
24110,Casey,Williams
24111,Alex,Williams
24112,Alex,Brown
24113,Taylor,Williams
24114,Jordan,Johnson
24115,Casey,Brown
24116,Morgan,Johnson
24117,Jordan,Williams
24118,Jordan,Williams
24119,Alex,Smith
24120,Jordan,Brown
24121,Alex,Johnson
24122,Taylor,Smith
24123,Jordan,Williams
24124,Casey,Johnson
24125,Casey,Williams
24126,Casey,Brown
24127,Morgan,Smith
24128,Casey,Smith
24129,Alex,Williams
24130,Jordan,Johnson
24131,Casey,Smith
24132,Alex,Johnson
24133,Casey,Johnson
24134,Jordan,Jones
24135,Jordan,Brown
24136,Morgan,Williams
24137,Taylor,Johnson
24138,Alex,Brown
24139,Taylor,Brown
24140,Morgan,Brown
24141,Taylor,Jones
24142,Morgan,Williams
24143,Morgan,Jones
24144,Taylor,Williams
24145,Casey,Johnson
24146,Morgan,Jones
24147,Alex,Williams
24148,Taylor,Brown
24149,Jordan,Jones
24150,Casey,Brown
24151,Alex,Smith
24152,Morgan,Johnson
24153,Taylor,Johnson
24154,Taylor,Williams
24155,Alex,Jones
24156,Casey,Williams
24157,Taylor,Williams
24158,Alex,Brown
24159,Casey,Smith
24160,Morgan,Smith
24161,Casey,Smith
24162,Taylor,Williams
24163,Taylor,Brown
24164,Jordan,Smith
24165,Taylor,Brown
24166,Alex,Brown
24167,Casey,Smith
24168,Taylor,Williams
24169,Casey,Smith
24170,Alex,Jones
24171,Casey,Smith
24172,Jordan,Smith
24173,Taylor,Jones
24174,Alex,Brown
24175,Taylor,Jones
24176,Morgan,Jones
24177,Taylor,Johnson
24178,Jordan,Brown
24179,Alex,Johnson
24180,Morgan,Williams
24181,Taylor,Brown
24182,Casey,Williams
24183,Casey,Jones
24184,Casey,Smith
24185,Casey,Jones
24186,Taylor,Brown
24187,Taylor,Johnson
24188,Alex,Johnson
24189,Jordan,Johnson
24190,Alex,Brown
24191,Alex,Johnson
24192,Taylor,Smith
24193,Alex,Johnson
24194,Taylor,Johnson
24195,Morgan,Brown
24196,Taylor,Brown
24197,Jordan,Williams
24198,Morgan,Brown
24199,Alex,Brown
24200,Jordan,Brown
24201,Taylor,Brown
24202,Alex,Jones
24203,Alex,Johnson
24204,Casey,Williams
24205,Alex,Jones
24206,Morgan,Smith
24207,Casey,Smith
24208,Morgan,Smith
24209,Taylor,Williams
24210,Casey,Brown
24211,Casey,Johnson
24212,Taylor,Smith
24213,Jordan,Smith
24214,Taylor,Williams
24215,Jordan,Jones
24216,Casey,Jones
24217,Alex,Williams
24218,Morgan,Smith
24219,Casey,Williams
24220,Morgan,Jones
24221,Taylor,Jones
24222,Alex,Brown
24223,Taylor,Jones
24224,Jordan,Smith
24225,Morgan,Johnson
24226,Morgan,Jones
24227,Jordan,Brown
24228,Taylor,Brown
24229,Taylor,Brown
24230,Jordan,Williams
24231,Taylor,Smith
24232,Casey,Jones
24233,Taylor,Johnson
24234,Alex,Brown
24235,Taylor,Smith
24236,Alex,Johnson
24237,Jordan,Smith
24238,Casey,Johnson
24239,Casey,Brown
24240,Jordan,Brown
24241,Casey,Smith
24242,Morgan,Smith
24243,Casey,Smith
24244,Alex,Johnson
24245,Morgan,Brown
24246,Morgan,Smith
24247,Alex,Jones
24248,Jordan,Williams
24249,Alex,Smith
24250,Taylor,Johnson
24251,Casey,Smith
24252,Morgan,Smith
24253,Alex,Jones
24254,Jordan,Johnson
24255,Alex,Johnson
24256,Taylor,Smith
24257,Casey,Jones
24258,Morgan,Johnson
24259,Jordan,Smith
24260,Alex,Williams
24261,Morgan,Smith
24262,Casey,Jones
24263,Casey,Smith
24264,Morgan,Williams
24265,Taylor,Jones
24266,Alex,Johnson
24267,Taylor,Brown
24268,Morgan,Smith
24269,Taylor,Johnson
24270,Morgan,Jones
24271,Alex,Johnson
24272,Casey,Brown
24273,Taylor,Johnson
24274,Morgan,Williams
24275,Jordan,Williams
24276,Taylor,Brown
24277,Taylor,Johnson
24278,Casey,Jones
24279,Jordan,Jones
24280,Alex,Jones
24281,Morgan,Williams
24282,Casey,Jones
24283,Casey,Johnson
24284,Alex,Jones
24285,Morgan,Williams
24286,Morgan,Jones
24287,Casey,Williams
24288,Morgan,Smith
24289,Casey,Jones
24290,Alex,Smith
24291,Morgan,Smith
24292,Alex,Jones
24293,Jordan,Smith
24294,Morgan,Brown
24295,Jordan,Jones
24296,Morgan,Johnson
24297,Taylor,Smith
24298,Morgan,Johnson
24299,Taylor,Brown
24300,Jordan,Johnson
24301,Alex,Brown
24302,Alex,Jones
24303,Taylor,Johnson
24304,Taylor,Williams
24305,Jordan,Brown
24306,Morgan,Jones
24307,Jordan,Brown
24308,Jordan,Smith
24309,Taylor,Johnson
24310,Alex,Jones
24311,Alex,Smith
24312,Alex,Smith
24313,Casey,Johnson
24314,Morgan,Williams
24315,Jordan,Johnson
24316,Casey,Brown
24317,Taylor,Smith
24318,Jordan,Jones
24319,Taylor,Williams
24320,Taylor,Jones
24321,Alex,Jones
24322,Morgan,Brown
24323,Alex,Brown
24324,Alex,Williams
24325,Casey,Williams
24326,Alex,Johnson
24327,Alex,Brown
24328,Casey,Brown
24329,Morgan,Brown
24330,Jordan,Brown
24331,Alex,Williams
24332,Jordan,Smith
24333,Alex,Williams
24334,Casey,Jones
24335,Casey,Jones
24336,Taylor,Williams
24337,Morgan,Johnson
24338,Alex,Johnson
24339,Taylor,Brown
24340,Taylor,Brown
24341,Casey,Jones
24342,Jordan,Johnson
24343,Morgan,Johnson
24344,Morgan,Smith
24345,Taylor,Williams
24346,Jordan,Jones
24347,Taylor,Johnson
24348,Casey,Jones
24349,Morgan,Smith
24350,Casey,Brown
24351,Jordan,Smith
24352,Jordan,Jones
24353,Morgan,Jones
24354,Morgan,Smith
24355,Alex,Smith
24356,Taylor,Brown
24357,Morgan,Brown
24358,Jordan,Jones
24359,Casey,Johnson
24360,Taylor,Johnson
24361,Taylor,Jones
24362,Taylor,Johnson
24363,Casey,Brown
24364,Taylor,Jones
24365,Jordan,Williams
24366,Alex,Jones
24367,Casey,Smith
24368,Alex,Johnson
24369,Jordan,Johnson
24370,Morgan,Smith
24371,Taylor,Smith
24372,Morgan,Williams
24373,Casey,Brown
24374,Alex,Smith
24375,Morgan,Brown
24376,Morgan,Williams
24377,Casey,Johnson
24378,Jordan,Brown
24379,Alex,Johnson
24380,Jordan,Johnson
24381,Jordan,Johnson
24382,Taylor,Williams
24383,Taylor,Jones
24384,Casey,Williams
24385,Morgan,Smith
24386,Jordan,Jones
24387,Casey,Jones
24388,Morgan,Brown
24389,Jordan,Jones
24390,Alex,Brown
24391,Jordan,Johnson
24392,Alex,Williams
24393,Alex,Brown
24394,Alex,Williams
24395,Casey,Jones
24396,Taylor,Brown
24397,Morgan,Jones
24398,Casey,Williams
24399,Alex,Smith
24400,Jordan,Johnson
24401,Casey,Johnson
24402,Jordan,Brown
24403,Morgan,Jones
24404,Alex,Williams
24405,Casey,Brown
24406,Taylor,Jones
24407,Jordan,Brown
24408,Jordan,Brown
24409,Jordan,Johnson
24410,Alex,Brown
24411,Taylor,Jones
24412,Jordan,Brown
24413,Jordan,Brown
24414,Taylor,Jones
24415,Alex,Johnson
24416,Taylor,Williams
24417,Taylor,Jones
24418,Alex,Williams
24419,Alex,Brown
24420,Taylor,Williams
24421,Alex,Johnson
24422,Casey,Jones
24423,Casey,Brown
24424,Morgan,Brown
24425,Casey,Williams
24426,Taylor,Johnson
24427,Alex,Smith
24428,Casey,Williams
24429,Jordan,Williams
24430,Taylor,Brown
24431,Alex,Smith
24432,Alex,Jones
24433,Taylor,Jones
24434,Casey,Jones
24435,Morgan,Smith
24436,Morgan,Williams
24437,Morgan,Johnson
24438,Jordan,Johnson
24439,Alex,Brown
24440,Taylor,Jones
24441,Morgan,Williams
24442,Taylor,Smith
24443,Alex,Williams
24444,Alex,Johnson
24445,Alex,Williams
24446,Jordan,Johnson
24447,Morgan,Johnson
24448,Jordan,Williams
24449,Alex,Brown
24450,Taylor,Johnson
24451,Taylor,Jones
24452,Taylor,Smith
24453,Alex,Brown
24454,Taylor,Brown
24455,Alex,Williams
24456,Jordan,Smith
24457,Taylor,Jones
24458,Alex,Jones
24459,Morgan,Smith
24460,Taylor,Brown
24461,Alex,Smith
24462,Casey,Brown
24463,Alex,Johnson
24464,Jordan,Brown
24465,Taylor,Johnson
24466,Alex,Johnson
24467,Taylor,Jones
24468,Morgan,Smith
24469,Morgan,Johnson
24470,Alex,Williams
24471,Morgan,Smith
24472,Morgan,Williams
24473,Casey,Johnson
24474,Alex,Johnson
24475,Alex,Brown
24476,Jordan,Smith
24477,Taylor,Jones
24478,Morgan,Williams
24479,Morgan,Jones
24480,Alex,Smith
24481,Morgan,Jones
24482,Jordan,Johnson
24483,Taylor,Smith
24484,Morgan,Johnson
24485,Casey,Johnson
24486,Morgan,Brown
24487,Taylor,Jones
24488,Casey,Johnson
24489,Taylor,Johnson
24490,Jordan,Jones
24491,Alex,Williams
24492,Casey,Jones
24493,Casey,Brown
24494,Jordan,Jones
24495,Morgan,Smith
24496,Taylor,Williams
24497,Casey,Smith
24498,Casey,Williams
24499,Jordan,Williams
24500,Taylor,Jones
24501,Morgan,Jones
24502,Casey,Brown
24503,Jordan,Smith
24504,Taylor,Johnson
24505,Taylor,Brown
24506,Casey,Johnson
24507,Jordan,Jones
24508,Jordan,Williams
24509,Alex,Johnson
24510,Alex,Smith
24511,Jordan,Williams
24512,Alex,Smith
24513,Jordan,Jones
24514,Alex,Smith
24515,Casey,Johnson
24516,Morgan,Johnson
24517,Morgan,Smith
24518,Alex,Smith
24519,Alex,Johnson
24520,Morgan,Brown
24521,Alex,Jones
24522,Jordan,Smith
24523,Morgan,Williams
24524,Jordan,Williams
24525,Alex,Brown
24526,Casey,Jones
24527,Jordan,Brown
24528,Jordan,Brown
24529,Casey,Brown
24530,Jordan,Johnson
24531,Morgan,Smith
24532,Casey,Williams
24533,Taylor,Brown
24534,Casey,Johnson
24535,Jordan,Johnson
24536,Casey,Williams
24537,Alex,Jones
24538,Morgan,Williams
24539,Taylor,Johnson
24540,Casey,Johnson
24541,Taylor,Brown
24542,Morgan,Johnson
24543,Alex,Brown
24544,Jordan,Johnson
24545,Alex,Johnson
24546,Alex,Smith
24547,Taylor,Jones
24548,Casey,Johnson
24549,Taylor,Jones
24550,Casey,Smith
24551,Jordan,Brown
24552,Morgan,Johnson
24553,Alex,Jones
24554,Casey,Johnson
24555,Taylor,Johnson
24556,Casey,Brown
24557,Morgan,Jones
24558,Morgan,Brown
24559,Jordan,Jones
24560,Casey,Smith
24561,Jordan,Jones
24562,Morgan,Smith
24563,Taylor,Williams
24564,Casey,Williams
24565,Casey,Williams
24566,Morgan,Smith
24567,Alex,Smith
24568,Jordan,Jones
24569,Taylor,Smith
24570,Jordan,Brown
24571,Morgan,Williams
24572,Taylor,Brown
24573,Casey,Smith
24574,Taylor,Brown
24575,Jordan,Smith
24576,Morgan,Brown
24577,Jordan,Smith
24578,Taylor,Smith
24579,Casey,Johnson
24580,Taylor,Jones
24581,Jordan,Smith
24582,Casey,Johnson
24583,Morgan,Jones
24584,Alex,Williams
24585,Morgan,Jones
24586,Jordan,Jones
24587,Taylor,Smith
24588,Alex,Smith
24589,Alex,Johnson
24590,Morgan,Jones
24591,Jordan,Smith
24592,Jordan,Smith
24593,Alex,Brown
24594,Jordan,Brown
24595,Alex,Smith
24596,Alex,Smith
24597,Taylor,Williams
24598,Casey,Brown
24599,Alex,Smith
24600,Casey,Smith
24601,Taylor,Jones
24602,Taylor,Williams
24603,Casey,Williams
24604,Morgan,Jones
24605,Taylor,Williams
24606,Morgan,Smith
24607,Casey,Johnson
24608,Taylor,Jones
24609,Casey,Williams
24610,Taylor,Smith
24611,Casey,Jones
24612,Morgan,Johnson
24613,Alex,Johnson
24614,Alex,Brown
24615,Taylor,Smith
24616,Taylor,Brown
24617,Taylor,Williams
24618,Alex,Smith
24619,Jordan,Johnson
24620,Alex,Johnson
24621,Alex,Jones
24622,Morgan,Jones
24623,Morgan,Brown
24624,Morgan,Smith
24625,Casey,Williams
24626,Morgan,Smith
24627,Alex,Johnson
24628,Alex,Brown
24629,Alex,Brown
24630,Casey,Smith
24631,Taylor,Jones
24632,Casey,Brown
24633,Jordan,Johnson
24634,Jordan,Jones
24635,Jordan,Johnson
24636,Taylor,Smith
24637,Taylor,Jones
24638,Morgan,Williams
24639,Morgan,Williams
24640,Casey,Johnson
24641,Casey,Johnson
24642,Jordan,Johnson
24643,Taylor,Johnson
24644,Casey,Smith
24645,Taylor,Smith
24646,Alex,Williams
24647,Jordan,Williams
24648,Taylor,Williams
24649,Morgan,Jones
24650,Alex,Brown
24651,Taylor,Smith
24652,Jordan,Brown
24653,Casey,Brown
24654,Alex,Smith
24655,Morgan,Jones
24656,Taylor,Smith
24657,Casey,Jones
24658,Jordan,Brown
24659,Casey,Williams
24660,Casey,Smith
24661,Morgan,Jones
24662,Morgan,Williams
24663,Morgan,Jones
24664,Alex,Brown
24665,Taylor,Brown
24666,Jordan,Brown
24667,Morgan,Brown
24668,Morgan,Williams
24669,Jordan,Johnson
24670,Jordan,Jones
24671,Jordan,Brown
24672,Alex,Johnson
24673,Morgan,Smith
24674,Jordan,Smith
24675,Jordan,Johnson
24676,Jordan,Brown
24677,Morgan,Jones
24678,Jordan,Smith
24679,Casey,Brown
24680,Casey,Brown
24681,Morgan,Smith
24682,Morgan,Johnson
24683,Casey,Williams
24684,Morgan,Johnson
24685,Morgan,Brown
24686,Taylor,Smith
24687,Taylor,Jones
24688,Taylor,Smith
24689,Alex,Brown
24690,Alex,Brown
24691,Taylor,Jones
24692,Casey,Smith
24693,Jordan,Jones
24694,Casey,Smith
24695,Casey,Johnson
24696,Casey,Smith
24697,Morgan,Smith
24698,Morgan,Johnson
24699,Taylor,Jones
24700,Jordan,Smith
24701,Alex,Brown
24702,Taylor,Johnson
24703,Casey,Jones
24704,Casey,Johnson
24705,Alex,Williams
24706,Alex,Brown
24707,Taylor,Johnson
24708,Casey,Johnson
24709,Jordan,Williams
24710,Alex,Brown
24711,Morgan,Smith
24712,Taylor,Brown
24713,Morgan,Johnson
24714,Alex,Jones
24715,Alex,Johnson
24716,Taylor,Williams
24717,Taylor,Williams
24718,Alex,Brown
24719,Morgan,Jones
24720,Jordan,Brown
24721,Morgan,Brown
24722,Casey,Smith
24723,Taylor,Williams
24724,Casey,Smith
24725,Alex,Jones
24726,Casey,Smith
24727,Jordan,Jones
24728,Jordan,Smith
24729,Taylor,Smith
24730,Taylor,Jones
24731,Morgan,Smith
24732,Alex,Jones
24733,Alex,Brown
24734,Jordan,Jones
24735,Morgan,Williams
24736,Morgan,Jones
24737,Taylor,Williams
24738,Taylor,Williams
24739,Morgan,Brown
24740,Jordan,Brown
24741,Morgan,Jones
24742,Casey,Johnson
24743,Taylor,Brown
24744,Casey,Johnson
24745,Taylor,Smith
24746,Casey,Jones
24747,Casey,Johnson
24748,Morgan,Jones
24749,Taylor,Johnson
24750,Alex,Smith
24751,Alex,Smith
24752,Alex,Williams
24753,Casey,Brown
24754,Morgan,Johnson
24755,Casey,Johnson
24756,Alex,Brown
24757,Jordan,Brown
24758,Alex,Williams
24759,Casey,Jones
24760,Morgan,Jones
24761,Alex,Williams
24762,Jordan,Jones
24763,Jordan,Jones
24764,Jordan,Brown
24765,Alex,Jones
24766,Jordan,Brown
24767,Morgan,Smith
24768,Casey,Johnson
24769,Alex,Jones
24770,Casey,Williams
24771,Alex,Jones
24772,Jordan,Jones
24773,Jordan,Johnson
24774,Taylor,Jones
24775,Taylor,Johnson
24776,Alex,Johnson
24777,Morgan,Jones
24778,Casey,Brown
24779,Casey,Johnson
24780,Taylor,Jones
24781,Morgan,Williams
24782,Jordan,Brown
24783,Casey,Williams
24784,Jordan,Jones
24785,Morgan,Williams
24786,Morgan,Johnson
24787,Morgan,Brown
24788,Morgan,Jones
24789,Morgan,Jones
24790,Jordan,Johnson
24791,Morgan,Johnson
24792,Casey,Jones
24793,Jordan,Williams
24794,Alex,Jones
24795,Morgan,Williams
24796,Casey,Brown
24797,Morgan,Johnson
24798,Taylor,Brown
24799,Casey,Jones
24800,Alex,Brown
24801,Jordan,Johnson
24802,Jordan,Smith
24803,Jordan,Brown
24804,Casey,Jones
24805,Morgan,Williams
24806,Casey,Jones
24807,Alex,Brown
24808,Morgan,Smith
24809,Casey,Smith
24810,Jordan,Brown
24811,Casey,Williams
24812,Alex,Smith
24813,Morgan,Johnson
24814,Jordan,Brown
24815,Morgan,Johnson
24816,Taylor,Smith
24817,Casey,Johnson
24818,Casey,Johnson
24819,Casey,Johnson
24820,Morgan,Williams
24821,Morgan,Smith
24822,Casey,Smith
24823,Jordan,Jones
24824,Alex,Johnson
24825,Alex,Williams
24826,Morgan,Jones
24827,Taylor,Smith
24828,Alex,Brown
24829,Casey,Williams
24830,Alex,Williams
24831,Morgan,Smith
24832,Alex,Johnson
24833,Casey,Brown
24834,Jordan,Williams
24835,Jordan,Johnson
24836,Morgan,Smith
24837,Casey,Brown
24838,Jordan,Brown
24839,Casey,Brown
24840,Morgan,Jones
24841,Alex,Williams
24842,Alex,Smith
24843,Alex,Johnson
24844,Jordan,Johnson
24845,Jordan,Smith
24846,Casey,Williams
24847,Morgan,Williams
24848,Casey,Johnson
24849,Alex,Jones
24850,Jordan,Johnson
24851,Casey,Smith
24852,Alex,Jones
24853,Jordan,Williams
24854,Casey,Smith
24855,Taylor,Jones
24856,Casey,Williams
24857,Casey,Smith
24858,Taylor,Jones
24859,Morgan,Smith
24860,Jordan,Smith
24861,Jordan,Williams
24862,Taylor,Jones
24863,Casey,Smith
24864,Casey,Brown
24865,Casey,Smith
24866,Jordan,Williams
24867,Alex,Smith
24868,Jordan,Brown
24869,Casey,Brown
24870,Morgan,Smith
24871,Casey,Johnson
24872,Casey,Williams
24873,Jordan,Johnson
24874,Taylor,Williams
24875,Casey,Brown
24876,Casey,Jones
24877,Alex,Johnson
24878,Alex,Brown
24879,Alex,Johnson
24880,Morgan,Brown
24881,Casey,Smith
24882,Jordan,Williams
24883,Jordan,Johnson
24884,Jordan,Williams
24885,Alex,Brown
24886,Alex,Jones
24887,Taylor,Brown
24888,Taylor,Smith
24889,Morgan,Jones
24890,Alex,Jones
24891,Taylor,Brown
24892,Taylor,Smith
24893,Casey,Smith
24894,Casey,Jones
24895,Jordan,Williams
24896,Jordan,Johnson
24897,Casey,Brown
24898,Taylor,Smith
24899,Morgan,Williams
24900,Taylor,Williams
24901,Taylor,Williams
24902,Taylor,Smith
24903,Morgan,Brown
24904,Morgan,Williams
24905,Jordan,Jones
24906,Casey,Williams
24907,Casey,Jones
24908,Alex,Williams
24909,Casey,Jones
24910,Morgan,Brown
24911,Casey,Johnson
24912,Taylor,Smith
24913,Alex,Smith
24914,Taylor,Williams
24915,Morgan,Smith
24916,Alex,Jones
24917,Jordan,Williams
24918,Taylor,Jones
24919,Taylor,Johnson
24920,Casey,Brown
24921,Morgan,Smith
24922,Morgan,Jones
24923,Morgan,Jones
24924,Jordan,Brown
24925,Morgan,Johnson
24926,Morgan,Williams
24927,Alex,Jones
24928,Casey,Jones
24929,Casey,Jones
24930,Jordan,Johnson
24931,Casey,Williams
24932,Morgan,Brown
24933,Alex,Williams
24934,Taylor,Jones
24935,Taylor,Williams
24936,Alex,Jones
24937,Morgan,Williams
24938,Casey,Williams
24939,Alex,Jones
24940,Casey,Jones
24941,Casey,Johnson
24942,Taylor,Johnson
24943,Casey,Williams
24944,Jordan,Jones
24945,Alex,Brown
24946,Casey,Jones
24947,Jordan,Johnson
24948,Casey,Williams
24949,Casey,Jones
24950,Taylor,Brown
24951,Morgan,Brown
24952,Jordan,Brown
24953,Jordan,Williams
24954,Alex,Johnson
24955,Alex,Brown
24956,Jordan,Brown
24957,Casey,Johnson
24958,Morgan,Jones
24959,Taylor,Williams
24960,Alex,Johnson
24961,Taylor,Brown
24962,Alex,Johnson
24963,Jordan,Brown
24964,Taylor,Smith
24965,Morgan,Jones
24966,Casey,Williams
24967,Jordan,Brown
24968,Casey,Brown
24969,Casey,Williams
24970,Taylor,Smith
24971,Alex,Johnson
24972,Morgan,Brown
24973,Taylor,Jones
24974,Casey,Jones
24975,Jordan,Williams
24976,Alex,Brown
24977,Alex,Williams
24978,Taylor,Johnson
24979,Morgan,Smith
24980,Jordan,Jones
24981,Casey,Williams
24982,Alex,Johnson
24983,Casey,Jones
24984,Jordan,Smith
24985,Jordan,Smith
24986,Alex,Williams
24987,Morgan,Williams
24988,Morgan,Smith
24989,Alex,Williams
24990,Alex,Jones
24991,Casey,Brown
24992,Jordan,Brown
24993,Jordan,Williams
24994,Alex,Brown
24995,Alex,Johnson
24996,Jordan,Johnson
24997,Casey,Johnson
24998,Alex,Brown
24999,Casey,Williams
25000,Morgan,Williams
25001,Alex,Smith
25002,Taylor,Williams
25003,Taylor,Williams
25004,Casey,Williams
25005,Casey,Williams
25006,Morgan,Smith
25007,Jordan,Williams
25008,Morgan,Jones
25009,Casey,Williams
25010,Jordan,Johnson
25011,Jordan,Jones
25012,Taylor,Smith
25013,Jordan,Williams
25014,Morgan,Jones
25015,Alex,Jones
25016,Taylor,Smith
25017,Morgan,Brown
25018,Jordan,Jones
25019,Morgan,Brown
25020,Casey,Johnson
25021,Casey,Smith
25022,Casey,Brown
25023,Casey,Brown
25024,Morgan,Brown
25025,Morgan,Johnson
25026,Morgan,Johnson
25027,Casey,Jones
25028,Alex,Jones
25029,Alex,Johnson
25030,Casey,Brown
25031,Alex,Jones
25032,Jordan,Jones
25033,Casey,Williams
25034,Casey,Williams
25035,Jordan,Johnson
25036,Taylor,Johnson
25037,Alex,Johnson
25038,Jordan,Williams
25039,Morgan,Brown
25040,Alex,Williams
25041,Alex,Jones
25042,Jordan,Williams
25043,Casey,Brown
25044,Alex,Williams
25045,Alex,Smith
25046,Morgan,Jones
25047,Alex,Smith
25048,Jordan,Williams
25049,Casey,Smith
25050,Taylor,Jones
25051,Taylor,Smith
25052,Taylor,Williams
25053,Morgan,Brown
25054,Morgan,Smith
25055,Taylor,Brown
25056,Taylor,Jones
25057,Alex,Johnson
25058,Morgan,Johnson
25059,Taylor,Brown
25060,Casey,Jones
25061,Morgan,Williams
25062,Morgan,Williams
25063,Jordan,Jones
25064,Taylor,Williams
25065,Alex,Brown
25066,Morgan,Smith
25067,Alex,Johnson
25068,Jordan,Brown
25069,Morgan,Brown
25070,Jordan,Johnson
25071,Morgan,Johnson
25072,Jordan,Brown
25073,Casey,Johnson
25074,Taylor,Brown
25075,Casey,Jones
25076,Morgan,Williams
25077,Jordan,Jones
25078,Jordan,Smith
25079,Jordan,Williams
25080,Taylor,Johnson
25081,Casey,Smith
25082,Taylor,Brown
25083,Morgan,Williams
25084,Taylor,Brown
25085,Jordan,Williams
25086,Taylor,Brown
25087,Morgan,Jones
25088,Taylor,Brown
25089,Casey,Brown
25090,Taylor,Johnson
25091,Alex,Williams
25092,Taylor,Smith
25093,Taylor,Smith
25094,Morgan,Johnson
25095,Taylor,Smith
25096,Casey,Williams
25097,Morgan,Smith
25098,Jordan,Johnson
25099,Morgan,Smith
25100,Jordan,Jones
25101,Jordan,Brown
25102,Jordan,Williams
25103,Casey,Brown
25104,Jordan,Williams
25105,Morgan,Johnson
25106,Alex,Williams
25107,Casey,Brown
25108,Taylor,Williams
25109,Alex,Johnson
25110,Casey,Brown
25111,Morgan,Johnson
25112,Jordan,Brown
25113,Morgan,Smith
25114,Jordan,Williams
25115,Casey,Johnson
25116,Casey,Johnson
25117,Taylor,Williams
25118,Morgan,Johnson
25119,Taylor,Williams
25120,Morgan,Brown
25121,Jordan,Johnson
25122,Taylor,Jones
25123,Jordan,Smith
25124,Casey,Williams
25125,Jordan,Johnson
25126,Alex,Johnson
25127,Casey,Jones
25128,Morgan,Johnson
25129,Casey,Johnson
25130,Morgan,Brown
25131,Jordan,Johnson
25132,Morgan,Johnson
25133,Casey,Brown
25134,Casey,Smith
25135,Casey,Brown
25136,Jordan,Brown
25137,Jordan,Johnson
25138,Morgan,Smith
25139,Alex,Johnson
25140,Casey,Brown
25141,Jordan,Brown
25142,Morgan,Brown
25143,Casey,Johnson
25144,Morgan,Brown
25145,Alex,Jones
25146,Morgan,Williams
25147,Casey,Smith
25148,Alex,Brown
25149,Jordan,Williams
25150,Morgan,Williams
25151,Jordan,Brown
25152,Casey,Williams
25153,Casey,Smith
25154,Jordan,Williams
25155,Casey,Williams
25156,Jordan,Williams
25157,Alex,Williams
25158,Casey,Williams
25159,Casey,Jones
25160,Taylor,Smith
25161,Taylor,Williams
25162,Taylor,Williams
25163,Alex,Jones
25164,Alex,Brown
25165,Alex,Smith
25166,Taylor,Smith
25167,Casey,Brown
25168,Taylor,Brown
25169,Alex,Brown
25170,Alex,Brown
25171,Morgan,Williams
25172,Casey,Smith
25173,Jordan,Johnson
25174,Casey,Smith
25175,Jordan,Jones
25176,Jordan,Smith
25177,Taylor,Williams
25178,Morgan,Williams
25179,Taylor,Jones
25180,Alex,Williams
25181,Morgan,Williams
25182,Taylor,Smith
25183,Morgan,Johnson
25184,Morgan,Jones
25185,Casey,Brown
25186,Casey,Jones
25187,Morgan,Jones
25188,Jordan,Smith
25189,Jordan,Jones
25190,Jordan,Jones
25191,Morgan,Johnson
25192,Casey,Brown
25193,Casey,Jones
25194,Morgan,Brown
25195,Alex,Johnson
25196,Morgan,Jones
25197,Alex,Jones
25198,Morgan,Williams
25199,Jordan,Smith
25200,Morgan,Brown
25201,Jordan,Smith
25202,Jordan,Johnson
25203,Jordan,Smith
25204,Taylor,Smith
25205,Alex,Smith
25206,Jordan,Brown
25207,Jordan,Smith
25208,Taylor,Williams
25209,Casey,Jones
25210,Alex,Brown
25211,Casey,Jones
25212,Casey,Johnson
25213,Casey,Johnson
25214,Alex,Jones
25215,Alex,Johnson
25216,Alex,Williams
25217,Jordan,Brown
25218,Casey,Brown
25219,Casey,Williams
25220,Taylor,Brown
25221,Taylor,Smith
25222,Alex,Johnson
25223,Morgan,Jones
25224,Casey,Brown
25225,Morgan,Johnson
25226,Morgan,Smith
25227,Jordan,Williams
25228,Alex,Smith
25229,Casey,Brown
25230,Casey,Jones
25231,Jordan,Johnson
25232,Morgan,Johnson
25233,Taylor,Johnson
25234,Morgan,Brown
25235,Morgan,Williams
25236,Morgan,Jones
25237,Taylor,Smith
25238,Casey,Smith
25239,Alex,Brown
25240,Alex,Smith
25241,Casey,Williams
25242,Alex,Jones
25243,Taylor,Jones
25244,Taylor,Jones
25245,Casey,Smith
25246,Jordan,Brown
25247,Jordan,Johnson
25248,Casey,Smith
25249,Taylor,Brown
25250,Alex,Williams
25251,Taylor,Johnson
25252,Morgan,Brown
25253,Taylor,Johnson
25254,Taylor,Williams
25255,Jordan,Brown
25256,Casey,Smith
25257,Alex,Brown
25258,Taylor,Johnson
25259,Morgan,Smith
25260,Morgan,Johnson
25261,Morgan,Williams
25262,Jordan,Brown
25263,Alex,Brown
25264,Alex,Williams
25265,Alex,Johnson
25266,Alex,Smith
25267,Taylor,Brown
25268,Jordan,Williams
25269,Jordan,Williams
25270,Morgan,Williams
25271,Alex,Johnson
25272,Casey,Johnson
25273,Alex,Smith
25274,Taylor,Jones
25275,Morgan,Williams
25276,Alex,Jones
25277,Casey,Brown
25278,Alex,Jones
25279,Casey,Smith
25280,Alex,Williams
25281,Jordan,Jones
25282,Alex,Jones
25283,Casey,Williams
25284,Morgan,Brown
25285,Jordan,Brown
25286,Casey,Smith
25287,Casey,Williams
25288,Casey,Williams
25289,Casey,Johnson
25290,Taylor,Brown
25291,Alex,Williams
25292,Taylor,Johnson
25293,Taylor,Smith
25294,Jordan,Williams
25295,Alex,Brown
25296,Casey,Smith
25297,Jordan,Smith
25298,Taylor,Smith
25299,Taylor,Brown
25300,Taylor,Brown
25301,Alex,Johnson
25302,Jordan,Jones
25303,Morgan,Jones
25304,Casey,Jones
25305,Morgan,Smith
25306,Casey,Johnson
25307,Morgan,Smith
25308,Taylor,Johnson
25309,Casey,Johnson
25310,Taylor,Brown
25311,Jordan,Smith
25312,Jordan,Smith
25313,Taylor,Brown
25314,Jordan,Williams
25315,Taylor,Johnson
25316,Casey,Johnson
25317,Alex,Brown
25318,Morgan,Brown
25319,Casey,Johnson
25320,Casey,Smith
25321,Morgan,Brown
25322,Alex,Brown
25323,Casey,Brown
25324,Alex,Smith
25325,Alex,Smith
25326,Morgan,Jones
25327,Morgan,Williams
25328,Taylor,Johnson
25329,Casey,Williams
25330,Taylor,Brown
25331,Alex,Jones
25332,Alex,Brown
25333,Taylor,Brown
25334,Casey,Smith
25335,Alex,Jones
25336,Casey,Brown
25337,Morgan,Brown
25338,Casey,Jones
25339,Taylor,Johnson
25340,Jordan,Smith
25341,Taylor,Williams
25342,Morgan,Johnson
25343,Casey,Smith
25344,Taylor,Brown
25345,Jordan,Williams
25346,Casey,Johnson
25347,Casey,Smith
25348,Casey,Brown
25349,Morgan,Johnson
25350,Casey,Smith
25351,Alex,Smith
25352,Casey,Jones
25353,Alex,Johnson
25354,Taylor,Smith
25355,Casey,Brown
25356,Morgan,Brown
25357,Casey,Jones
25358,Alex,Brown
25359,Taylor,Johnson
25360,Morgan,Johnson
25361,Morgan,Brown
25362,Jordan,Brown
25363,Jordan,Smith
25364,Casey,Jones
25365,Morgan,Johnson
25366,Casey,Smith
25367,Casey,Brown
25368,Jordan,Smith
25369,Taylor,Williams
25370,Morgan,Williams
25371,Casey,Johnson
25372,Jordan,Johnson
25373,Jordan,Johnson
25374,Morgan,Jones
25375,Morgan,Jones
25376,Alex,Johnson
25377,Casey,Jones
25378,Morgan,Brown
25379,Morgan,Williams
25380,Alex,Jones
25381,Casey,Williams
25382,Taylor,Williams
25383,Morgan,Smith
25384,Morgan,Johnson
25385,Casey,Johnson
25386,Jordan,Brown
25387,Alex,Jones
25388,Alex,Brown
25389,Casey,Brown
25390,Alex,Jones
25391,Jordan,Smith
25392,Taylor,Williams
25393,Casey,Williams
25394,Casey,Jones
25395,Alex,Jones
25396,Taylor,Smith
25397,Taylor,Johnson
25398,Alex,Smith
25399,Taylor,Brown
25400,Jordan,Brown
25401,Alex,Johnson
25402,Taylor,Brown
25403,Casey,Johnson
25404,Casey,Williams
25405,Taylor,Brown
25406,Taylor,Brown
25407,Morgan,Williams
25408,Morgan,Jones
25409,Alex,Johnson
25410,Morgan,Smith
25411,Casey,Johnson
25412,Morgan,Jones
25413,Jordan,Smith
25414,Alex,Jones
25415,Casey,Williams
25416,Morgan,Smith
25417,Alex,Williams
25418,Jordan,Smith
25419,Morgan,Johnson
25420,Casey,Johnson
25421,Jordan,Jones
25422,Taylor,Jones
25423,Taylor,Brown
25424,Taylor,Brown
25425,Taylor,Jones
25426,Alex,Smith
25427,Jordan,Jones
25428,Jordan,Smith
25429,Casey,Johnson
25430,Taylor,Jones
25431,Taylor,Brown
25432,Taylor,Jones
25433,Morgan,Jones
25434,Casey,Williams
25435,Taylor,Brown
25436,Jordan,Johnson
25437,Casey,Brown
25438,Alex,Brown
25439,Morgan,Smith
25440,Casey,Jones
25441,Jordan,Johnson
25442,Taylor,Jones
25443,Alex,Johnson
25444,Alex,Brown
25445,Alex,Brown
25446,Morgan,Jones
25447,Alex,Williams
25448,Taylor,Johnson
25449,Alex,Brown
25450,Morgan,Brown
25451,Morgan,Brown
25452,Morgan,Williams
25453,Taylor,Williams
25454,Jordan,Johnson
25455,Casey,Jones
25456,Morgan,Johnson
25457,Taylor,Brown
25458,Morgan,Smith
25459,Alex,Brown
25460,Morgan,Jones
25461,Casey,Brown
25462,Jordan,Brown
25463,Casey,Smith
25464,Casey,Williams
25465,Jordan,Jones
25466,Casey,Williams
25467,Alex,Williams
25468,Alex,Williams
25469,Taylor,Johnson
25470,Taylor,Brown
25471,Alex,Brown
25472,Morgan,Jones
25473,Jordan,Brown
25474,Taylor,Williams
25475,Jordan,Jones
25476,Casey,Williams
25477,Alex,Jones
25478,Taylor,Brown
25479,Casey,Jones
25480,Morgan,Smith
25481,Morgan,Brown
25482,Taylor,Brown
25483,Morgan,Johnson
25484,Morgan,Johnson
25485,Jordan,Williams
25486,Taylor,Brown
25487,Casey,Smith
25488,Morgan,Brown
25489,Alex,Johnson
25490,Casey,Johnson
25491,Casey,Brown
25492,Morgan,Brown
25493,Casey,Williams
25494,Taylor,Johnson
25495,Casey,Johnson
25496,Jordan,Smith
25497,Morgan,Williams
25498,Jordan,Williams
25499,Jordan,Smith
25500,Morgan,Brown
25501,Casey,Williams
25502,Jordan,Brown
25503,Casey,Jones
25504,Taylor,Smith
25505,Jordan,Jones
25506,Morgan,Smith
25507,Casey,Williams
25508,Jordan,Johnson
25509,Alex,Johnson
25510,Alex,Jones
25511,Alex,Johnson
25512,Jordan,Williams
25513,Morgan,Smith
25514,Morgan,Williams
25515,Morgan,Brown
25516,Jordan,Smith
25517,Taylor,Johnson
25518,Alex,Brown
25519,Jordan,Brown
25520,Jordan,Brown
25521,Taylor,Brown
25522,Jordan,Smith
25523,Taylor,Brown
25524,Taylor,Williams
25525,Alex,Smith
25526,Jordan,Williams
25527,Casey,Smith
25528,Taylor,Jones
25529,Taylor,Brown
25530,Morgan,Williams
25531,Morgan,Brown
25532,Jordan,Smith
25533,Morgan,Williams
25534,Alex,Brown
25535,Morgan,Smith
25536,Morgan,Brown
25537,Alex,Smith
25538,Jordan,Williams
25539,Morgan,Jones
25540,Morgan,Jones
25541,Morgan,Brown
25542,Casey,Williams
25543,Taylor,Williams
25544,Morgan,Johnson
25545,Jordan,Brown
25546,Casey,Jones
25547,Taylor,Williams
25548,Taylor,Smith
25549,Casey,Jones
25550,Casey,Brown
25551,Alex,Smith
25552,Jordan,Smith
25553,Taylor,Jones
25554,Casey,Williams
25555,Taylor,Johnson
25556,Jordan,Brown
25557,Casey,Smith
25558,Morgan,Williams
25559,Morgan,Smith
25560,Taylor,Williams
25561,Morgan,Jones
25562,Alex,Williams
25563,Casey,Johnson
25564,Casey,Johnson
25565,Morgan,Smith
25566,Morgan,Brown
25567,Jordan,Jones
25568,Alex,Jones
25569,Casey,Williams
25570,Jordan,Jones
25571,Jordan,Brown
25572,Casey,Williams
25573,Morgan,Johnson
25574,Morgan,Brown
25575,Casey,Smith
25576,Jordan,Smith
25577,Alex,Johnson
25578,Alex,Johnson
25579,Jordan,Jones
25580,Morgan,Brown
25581,Alex,Brown
25582,Taylor,Williams
25583,Jordan,Johnson
25584,Morgan,Brown
25585,Casey,Jones
25586,Casey,Williams
25587,Jordan,Johnson
25588,Casey,Brown
25589,Jordan,Smith
25590,Taylor,Brown
25591,Alex,Jones
25592,Alex,Smith
25593,Alex,Johnson
25594,Casey,Smith
25595,Jordan,Jones
25596,Taylor,Johnson
25597,Alex,Johnson
25598,Morgan,Jones
25599,Morgan,Jones
25600,Jordan,Jones
25601,Morgan,Smith
25602,Casey,Smith
25603,Taylor,Brown
25604,Casey,Johnson
25605,Taylor,Williams
25606,Morgan,Williams
25607,Casey,Williams
25608,Alex,Williams
25609,Taylor,Smith
25610,Jordan,Johnson
25611,Casey,Smith
25612,Casey,Brown
25613,Alex,Williams
25614,Morgan,Brown
25615,Morgan,Johnson
25616,Alex,Smith
25617,Alex,Johnson
25618,Alex,Jones
25619,Jordan,Johnson
25620,Casey,Williams
25621,Alex,Williams
25622,Casey,Jones
25623,Morgan,Brown
25624,Morgan,Brown
25625,Alex,Brown
25626,Morgan,Brown
25627,Taylor,Jones
25628,Morgan,Jones
25629,Morgan,Smith
25630,Casey,Smith
25631,Morgan,Jones
25632,Jordan,Brown
25633,Morgan,Jones
25634,Alex,Brown
25635,Taylor,Smith
25636,Jordan,Jones
25637,Jordan,Jones
25638,Taylor,Smith
25639,Taylor,Williams
25640,Morgan,Brown
25641,Jordan,Williams
25642,Taylor,Williams
25643,Morgan,Smith
25644,Jordan,Williams
25645,Taylor,Johnson
25646,Casey,Brown
25647,Alex,Jones
25648,Taylor,Williams
25649,Jordan,Jones
25650,Casey,Johnson
25651,Morgan,Brown
25652,Taylor,Williams
25653,Morgan,Jones
25654,Casey,Johnson
25655,Morgan,Williams
25656,Jordan,Jones
25657,Taylor,Brown
25658,Morgan,Brown
25659,Morgan,Jones
25660,Morgan,Smith
25661,Jordan,Smith
25662,Alex,Smith
25663,Morgan,Smith
25664,Taylor,Williams
25665,Alex,Johnson
25666,Morgan,Williams
25667,Taylor,Williams
25668,Alex,Jones
25669,Casey,Jones
25670,Morgan,Brown
25671,Jordan,Johnson
25672,Casey,Williams
25673,Casey,Brown
25674,Jordan,Johnson
25675,Casey,Smith
25676,Taylor,Jones
25677,Casey,Williams
25678,Casey,Smith
25679,Casey,Johnson
25680,Casey,Johnson
25681,Casey,Brown
25682,Jordan,Johnson
25683,Taylor,Johnson
25684,Taylor,Williams
25685,Morgan,Williams
25686,Morgan,Williams
25687,Taylor,Johnson
25688,Taylor,Johnson
25689,Casey,Jones
25690,Casey,Smith
25691,Alex,Brown
25692,Casey,Williams
25693,Casey,Brown
25694,Jordan,Brown
25695,Alex,Johnson
25696,Morgan,Smith
25697,Morgan,Williams
25698,Taylor,Johnson
25699,Morgan,Jones
25700,Morgan,Johnson
25701,Taylor,Brown
25702,Jordan,Johnson
25703,Morgan,Williams
25704,Casey,Johnson
25705,Taylor,Johnson
25706,Casey,Brown
25707,Taylor,Williams
25708,Jordan,Smith
25709,Jordan,Williams
25710,Alex,Jones
25711,Jordan,Brown
25712,Taylor,Williams
25713,Alex,Johnson
25714,Alex,Brown
25715,Taylor,Brown
25716,Casey,Jones
25717,Alex,Brown
25718,Alex,Johnson
25719,Taylor,Williams
25720,Alex,Smith
25721,Morgan,Smith
25722,Taylor,Williams
25723,Taylor,Brown
25724,Morgan,Jones
25725,Jordan,Brown
25726,Jordan,Smith
25727,Casey,Johnson
25728,Taylor,Jones
25729,Jordan,Smith
25730,Casey,Smith
25731,Alex,Jones
25732,Taylor,Williams
25733,Alex,Johnson
25734,Morgan,Smith
25735,Morgan,Brown
25736,Casey,Johnson
25737,Jordan,Brown
25738,Alex,Brown
25739,Alex,Smith
25740,Jordan,Jones
25741,Casey,Smith
25742,Casey,Williams
25743,Alex,Smith
25744,Morgan,Williams
25745,Jordan,Brown
25746,Alex,Smith
25747,Morgan,Brown
25748,Taylor,Williams
25749,Casey,Johnson
25750,Alex,Williams
25751,Taylor,Smith
25752,Casey,Jones
25753,Alex,Smith
25754,Casey,Jones
25755,Casey,Jones
25756,Casey,Smith
25757,Taylor,Williams
25758,Casey,Jones
25759,Alex,Williams
25760,Taylor,Johnson
25761,Alex,Jones
25762,Jordan,Jones
25763,Jordan,Smith
25764,Taylor,Jones
25765,Jordan,Williams
25766,Alex,Williams
25767,Jordan,Williams
25768,Alex,Williams
25769,Jordan,Jones
25770,Casey,Williams
25771,Taylor,Williams
25772,Casey,Johnson
25773,Taylor,Jones
25774,Jordan,Brown
25775,Casey,Williams
25776,Casey,Jones
25777,Alex,Johnson
25778,Morgan,Johnson
25779,Morgan,Jones
25780,Alex,Brown
25781,Morgan,Jones
25782,Jordan,Johnson
25783,Alex,Jones
25784,Alex,Johnson
25785,Morgan,Brown
25786,Jordan,Williams
25787,Alex,Johnson
25788,Casey,Williams
25789,Casey,Brown
25790,Casey,Brown
25791,Morgan,Williams
25792,Morgan,Brown
25793,Casey,Brown
25794,Casey,Jones
25795,Morgan,Smith
25796,Alex,Williams
25797,Taylor,Brown
25798,Morgan,Johnson
25799,Taylor,Brown
25800,Morgan,Williams
25801,Casey,Jones
25802,Morgan,Brown
25803,Taylor,Brown
25804,Jordan,Brown
25805,Alex,Brown
25806,Taylor,Smith
25807,Alex,Williams
25808,Jordan,Johnson
25809,Alex,Brown
25810,Taylor,Smith
25811,Morgan,Jones
25812,Alex,Johnson
25813,Taylor,Brown
25814,Morgan,Smith
25815,Alex,Brown
25816,Jordan,Smith
25817,Alex,Johnson
25818,Casey,Williams
25819,Jordan,Jones
25820,Casey,Williams
25821,Taylor,Brown
25822,Casey,Johnson
25823,Casey,Smith
25824,Jordan,Jones
25825,Alex,Jones
25826,Casey,Johnson
25827,Taylor,Williams
25828,Morgan,Jones
25829,Morgan,Brown
25830,Taylor,Johnson
25831,Jordan,Jones
25832,Alex,Jones
25833,Alex,Williams
25834,Jordan,Smith
25835,Taylor,Johnson
25836,Taylor,Williams
25837,Jordan,Williams
25838,Taylor,Jones
25839,Taylor,Brown
25840,Casey,Williams
25841,Taylor,Smith
25842,Alex,Brown
25843,Jordan,Johnson
25844,Jordan,Smith
25845,Alex,Smith
25846,Morgan,Williams
25847,Morgan,Brown
25848,Casey,Williams
25849,Taylor,Smith
25850,Taylor,Smith
25851,Casey,Brown
25852,Taylor,Williams
25853,Morgan,Williams
25854,Jordan,Williams
25855,Jordan,Williams
25856,Morgan,Johnson
25857,Taylor,Jones
25858,Morgan,Johnson
25859,Jordan,Johnson
25860,Jordan,Brown
25861,Jordan,Jones
25862,Taylor,Smith
25863,Jordan,Smith
25864,Morgan,Johnson
25865,Alex,Brown
25866,Jordan,Johnson
25867,Alex,Smith
25868,Casey,Brown
25869,Morgan,Smith
25870,Jordan,Brown
25871,Jordan,Williams
25872,Morgan,Johnson
25873,Alex,Williams
25874,Casey,Brown
25875,Alex,Brown
25876,Taylor,Brown
25877,Jordan,Williams
25878,Morgan,Jones
25879,Casey,Williams
25880,Jordan,Johnson
25881,Alex,Brown
25882,Taylor,Williams
25883,Taylor,Brown
25884,Jordan,Jones
25885,Alex,Jones
25886,Jordan,Johnson
25887,Taylor,Smith
25888,Alex,Brown
25889,Casey,Brown
25890,Casey,Williams
25891,Alex,Smith
25892,Jordan,Smith
25893,Jordan,Williams
25894,Alex,Williams
25895,Morgan,Jones
25896,Morgan,Johnson
25897,Casey,Brown
25898,Casey,Jones
25899,Taylor,Brown
25900,Morgan,Jones
25901,Morgan,Johnson
25902,Morgan,Smith
25903,Casey,Jones
25904,Casey,Brown
25905,Taylor,Johnson
25906,Taylor,Brown
25907,Alex,Johnson
25908,Alex,Johnson
25909,Morgan,Brown
25910,Alex,Smith
25911,Casey,Brown
25912,Taylor,Jones
25913,Morgan,Jones
25914,Morgan,Jones
25915,Morgan,Smith
25916,Taylor,Williams
25917,Alex,Johnson
25918,Morgan,Smith
25919,Casey,Smith
25920,Casey,Smith
25921,Casey,Williams
25922,Morgan,Johnson
25923,Alex,Smith
25924,Taylor,Williams
25925,Alex,Williams
25926,Casey,Brown
25927,Taylor,Jones
25928,Taylor,Williams
25929,Taylor,Jones
25930,Morgan,Brown
25931,Alex,Brown
25932,Alex,Smith
25933,Jordan,Johnson
25934,Taylor,Johnson
25935,Jordan,Johnson
25936,Taylor,Williams
25937,Jordan,Jones
25938,Morgan,Williams
25939,Jordan,Smith
25940,Taylor,Williams
25941,Casey,Smith
25942,Taylor,Johnson
25943,Taylor,Brown
25944,Morgan,Williams
25945,Casey,Williams
25946,Jordan,Brown
25947,Morgan,Brown
25948,Taylor,Jones
25949,Casey,Johnson
25950,Morgan,Johnson
25951,Alex,Williams
25952,Jordan,Jones
25953,Casey,Williams
25954,Taylor,Johnson
25955,Jordan,Jones
25956,Casey,Jones
25957,Alex,Smith
25958,Jordan,Brown
25959,Morgan,Jones
25960,Jordan,Williams
25961,Jordan,Jones
25962,Taylor,Brown
25963,Morgan,Jones
25964,Casey,Brown
25965,Alex,Johnson
25966,Jordan,Jones
25967,Morgan,Jones
25968,Casey,Brown
25969,Morgan,Johnson
25970,Morgan,Williams
25971,Morgan,Jones
25972,Jordan,Smith
25973,Jordan,Smith
25974,Morgan,Williams
25975,Casey,Williams
25976,Taylor,Brown
25977,Jordan,Brown
25978,Taylor,Smith
25979,Jordan,Smith
25980,Taylor,Jones
25981,Casey,Brown
25982,Morgan,Jones
25983,Alex,Williams
25984,Alex,Jones
25985,Taylor,Brown
25986,Morgan,Williams
25987,Morgan,Jones
25988,Jordan,Jones
25989,Alex,Jones
25990,Taylor,Johnson
25991,Alex,Smith
25992,Taylor,Johnson
25993,Taylor,Jones
25994,Jordan,Jones
25995,Taylor,Williams
25996,Jordan,Johnson
25997,Morgan,Johnson
25998,Jordan,Smith
25999,Jordan,Williams
26000,Jordan,Johnson
26001,Jordan,Jones
26002,Casey,Williams
26003,Taylor,Williams
26004,Taylor,Williams
26005,Casey,Jones
26006,Morgan,Brown
26007,Jordan,Johnson
26008,Casey,Williams
26009,Taylor,Williams
26010,Taylor,Williams
26011,Jordan,Smith
26012,Morgan,Johnson
26013,Alex,Brown
26014,Morgan,Smith
26015,Alex,Williams
26016,Taylor,Jones
26017,Casey,Jones
26018,Alex,Jones
26019,Alex,Jones
26020,Taylor,Williams
26021,Taylor,Smith
26022,Casey,Jones
26023,Taylor,Williams
26024,Alex,Jones
26025,Jordan,Johnson
26026,Alex,Williams
26027,Jordan,Williams
26028,Alex,Williams
26029,Casey,Johnson
26030,Casey,Smith
26031,Jordan,Jones
26032,Alex,Smith
26033,Jordan,Johnson
26034,Jordan,Johnson
26035,Taylor,Smith
26036,Casey,Johnson
26037,Taylor,Jones
26038,Alex,Smith
26039,Morgan,Smith
26040,Casey,Smith
26041,Taylor,Jones
26042,Morgan,Brown
26043,Jordan,Brown
26044,Casey,Brown
26045,Taylor,Johnson
26046,Alex,Johnson
26047,Casey,Brown
26048,Morgan,Williams
26049,Alex,Johnson
26050,Morgan,Johnson
26051,Alex,Johnson
26052,Casey,Brown
26053,Taylor,Brown
26054,Taylor,Williams
26055,Jordan,Williams
26056,Taylor,Williams
26057,Alex,Smith
26058,Taylor,Smith
26059,Alex,Johnson
26060,Alex,Williams
26061,Morgan,Johnson
26062,Jordan,Smith
26063,Morgan,Jones
26064,Jordan,Johnson
26065,Taylor,Smith
26066,Jordan,Johnson
26067,Morgan,Williams
26068,Taylor,Jones
26069,Morgan,Brown
26070,Jordan,Brown
26071,Morgan,Jones
26072,Morgan,Johnson
26073,Taylor,Williams
26074,Taylor,Smith
26075,Alex,Johnson
26076,Morgan,Smith
26077,Alex,Brown
26078,Morgan,Williams
26079,Alex,Williams
26080,Morgan,Williams
26081,Jordan,Brown
26082,Jordan,Brown
26083,Jordan,Jones
26084,Morgan,Jones
26085,Taylor,Johnson
26086,Jordan,Johnson
26087,Alex,Johnson
26088,Casey,Jones
26089,Jordan,Williams
26090,Alex,Williams
26091,Taylor,Jones
26092,Alex,Williams
26093,Taylor,Smith
26094,Morgan,Johnson
26095,Jordan,Williams
26096,Casey,Jones
26097,Morgan,Smith
26098,Taylor,Smith
26099,Casey,Brown
26100,Jordan,Johnson
26101,Morgan,Smith
26102,Morgan,Brown
26103,Taylor,Smith
26104,Casey,Williams
26105,Taylor,Smith
26106,Jordan,Smith
26107,Alex,Smith
26108,Morgan,Jones
26109,Casey,Williams
26110,Alex,Williams
26111,Jordan,Brown
26112,Alex,Brown
26113,Casey,Jones
26114,Casey,Williams
26115,Alex,Johnson
26116,Alex,Brown
26117,Casey,Smith
26118,Morgan,Johnson
26119,Jordan,Smith
26120,Alex,Johnson
26121,Jordan,Brown
26122,Casey,Smith
26123,Morgan,Williams
26124,Jordan,Johnson
26125,Jordan,Johnson
26126,Alex,Williams
26127,Morgan,Smith
26128,Jordan,Williams
26129,Casey,Jones
26130,Alex,Brown
26131,Casey,Johnson
26132,Morgan,Jones
26133,Taylor,Jones
26134,Jordan,Smith
26135,Morgan,Brown
26136,Jordan,Williams
26137,Morgan,Williams
26138,Casey,Smith
26139,Morgan,Brown
26140,Alex,Williams
26141,Casey,Brown
26142,Taylor,Johnson
26143,Morgan,Brown
26144,Morgan,Brown
26145,Jordan,Brown
26146,Jordan,Jones
26147,Taylor,Jones
26148,Casey,Johnson
26149,Taylor,Williams
26150,Jordan,Williams
26151,Alex,Williams
26152,Alex,Smith
26153,Jordan,Brown
26154,Casey,Brown
26155,Morgan,Williams
26156,Jordan,Johnson
26157,Jordan,Brown
26158,Casey,Smith
26159,Casey,Johnson
26160,Jordan,Jones
26161,Taylor,Jones
26162,Morgan,Brown
26163,Casey,Johnson
26164,Alex,Williams
26165,Casey,Brown
26166,Jordan,Williams
26167,Casey,Jones
26168,Jordan,Jones
26169,Alex,Johnson
26170,Alex,Brown
26171,Casey,Smith
26172,Taylor,Johnson
26173,Jordan,Johnson
26174,Alex,Johnson
26175,Morgan,Johnson
26176,Morgan,Smith
26177,Morgan,Jones
26178,Morgan,Johnson
26179,Taylor,Smith
26180,Morgan,Smith
26181,Taylor,Smith
26182,Jordan,Jones
26183,Casey,Johnson
26184,Taylor,Smith
26185,Casey,Brown
26186,Taylor,Johnson
26187,Morgan,Johnson
26188,Taylor,Williams
26189,Casey,Brown
26190,Jordan,Williams
26191,Casey,Smith
26192,Jordan,Johnson
26193,Casey,Smith
26194,Taylor,Jones
26195,Casey,Williams
26196,Jordan,Brown
26197,Alex,Brown
26198,Taylor,Johnson
26199,Morgan,Smith
26200,Casey,Williams
26201,Alex,Johnson
26202,Casey,Brown
26203,Morgan,Jones
26204,Taylor,Jones
26205,Alex,Williams
26206,Casey,Brown
26207,Morgan,Williams
26208,Morgan,Jones
26209,Taylor,Williams
26210,Taylor,Johnson
26211,Alex,Jones
26212,Alex,Smith
26213,Alex,Brown
26214,Alex,Williams
26215,Taylor,Johnson
26216,Jordan,Jones
26217,Morgan,Williams
26218,Alex,Smith
26219,Casey,Smith
26220,Casey,Brown
26221,Jordan,Williams
26222,Morgan,Jones
26223,Taylor,Jones
26224,Casey,Smith
26225,Alex,Jones
26226,Jordan,Jones
26227,Morgan,Johnson
26228,Alex,Smith
26229,Morgan,Smith
26230,Taylor,Brown
26231,Taylor,Jones
26232,Casey,Brown
26233,Taylor,Johnson
26234,Casey,Johnson
26235,Taylor,Brown
26236,Jordan,Williams
26237,Taylor,Brown
26238,Casey,Jones
26239,Jordan,Smith
26240,Alex,Brown
26241,Jordan,Jones
26242,Jordan,Johnson
26243,Morgan,Jones
26244,Casey,Johnson
26245,Casey,Brown
26246,Casey,Williams
26247,Morgan,Johnson
26248,Morgan,Brown
26249,Taylor,Williams
26250,Casey,Johnson
26251,Alex,Williams
26252,Alex,Williams
26253,Taylor,Smith
26254,Alex,Williams
26255,Jordan,Johnson
26256,Morgan,Smith
26257,Jordan,Johnson
26258,Morgan,Jones
26259,Taylor,Smith
26260,Jordan,Johnson
26261,Casey,Johnson
26262,Alex,Brown
26263,Alex,Jones
26264,Taylor,Brown
26265,Alex,Jones
26266,Alex,Smith
26267,Morgan,Smith
26268,Jordan,Jones
26269,Taylor,Jones
26270,Alex,Jones
26271,Morgan,Brown
26272,Casey,Brown
26273,Alex,Johnson
26274,Morgan,Johnson
26275,Casey,Jones
26276,Casey,Johnson
26277,Jordan,Jones
26278,Jordan,Jones
26279,Casey,Williams
26280,Morgan,Brown
26281,Taylor,Johnson
26282,Casey,Jones
26283,Casey,Johnson
26284,Taylor,Brown
26285,Casey,Johnson
26286,Casey,Johnson
26287,Taylor,Williams
26288,Alex,Smith
26289,Morgan,Johnson
26290,Casey,Smith
26291,Casey,Brown
26292,Jordan,Jones
26293,Morgan,Johnson
26294,Taylor,Jones
26295,Taylor,Brown
26296,Taylor,Johnson
26297,Jordan,Brown
26298,Morgan,Johnson
26299,Taylor,Jones
26300,Casey,Brown
26301,Taylor,Williams
26302,Casey,Brown
26303,Taylor,Jones
26304,Casey,Smith
26305,Jordan,Brown
26306,Taylor,Smith
26307,Taylor,Smith
26308,Jordan,Brown
26309,Morgan,Brown
26310,Jordan,Smith
26311,Morgan,Johnson
26312,Jordan,Brown
26313,Alex,Jones
26314,Morgan,Smith
26315,Jordan,Williams
26316,Alex,Johnson
26317,Morgan,Smith
26318,Taylor,Williams
26319,Taylor,Williams
26320,Taylor,Williams
26321,Jordan,Brown
26322,Casey,Jones
26323,Casey,Brown
26324,Alex,Brown
26325,Alex,Williams
26326,Morgan,Jones
26327,Casey,Williams
26328,Jordan,Smith
26329,Jordan,Smith
26330,Morgan,Brown
26331,Casey,Brown
26332,Morgan,Smith
26333,Taylor,Johnson
26334,Taylor,Williams
26335,Jordan,Williams
26336,Alex,Jones
26337,Casey,Williams
26338,Alex,Williams
26339,Casey,Smith
26340,Taylor,Brown
26341,Casey,Johnson
26342,Taylor,Smith
26343,Jordan,Jones
26344,Taylor,Jones
26345,Casey,Jones
26346,Jordan,Williams
26347,Morgan,Jones
26348,Taylor,Brown
26349,Alex,Smith
26350,Casey,Smith
26351,Alex,Williams
26352,Casey,Brown
26353,Alex,Brown
26354,Jordan,Jones
26355,Alex,Johnson
26356,Morgan,Jones
26357,Jordan,Brown
26358,Taylor,Smith
26359,Morgan,Smith
26360,Morgan,Jones
26361,Casey,Brown
26362,Taylor,Williams
26363,Alex,Williams
26364,Jordan,Smith
26365,Jordan,Brown
26366,Morgan,Brown
26367,Taylor,Brown
26368,Alex,Williams
26369,Morgan,Johnson
26370,Jordan,Smith
26371,Morgan,Smith
26372,Casey,Smith
26373,Morgan,Brown
26374,Morgan,Williams
26375,Morgan,Jones
26376,Taylor,Johnson
26377,Jordan,Smith
26378,Morgan,Smith
26379,Taylor,Williams
26380,Jordan,Jones
26381,Alex,Smith
26382,Jordan,Williams
26383,Alex,Williams
26384,Casey,Smith
26385,Alex,Smith
26386,Morgan,Brown
26387,Alex,Brown
26388,Taylor,Williams
26389,Alex,Smith
26390,Jordan,Williams
26391,Morgan,Smith
26392,Casey,Smith
26393,Alex,Williams
26394,Casey,Jones
26395,Taylor,Brown
26396,Morgan,Williams
26397,Casey,Smith
26398,Jordan,Smith
26399,Jordan,Jones
26400,Casey,Smith
26401,Alex,Williams
26402,Alex,Williams
26403,Casey,Brown
26404,Alex,Johnson
26405,Casey,Smith
26406,Jordan,Johnson
26407,Morgan,Jones
26408,Taylor,Brown
26409,Taylor,Jones
26410,Casey,Johnson
26411,Morgan,Johnson
26412,Morgan,Smith
26413,Taylor,Smith
26414,Morgan,Johnson
26415,Alex,Jones
26416,Taylor,Johnson
26417,Morgan,Jones
26418,Taylor,Williams
26419,Alex,Williams
26420,Alex,Williams
26421,Taylor,Johnson
26422,Taylor,Johnson
26423,Alex,Jones
26424,Alex,Brown
26425,Alex,Johnson
26426,Casey,Williams
26427,Casey,Johnson
26428,Alex,Smith
26429,Taylor,Jones
26430,Morgan,Smith
26431,Alex,Williams
26432,Jordan,Johnson
26433,Morgan,Jones
26434,Morgan,Smith
26435,Taylor,Jones
26436,Taylor,Williams
26437,Alex,Brown
26438,Taylor,Smith
26439,Casey,Johnson
26440,Taylor,Smith
26441,Alex,Williams
26442,Alex,Williams
26443,Taylor,Brown
26444,Taylor,Johnson
26445,Alex,Johnson
26446,Taylor,Johnson
26447,Alex,Williams
26448,Taylor,Johnson
26449,Casey,Williams
26450,Morgan,Brown
26451,Alex,Brown
26452,Alex,Jones
26453,Casey,Johnson
26454,Alex,Jones
26455,Jordan,Jones
26456,Jordan,Brown
26457,Taylor,Williams
26458,Casey,Jones
26459,Casey,Smith
26460,Alex,Johnson
26461,Casey,Brown
26462,Taylor,Jones
26463,Alex,Jones
26464,Casey,Brown
26465,Alex,Smith
26466,Morgan,Smith
26467,Morgan,Williams
26468,Casey,Johnson
26469,Jordan,Brown
26470,Jordan,Jones
26471,Jordan,Brown
26472,Jordan,Smith
26473,Morgan,Johnson
26474,Casey,Brown
26475,Morgan,Brown
26476,Alex,Jones
26477,Casey,Williams
26478,Casey,Williams
26479,Jordan,Smith
26480,Casey,Johnson
26481,Alex,Smith
26482,Morgan,Jones
26483,Morgan,Williams
26484,Jordan,Jones
26485,Alex,Brown
26486,Morgan,Johnson
26487,Taylor,Jones
26488,Taylor,Williams
26489,Taylor,Smith
26490,Alex,Jones
26491,Morgan,Jones
26492,Jordan,Jones
26493,Morgan,Williams
26494,Jordan,Johnson
26495,Jordan,Smith
26496,Taylor,Brown
26497,Jordan,Smith
26498,Casey,Williams
26499,Jordan,Brown
26500,Alex,Williams
26501,Taylor,Smith
26502,Casey,Jones
26503,Taylor,Smith
26504,Casey,Brown
26505,Casey,Johnson
26506,Taylor,Brown
26507,Casey,Smith
26508,Casey,Johnson
26509,Morgan,Brown
26510,Casey,Williams
26511,Casey,Johnson
26512,Morgan,Williams
26513,Taylor,Johnson
26514,Taylor,Brown
26515,Casey,Williams
26516,Alex,Jones
26517,Jordan,Smith
26518,Morgan,Johnson
26519,Casey,Williams
26520,Taylor,Williams
26521,Morgan,Smith
26522,Casey,Smith
26523,Taylor,Brown
26524,Alex,Johnson
26525,Alex,Williams
26526,Alex,Smith
26527,Casey,Smith
26528,Jordan,Smith
26529,Casey,Brown
26530,Taylor,Brown
26531,Casey,Brown
26532,Alex,Jones
26533,Casey,Smith
26534,Taylor,Brown
26535,Taylor,Jones
26536,Jordan,Williams
26537,Casey,Brown
26538,Alex,Williams
26539,Alex,Jones
26540,Casey,Williams
26541,Jordan,Brown
26542,Morgan,Williams
26543,Taylor,Jones
26544,Morgan,Jones
26545,Casey,Johnson
26546,Taylor,Williams
26547,Taylor,Brown
26548,Morgan,Smith
26549,Casey,Smith
26550,Morgan,Brown
26551,Casey,Brown
26552,Taylor,Jones
26553,Alex,Johnson
26554,Jordan,Brown
26555,Morgan,Jones
26556,Casey,Brown
26557,Taylor,Johnson
26558,Casey,Smith
26559,Morgan,Jones
26560,Jordan,Jones
26561,Casey,Brown
26562,Jordan,Brown
26563,Taylor,Smith
26564,Jordan,Jones
26565,Taylor,Williams
26566,Morgan,Smith
26567,Jordan,Johnson
26568,Casey,Jones
26569,Jordan,Johnson
26570,Jordan,Brown
26571,Jordan,Williams
26572,Casey,Brown
26573,Taylor,Williams
26574,Alex,Smith
26575,Alex,Jones
26576,Casey,Jones
26577,Jordan,Brown
26578,Jordan,Brown
26579,Alex,Williams
26580,Alex,Brown
26581,Jordan,Smith
26582,Casey,Jones
26583,Casey,Johnson
26584,Jordan,Brown
26585,Alex,Williams
26586,Alex,Johnson
26587,Taylor,Jones
26588,Alex,Johnson
26589,Alex,Brown
26590,Alex,Smith
26591,Jordan,Brown
26592,Taylor,Jones
26593,Jordan,Williams
26594,Casey,Smith
26595,Jordan,Johnson
26596,Jordan,Williams
26597,Alex,Jones
26598,Morgan,Brown
26599,Casey,Brown
26600,Morgan,Williams
26601,Alex,Johnson
26602,Alex,Brown
26603,Morgan,Williams
26604,Casey,Jones
26605,Morgan,Smith
26606,Taylor,Smith
26607,Casey,Williams
26608,Morgan,Smith
26609,Taylor,Williams
26610,Taylor,Smith
26611,Taylor,Jones
26612,Jordan,Jones
26613,Casey,Johnson
26614,Casey,Smith
26615,Casey,Jones
26616,Morgan,Brown
26617,Casey,Johnson
26618,Jordan,Brown
26619,Casey,Johnson
26620,Taylor,Williams
26621,Jordan,Johnson
26622,Casey,Williams
26623,Morgan,Johnson
26624,Casey,Williams
26625,Casey,Jones
26626,Jordan,Williams
26627,Morgan,Williams
26628,Casey,Johnson
26629,Taylor,Johnson
26630,Jordan,Smith
26631,Taylor,Smith
26632,Casey,Johnson
26633,Jordan,Brown
26634,Casey,Smith
26635,Jordan,Brown
26636,Alex,Williams
26637,Alex,Smith
26638,Casey,Smith
26639,Jordan,Jones
26640,Alex,Brown
26641,Casey,Johnson
26642,Taylor,Johnson
26643,Casey,Brown
26644,Jordan,Johnson
26645,Alex,Johnson
26646,Morgan,Smith
26647,Alex,Brown
26648,Alex,Williams
26649,Taylor,Smith
26650,Morgan,Williams
26651,Morgan,Brown
26652,Casey,Smith
26653,Casey,Brown
26654,Alex,Johnson
26655,Casey,Johnson
26656,Jordan,Brown
26657,Alex,Williams
26658,Jordan,Smith
26659,Jordan,Williams
26660,Casey,Jones
26661,Alex,Williams
26662,Morgan,Williams
26663,Jordan,Brown
26664,Taylor,Smith
26665,Casey,Brown
26666,Morgan,Brown
26667,Morgan,Jones
26668,Taylor,Williams
26669,Casey,Johnson
26670,Taylor,Johnson
26671,Casey,Johnson
26672,Morgan,Jones
26673,Morgan,Jones
26674,Jordan,Jones
26675,Alex,Johnson
26676,Alex,Smith
26677,Morgan,Smith
26678,Morgan,Jones
26679,Morgan,Williams
26680,Jordan,Johnson
26681,Morgan,Brown
26682,Casey,Smith
26683,Morgan,Smith
26684,Alex,Smith
26685,Taylor,Johnson
26686,Casey,Johnson
26687,Alex,Jones
26688,Taylor,Brown
26689,Alex,Smith
26690,Taylor,Brown
26691,Taylor,Brown
26692,Alex,Smith
26693,Alex,Jones
26694,Jordan,Johnson
26695,Alex,Smith
26696,Jordan,Johnson
26697,Taylor,Jones
26698,Morgan,Johnson
26699,Taylor,Williams
26700,Morgan,Smith
26701,Taylor,Williams
26702,Jordan,Smith
26703,Morgan,Jones
26704,Morgan,Johnson
26705,Taylor,Jones
26706,Casey,Jones
26707,Taylor,Johnson
26708,Taylor,Williams
26709,Jordan,Johnson
26710,Taylor,Smith
26711,Taylor,Johnson
26712,Jordan,Johnson
26713,Casey,Brown
26714,Morgan,Jones
26715,Casey,Brown
26716,Morgan,Williams
26717,Jordan,Johnson
26718,Alex,Jones
26719,Taylor,Brown
26720,Casey,Williams
26721,Morgan,Brown
26722,Casey,Jones
26723,Taylor,Jones
26724,Morgan,Brown
26725,Alex,Jones
26726,Jordan,Jones
26727,Jordan,Williams
26728,Alex,Johnson
26729,Alex,Johnson
26730,Jordan,Brown
26731,Jordan,Smith
26732,Morgan,Brown
26733,Morgan,Brown
26734,Alex,Brown
26735,Morgan,Williams
26736,Jordan,Jones
26737,Alex,Johnson
26738,Morgan,Smith
26739,Morgan,Williams
26740,Alex,Brown
26741,Taylor,Brown
26742,Taylor,Jones
26743,Casey,Smith
26744,Morgan,Brown
26745,Taylor,Williams
26746,Casey,Williams
26747,Jordan,Johnson
26748,Casey,Smith
26749,Morgan,Williams
26750,Casey,Brown
26751,Jordan,Brown
26752,Alex,Williams
26753,Taylor,Johnson
26754,Jordan,Johnson
26755,Morgan,Jones
26756,Morgan,Williams
26757,Alex,Jones
26758,Alex,Brown
26759,Casey,Brown
26760,Jordan,Johnson
26761,Taylor,Smith
26762,Taylor,Jones
26763,Morgan,Brown
26764,Morgan,Smith
26765,Morgan,Brown
26766,Morgan,Williams
26767,Casey,Brown
26768,Casey,Brown
26769,Taylor,Williams
26770,Taylor,Williams
26771,Jordan,Johnson
26772,Morgan,Brown
26773,Casey,Jones
26774,Taylor,Jones
26775,Jordan,Smith
26776,Morgan,Jones
26777,Morgan,Williams
26778,Alex,Williams
26779,Alex,Johnson
26780,Taylor,Smith
26781,Taylor,Jones
26782,Taylor,Smith
26783,Jordan,Brown
26784,Taylor,Jones
26785,Morgan,Jones
26786,Casey,Brown
26787,Casey,Jones
26788,Taylor,Johnson
26789,Jordan,Brown
26790,Alex,Jones
26791,Alex,Brown
26792,Jordan,Jones
26793,Jordan,Williams
26794,Taylor,Johnson
26795,Alex,Johnson
26796,Taylor,Smith
26797,Casey,Brown
26798,Jordan,Williams
26799,Morgan,Johnson
26800,Jordan,Williams
26801,Casey,Williams
26802,Morgan,Williams
26803,Alex,Jones
26804,Jordan,Johnson
26805,Casey,Williams
26806,Alex,Jones
26807,Morgan,Jones
26808,Jordan,Jones
26809,Morgan,Brown
26810,Taylor,Jones
26811,Alex,Brown
26812,Alex,Smith
26813,Morgan,Brown
26814,Casey,Williams
26815,Morgan,Brown
26816,Morgan,Smith
26817,Taylor,Johnson
26818,Jordan,Williams
26819,Taylor,Smith
26820,Taylor,Brown
26821,Jordan,Johnson
26822,Morgan,Jones
26823,Taylor,Johnson
26824,Casey,Williams
26825,Alex,Brown
26826,Alex,Williams
26827,Alex,Johnson
26828,Taylor,Johnson
26829,Casey,Brown
26830,Taylor,Brown
26831,Alex,Jones
26832,Casey,Jones
26833,Morgan,Brown
26834,Casey,Johnson
26835,Alex,Smith
26836,Jordan,Williams
26837,Taylor,Brown
26838,Alex,Jones
26839,Morgan,Smith
26840,Alex,Johnson
26841,Casey,Williams
26842,Taylor,Jones
26843,Taylor,Johnson
26844,Casey,Jones
26845,Taylor,Smith
26846,Jordan,Smith
26847,Morgan,Johnson
26848,Alex,Jones
26849,Alex,Brown
26850,Morgan,Smith
26851,Morgan,Williams
26852,Alex,Jones
26853,Casey,Johnson
26854,Alex,Johnson
26855,Taylor,Brown
26856,Morgan,Brown
26857,Casey,Williams
26858,Alex,Williams
26859,Casey,Williams
26860,Jordan,Jones
26861,Taylor,Johnson
26862,Morgan,Smith
26863,Alex,Williams
26864,Jordan,Brown
26865,Morgan,Johnson
26866,Jordan,Brown
26867,Casey,Jones
26868,Morgan,Williams
26869,Alex,Smith
26870,Casey,Johnson
26871,Jordan,Williams
26872,Jordan,Jones
26873,Alex,Smith
26874,Alex,Jones
26875,Morgan,Williams
26876,Alex,Williams
26877,Alex,Smith
26878,Jordan,Brown
26879,Alex,Williams
26880,Alex,Williams
26881,Alex,Jones
26882,Morgan,Smith
26883,Jordan,Smith
26884,Morgan,Smith
26885,Taylor,Jones
26886,Alex,Johnson
26887,Taylor,Smith
26888,Taylor,Smith
26889,Morgan,Johnson
26890,Jordan,Williams
26891,Alex,Johnson
26892,Morgan,Johnson
26893,Casey,Jones
26894,Casey,Williams
26895,Taylor,Williams
26896,Taylor,Brown
26897,Casey,Williams
26898,Morgan,Jones
26899,Morgan,Brown
26900,Casey,Johnson
26901,Casey,Brown
26902,Alex,Johnson
26903,Taylor,Williams
26904,Casey,Williams
26905,Jordan,Brown
26906,Morgan,Johnson
26907,Jordan,Williams
26908,Taylor,Jones
26909,Casey,Jones
26910,Taylor,Williams
26911,Alex,Williams
26912,Morgan,Jones
26913,Casey,Smith
26914,Taylor,Brown
26915,Casey,Brown
26916,Alex,Smith
26917,Jordan,Brown
26918,Taylor,Jones
26919,Alex,Williams
26920,Morgan,Smith
26921,Alex,Brown
26922,Taylor,Johnson
26923,Morgan,Williams
26924,Morgan,Johnson
26925,Casey,Smith
26926,Jordan,Jones
26927,Taylor,Smith
26928,Morgan,Johnson
26929,Alex,Brown
26930,Alex,Johnson
26931,Casey,Williams
26932,Alex,Brown
26933,Casey,Smith
26934,Casey,Brown
26935,Casey,Jones
26936,Jordan,Johnson
26937,Taylor,Smith
26938,Taylor,Smith
26939,Jordan,Smith
26940,Taylor,Smith
26941,Taylor,Johnson
26942,Jordan,Johnson
26943,Taylor,Williams
26944,Alex,Johnson
26945,Morgan,Brown
26946,Jordan,Jones
26947,Taylor,Williams
26948,Taylor,Smith
26949,Jordan,Jones
26950,Casey,Smith
26951,Morgan,Johnson
26952,Casey,Johnson
26953,Alex,Smith
26954,Alex,Jones
26955,Alex,Brown
26956,Jordan,Williams
26957,Taylor,Smith
26958,Jordan,Williams
26959,Casey,Williams
26960,Casey,Jones
26961,Taylor,Jones
26962,Alex,Smith
26963,Alex,Williams
26964,Morgan,Smith
26965,Taylor,Williams
26966,Alex,Williams
26967,Morgan,Smith
26968,Jordan,Brown
26969,Taylor,Jones
26970,Taylor,Brown
26971,Taylor,Jones
26972,Morgan,Jones
26973,Taylor,Jones
26974,Jordan,Brown
26975,Morgan,Jones
26976,Taylor,Brown
26977,Taylor,Smith
26978,Casey,Williams
26979,Alex,Johnson
26980,Casey,Johnson
26981,Alex,Jones
26982,Casey,Williams
26983,Casey,Smith
26984,Jordan,Smith
26985,Alex,Williams
26986,Alex,Williams
26987,Jordan,Johnson
26988,Taylor,Smith
26989,Alex,Williams
26990,Jordan,Jones
26991,Jordan,Smith
26992,Taylor,Brown
26993,Casey,Jones
26994,Jordan,Smith
26995,Morgan,Jones
26996,Morgan,Jones
26997,Jordan,Jones
26998,Alex,Smith
26999,Casey,Smith
27000,Taylor,Smith
27001,Casey,Johnson
27002,Taylor,Williams
27003,Jordan,Smith
27004,Taylor,Jones
27005,Casey,Williams
27006,Taylor,Johnson
27007,Jordan,Smith
27008,Casey,Williams
27009,Morgan,Brown
27010,Alex,Smith
27011,Morgan,Jones
27012,Jordan,Johnson
27013,Taylor,Johnson
27014,Jordan,Brown
27015,Alex,Jones
27016,Alex,Johnson
27017,Jordan,Williams
27018,Morgan,Johnson
27019,Morgan,Jones
27020,Alex,Smith
27021,Morgan,Smith
27022,Jordan,Williams
27023,Casey,Williams
27024,Alex,Johnson
27025,Taylor,Williams
27026,Jordan,Smith
27027,Morgan,Williams
27028,Morgan,Smith
27029,Taylor,Williams
27030,Jordan,Jones
27031,Morgan,Jones
27032,Jordan,Williams
27033,Jordan,Jones
27034,Taylor,Williams
27035,Jordan,Brown
27036,Morgan,Brown
27037,Alex,Jones
27038,Taylor,Williams
27039,Morgan,Jones
27040,Jordan,Williams
27041,Morgan,Smith
27042,Jordan,Johnson
27043,Jordan,Smith
27044,Alex,Johnson
27045,Casey,Brown
27046,Casey,Johnson
27047,Casey,Jones
27048,Jordan,Smith
27049,Morgan,Jones
27050,Jordan,Smith
27051,Taylor,Smith
27052,Morgan,Smith
27053,Jordan,Brown
27054,Morgan,Smith
27055,Jordan,Johnson
27056,Taylor,Smith
27057,Casey,Williams
27058,Casey,Jones
27059,Taylor,Brown
27060,Casey,Jones
27061,Casey,Williams
27062,Jordan,Brown
27063,Taylor,Brown
27064,Casey,Johnson
27065,Jordan,Williams
27066,Morgan,Johnson
27067,Taylor,Williams
27068,Casey,Jones
27069,Casey,Williams
27070,Jordan,Jones
27071,Morgan,Williams
27072,Taylor,Johnson
27073,Casey,Smith
27074,Casey,Smith
27075,Casey,Williams
27076,Jordan,Brown
27077,Jordan,Johnson
27078,Jordan,Brown
27079,Morgan,Brown
27080,Taylor,Jones
27081,Casey,Brown
27082,Morgan,Jones
27083,Morgan,Williams
27084,Taylor,Smith
27085,Jordan,Williams
27086,Taylor,Jones
27087,Alex,Jones
27088,Morgan,Jones
27089,Jordan,Smith
27090,Alex,Williams
27091,Casey,Williams
27092,Jordan,Williams
27093,Casey,Smith
27094,Alex,Smith
27095,Morgan,Brown
27096,Casey,Johnson
27097,Taylor,Johnson
27098,Taylor,Williams
27099,Jordan,Brown
27100,Jordan,Jones
27101,Jordan,Williams
27102,Alex,Smith
27103,Alex,Smith
27104,Taylor,Brown
27105,Morgan,Jones
27106,Morgan,Brown
27107,Casey,Brown
27108,Alex,Jones
27109,Taylor,Johnson
27110,Morgan,Jones
27111,Jordan,Brown
27112,Alex,Brown
27113,Morgan,Johnson
27114,Taylor,Smith
27115,Casey,Johnson
27116,Casey,Johnson
27117,Morgan,Williams
27118,Alex,Jones
27119,Alex,Johnson
27120,Alex,Brown
27121,Taylor,Johnson
27122,Casey,Brown
27123,Casey,Brown
27124,Morgan,Smith
27125,Casey,Brown
27126,Jordan,Brown
27127,Alex,Williams
27128,Jordan,Williams
27129,Morgan,Smith
27130,Morgan,Johnson
27131,Taylor,Williams
27132,Alex,Johnson
27133,Casey,Williams
27134,Jordan,Jones
27135,Morgan,Brown
27136,Casey,Johnson
27137,Morgan,Jones
27138,Morgan,Williams
27139,Morgan,Johnson
27140,Taylor,Smith
27141,Taylor,Smith
27142,Jordan,Johnson
27143,Jordan,Jones
27144,Taylor,Brown
27145,Jordan,Brown
27146,Alex,Jones
27147,Casey,Johnson
27148,Casey,Williams
27149,Casey,Williams
27150,Casey,Williams
27151,Morgan,Williams
27152,Casey,Jones
27153,Casey,Williams
27154,Alex,Brown
27155,Casey,Johnson
27156,Morgan,Smith
27157,Morgan,Smith
27158,Casey,Johnson
27159,Jordan,Johnson
27160,Morgan,Smith
27161,Casey,Williams
27162,Jordan,Brown
27163,Morgan,Johnson
27164,Morgan,Brown
27165,Taylor,Smith
27166,Jordan,Williams
27167,Casey,Brown
27168,Casey,Johnson
27169,Alex,Jones
27170,Morgan,Brown
27171,Alex,Jones
27172,Casey,Smith
27173,Morgan,Brown
27174,Morgan,Williams
27175,Taylor,Williams
27176,Alex,Brown
27177,Morgan,Williams
27178,Morgan,Williams
27179,Morgan,Jones
27180,Taylor,Jones
27181,Taylor,Brown
27182,Morgan,Brown
27183,Jordan,Brown
27184,Casey,Brown
27185,Taylor,Jones
27186,Alex,Johnson
27187,Morgan,Brown
27188,Taylor,Smith
27189,Jordan,Smith
27190,Morgan,Johnson
27191,Morgan,Johnson
27192,Morgan,Smith
27193,Morgan,Johnson
27194,Casey,Williams
27195,Jordan,Smith
27196,Casey,Johnson
27197,Jordan,Brown
27198,Casey,Brown
27199,Casey,Jones
27200,Jordan,Johnson
27201,Taylor,Jones
27202,Alex,Williams
27203,Jordan,Brown
27204,Casey,Williams
27205,Alex,Brown
27206,Casey,Jones
27207,Taylor,Williams
27208,Casey,Smith
27209,Morgan,Johnson
27210,Taylor,Williams
27211,Morgan,Brown
27212,Alex,Johnson
27213,Casey,Johnson
27214,Alex,Williams
27215,Morgan,Johnson
27216,Alex,Williams
27217,Jordan,Smith
27218,Casey,Smith
27219,Jordan,Williams
27220,Jordan,Brown
27221,Morgan,Johnson
27222,Morgan,Smith
27223,Jordan,Smith
27224,Jordan,Johnson
27225,Morgan,Johnson
27226,Morgan,Williams
27227,Jordan,Johnson
27228,Jordan,Jones
27229,Alex,Jones
27230,Alex,Johnson
27231,Jordan,Johnson
27232,Alex,Smith
27233,Taylor,Williams
27234,Jordan,Jones
27235,Casey,Williams
27236,Morgan,Williams
27237,Taylor,Jones
27238,Jordan,Brown
27239,Taylor,Williams
27240,Taylor,Williams
27241,Casey,Brown
27242,Morgan,Smith
27243,Jordan,Williams
27244,Jordan,Smith
27245,Morgan,Smith
27246,Taylor,Williams
27247,Jordan,Jones
27248,Alex,Johnson
27249,Taylor,Brown
27250,Taylor,Jones
27251,Morgan,Williams
27252,Taylor,Williams
27253,Alex,Brown
27254,Alex,Williams
27255,Jordan,Williams
27256,Alex,Smith
27257,Jordan,Williams
27258,Jordan,Johnson
27259,Jordan,Johnson
27260,Morgan,Brown
27261,Taylor,Johnson
27262,Morgan,Johnson
27263,Alex,Jones
27264,Jordan,Brown
27265,Casey,Williams
27266,Morgan,Williams
27267,Jordan,Williams
27268,Casey,Johnson
27269,Casey,Williams
27270,Alex,Smith
27271,Casey,Brown
27272,Jordan,Williams
27273,Alex,Williams
27274,Casey,Jones
27275,Alex,Jones
27276,Morgan,Williams
27277,Morgan,Jones
27278,Jordan,Johnson
27279,Morgan,Williams
27280,Casey,Williams
27281,Jordan,Johnson
27282,Casey,Jones
27283,Casey,Williams
27284,Taylor,Jones
27285,Morgan,Williams
27286,Morgan,Johnson
27287,Alex,Smith
27288,Morgan,Williams
27289,Morgan,Johnson
27290,Taylor,Brown
27291,Taylor,Smith
27292,Jordan,Johnson
27293,Jordan,Johnson
27294,Jordan,Williams
27295,Alex,Johnson
27296,Casey,Johnson
27297,Morgan,Williams
27298,Taylor,Jones
27299,Morgan,Johnson
27300,Alex,Smith
27301,Taylor,Jones
27302,Taylor,Johnson
27303,Alex,Williams
27304,Casey,Williams
27305,Jordan,Jones
27306,Jordan,Brown
27307,Jordan,Johnson
27308,Alex,Brown
27309,Jordan,Brown
27310,Taylor,Jones
27311,Morgan,Johnson
27312,Taylor,Brown
27313,Alex,Williams
27314,Jordan,Williams
27315,Casey,Smith
27316,Alex,Johnson
27317,Casey,Jones
27318,Taylor,Johnson
27319,Jordan,Smith
27320,Casey,Jones
27321,Alex,Smith
27322,Alex,Brown
27323,Taylor,Johnson
27324,Taylor,Jones
27325,Morgan,Jones
27326,Taylor,Brown
27327,Taylor,Brown
27328,Morgan,Jones
27329,Alex,Smith
27330,Morgan,Smith
27331,Alex,Brown
27332,Alex,Smith
27333,Jordan,Jones
27334,Taylor,Jones
27335,Morgan,Brown
27336,Morgan,Smith
27337,Alex,Smith
27338,Taylor,Williams
27339,Morgan,Jones
27340,Morgan,Johnson
27341,Taylor,Jones
27342,Taylor,Johnson
27343,Casey,Williams
27344,Taylor,Jones
27345,Casey,Johnson
27346,Taylor,Smith
27347,Morgan,Brown
27348,Morgan,Williams
27349,Morgan,Smith
27350,Jordan,Smith
27351,Alex,Jones
27352,Casey,Brown
27353,Taylor,Johnson
27354,Taylor,Jones
27355,Taylor,Brown
27356,Taylor,Jones
27357,Jordan,Smith
27358,Jordan,Brown
27359,Jordan,Jones
27360,Jordan,Smith
27361,Morgan,Brown
27362,Jordan,Smith
27363,Jordan,Johnson
27364,Casey,Jones
27365,Taylor,Johnson
27366,Jordan,Williams
27367,Morgan,Smith
27368,Jordan,Brown
27369,Morgan,Williams
27370,Morgan,Johnson
27371,Morgan,Williams
27372,Alex,Jones
27373,Jordan,Williams
27374,Taylor,Johnson
27375,Taylor,Williams
27376,Morgan,Smith
27377,Alex,Smith
27378,Casey,Johnson
27379,Jordan,Jones
27380,Alex,Jones
27381,Jordan,Brown
27382,Alex,Williams
27383,Casey,Smith
27384,Morgan,Williams
27385,Morgan,Williams
27386,Taylor,Williams
27387,Casey,Brown
27388,Jordan,Johnson
27389,Casey,Johnson
27390,Alex,Jones
27391,Alex,Brown
27392,Morgan,Jones
27393,Alex,Brown
27394,Alex,Brown
27395,Jordan,Williams
27396,Casey,Williams
27397,Casey,Johnson
27398,Alex,Jones
27399,Casey,Smith
27400,Alex,Smith
27401,Jordan,Williams
27402,Alex,Smith
27403,Casey,Brown
27404,Jordan,Johnson
27405,Alex,Brown
27406,Taylor,Smith
27407,Taylor,Williams
27408,Morgan,Smith
27409,Morgan,Williams
27410,Taylor,Jones
27411,Morgan,Williams
27412,Casey,Smith
27413,Taylor,Smith
27414,Alex,Johnson
27415,Jordan,Johnson
27416,Taylor,Williams
27417,Jordan,Jones
27418,Casey,Williams
27419,Jordan,Smith
27420,Jordan,Jones
27421,Morgan,Smith
27422,Alex,Williams
27423,Taylor,Smith
27424,Taylor,Smith
27425,Casey,Williams
27426,Casey,Johnson
27427,Jordan,Williams
27428,Taylor,Jones
27429,Taylor,Brown
27430,Alex,Johnson
27431,Alex,Williams
27432,Casey,Williams
27433,Morgan,Jones
27434,Jordan,Smith
27435,Alex,Johnson
27436,Taylor,Smith
27437,Taylor,Brown
27438,Casey,Jones
27439,Alex,Johnson
27440,Jordan,Williams
27441,Morgan,Brown
27442,Alex,Johnson
27443,Morgan,Williams
27444,Taylor,Johnson
27445,Morgan,Brown
27446,Taylor,Smith
27447,Taylor,Johnson
27448,Jordan,Jones
27449,Casey,Smith
27450,Alex,Johnson
27451,Alex,Jones
27452,Taylor,Williams
27453,Casey,Johnson
27454,Alex,Jones
27455,Jordan,Johnson
27456,Morgan,Williams
27457,Jordan,Williams
27458,Taylor,Johnson
27459,Taylor,Jones
27460,Taylor,Williams
27461,Alex,Johnson
27462,Casey,Smith
27463,Casey,Johnson
27464,Taylor,Jones
27465,Morgan,Brown
27466,Casey,Smith
27467,Morgan,Johnson
27468,Jordan,Johnson
27469,Jordan,Jones
27470,Jordan,Brown
27471,Jordan,Johnson
27472,Taylor,Williams
27473,Casey,Williams
27474,Casey,Johnson
27475,Alex,Williams
27476,Taylor,Johnson
27477,Taylor,Williams
27478,Casey,Williams
27479,Jordan,Jones
27480,Alex,Williams
27481,Taylor,Smith
27482,Alex,Smith
27483,Alex,Smith
27484,Morgan,Williams
27485,Taylor,Smith
27486,Morgan,Smith
27487,Alex,Williams
27488,Morgan,Johnson
27489,Alex,Williams
27490,Morgan,Johnson
27491,Casey,Williams
27492,Alex,Smith
27493,Alex,Smith
27494,Alex,Williams
27495,Morgan,Johnson
27496,Casey,Jones
27497,Casey,Smith
27498,Taylor,Brown
27499,Taylor,Jones
27500,Alex,Brown
27501,Morgan,Williams
27502,Morgan,Brown
27503,Casey,Jones
27504,Casey,Williams
27505,Jordan,Brown
27506,Casey,Brown
27507,Morgan,Smith
27508,Jordan,Smith
27509,Jordan,Williams
27510,Morgan,Smith
27511,Casey,Smith
27512,Alex,Johnson
27513,Alex,Johnson
27514,Alex,Smith
27515,Casey,Williams
27516,Alex,Jones
27517,Casey,Smith
27518,Jordan,Johnson
27519,Casey,Smith
27520,Taylor,Smith
27521,Taylor,Smith
27522,Alex,Johnson
27523,Jordan,Brown
27524,Taylor,Smith
27525,Taylor,Jones
27526,Taylor,Jones
27527,Jordan,Smith
27528,Morgan,Brown
27529,Taylor,Smith
27530,Casey,Williams
27531,Morgan,Smith
27532,Morgan,Brown
27533,Taylor,Williams
27534,Alex,Smith
27535,Casey,Williams
27536,Taylor,Williams
27537,Alex,Jones
27538,Jordan,Brown
27539,Alex,Johnson
27540,Jordan,Jones
27541,Morgan,Jones
27542,Alex,Jones
27543,Alex,Jones
27544,Morgan,Johnson
27545,Taylor,Smith
27546,Jordan,Smith
27547,Taylor,Williams
27548,Taylor,Smith
27549,Taylor,Jones
27550,Morgan,Williams
27551,Casey,Brown
27552,Alex,Jones
27553,Alex,Jones
27554,Taylor,Smith
27555,Alex,Smith
27556,Taylor,Johnson
27557,Casey,Brown
27558,Casey,Williams
27559,Morgan,Jones
27560,Jordan,Johnson
27561,Morgan,Brown
27562,Casey,Johnson
27563,Taylor,Brown
27564,Morgan,Johnson
27565,Casey,Brown
27566,Casey,Williams
27567,Casey,Smith
27568,Jordan,Williams
27569,Morgan,Johnson
27570,Casey,Williams
27571,Taylor,Smith
27572,Alex,Jones
27573,Taylor,Smith
27574,Taylor,Jones
27575,Taylor,Williams
27576,Taylor,Smith
27577,Taylor,Smith
27578,Jordan,Johnson
27579,Jordan,Williams
27580,Alex,Jones
27581,Alex,Johnson
27582,Morgan,Johnson
27583,Jordan,Johnson
27584,Jordan,Williams
27585,Alex,Smith
27586,Casey,Brown
27587,Morgan,Johnson
27588,Jordan,Brown
27589,Taylor,Brown
27590,Morgan,Jones
27591,Jordan,Williams
27592,Taylor,Smith
27593,Jordan,Johnson
27594,Casey,Smith
27595,Taylor,Smith
27596,Jordan,Williams
27597,Casey,Johnson
27598,Taylor,Johnson
27599,Alex,Johnson
27600,Alex,Williams
27601,Morgan,Jones
27602,Alex,Jones
27603,Alex,Brown
27604,Morgan,Brown
27605,Casey,Smith
27606,Taylor,Johnson
27607,Taylor,Williams
27608,Jordan,Williams
27609,Taylor,Smith
27610,Jordan,Johnson
27611,Taylor,Brown
27612,Alex,Brown
27613,Jordan,Smith
27614,Casey,Johnson
27615,Casey,Williams
27616,Morgan,Jones
27617,Taylor,Jones
27618,Morgan,Smith
27619,Taylor,Smith
27620,Morgan,Johnson
27621,Taylor,Smith
27622,Morgan,Smith
27623,Alex,Johnson
27624,Jordan,Jones
27625,Taylor,Williams
27626,Alex,Williams
27627,Jordan,Jones
27628,Alex,Brown
27629,Jordan,Smith
27630,Taylor,Johnson
27631,Taylor,Smith
27632,Morgan,Brown
27633,Casey,Brown
27634,Alex,Jones
27635,Taylor,Jones
27636,Morgan,Johnson
27637,Jordan,Jones
27638,Alex,Brown
27639,Jordan,Brown
27640,Jordan,Williams
27641,Casey,Johnson
27642,Casey,Williams
27643,Taylor,Johnson
27644,Casey,Brown
27645,Morgan,Williams
27646,Alex,Smith
27647,Alex,Williams
27648,Casey,Smith
27649,Morgan,Johnson
27650,Alex,Williams
27651,Morgan,Smith
27652,Jordan,Johnson
27653,Alex,Jones
27654,Taylor,Smith
27655,Alex,Smith
27656,Alex,Johnson
27657,Jordan,Brown
27658,Casey,Jones
27659,Casey,Williams
27660,Alex,Brown
27661,Casey,Brown
27662,Taylor,Jones
27663,Taylor,Brown
27664,Taylor,Smith
27665,Casey,Smith
27666,Taylor,Smith
27667,Morgan,Smith
27668,Jordan,Brown
27669,Taylor,Smith
27670,Casey,Williams
27671,Jordan,Smith
27672,Taylor,Williams
27673,Casey,Smith
27674,Casey,Jones
27675,Casey,Williams
27676,Casey,Brown
27677,Jordan,Brown
27678,Alex,Smith
27679,Jordan,Smith
27680,Morgan,Smith
27681,Taylor,Brown
27682,Morgan,Jones
27683,Taylor,Jones
27684,Alex,Brown
27685,Jordan,Williams
27686,Casey,Johnson
27687,Alex,Jones
27688,Taylor,Johnson
27689,Morgan,Brown
27690,Casey,Smith
27691,Alex,Williams
27692,Casey,Williams
27693,Casey,Jones
27694,Morgan,Williams
27695,Jordan,Smith
27696,Taylor,Johnson
27697,Taylor,Smith
27698,Casey,Williams
27699,Casey,Johnson
27700,Jordan,Johnson
27701,Casey,Williams
27702,Casey,Williams
27703,Taylor,Williams
27704,Jordan,Brown
27705,Morgan,Jones
27706,Morgan,Brown
27707,Casey,Williams
27708,Morgan,Johnson
27709,Taylor,Jones
27710,Jordan,Williams
27711,Jordan,Brown
27712,Jordan,Johnson
27713,Taylor,Brown
27714,Casey,Williams
27715,Jordan,Brown
27716,Jordan,Johnson
27717,Casey,Smith
27718,Morgan,Williams
27719,Taylor,Brown
27720,Jordan,Johnson
27721,Taylor,Smith
27722,Taylor,Johnson
27723,Morgan,Williams
27724,Jordan,Williams
27725,Jordan,Brown
27726,Taylor,Brown
27727,Jordan,Smith
27728,Alex,Brown
27729,Casey,Smith
27730,Taylor,Smith
27731,Jordan,Williams
27732,Alex,Williams
27733,Taylor,Brown
27734,Alex,Jones
27735,Casey,Smith
27736,Morgan,Jones
27737,Taylor,Williams
27738,Alex,Jones
27739,Morgan,Brown
27740,Casey,Smith
27741,Morgan,Jones
27742,Taylor,Williams
27743,Taylor,Brown
27744,Jordan,Brown
27745,Alex,Brown
27746,Alex,Brown
27747,Alex,Jones
27748,Alex,Smith
27749,Alex,Johnson
27750,Alex,Brown
27751,Casey,Brown
27752,Alex,Brown
27753,Jordan,Johnson
27754,Morgan,Smith
27755,Casey,Williams
27756,Taylor,Jones
27757,Alex,Johnson
27758,Morgan,Johnson
27759,Jordan,Williams
27760,Jordan,Smith
27761,Jordan,Johnson
27762,Jordan,Smith
27763,Taylor,Jones
27764,Alex,Williams
27765,Alex,Jones
27766,Jordan,Smith
27767,Morgan,Brown
27768,Jordan,Jones
27769,Casey,Johnson
27770,Taylor,Brown
27771,Alex,Jones
27772,Alex,Jones
27773,Jordan,Johnson
27774,Morgan,Smith
27775,Morgan,Williams
27776,Alex,Jones
27777,Taylor,Brown
27778,Taylor,Jones
27779,Casey,Jones
27780,Casey,Smith
27781,Morgan,Brown
27782,Jordan,Johnson
27783,Alex,Williams
27784,Morgan,Smith
27785,Taylor,Brown
27786,Morgan,Johnson
27787,Alex,Jones
27788,Jordan,Brown
27789,Morgan,Johnson
27790,Alex,Johnson
27791,Alex,Brown
27792,Casey,Johnson
27793,Casey,Williams
27794,Jordan,Johnson
27795,Casey,Jones
27796,Jordan,Johnson
27797,Taylor,Jones
27798,Alex,Smith
27799,Casey,Smith
27800,Morgan,Williams
27801,Alex,Williams
27802,Jordan,Smith
27803,Alex,Williams
27804,Taylor,Williams
27805,Alex,Smith
27806,Morgan,Johnson
27807,Jordan,Johnson
27808,Alex,Johnson
27809,Alex,Jones
27810,Casey,Williams
27811,Jordan,Smith
27812,Casey,Brown
27813,Casey,Brown
27814,Taylor,Smith
27815,Taylor,Jones
27816,Morgan,Johnson
27817,Alex,Johnson
27818,Casey,Jones
27819,Casey,Brown
27820,Jordan,Jones
27821,Casey,Johnson
27822,Jordan,Jones
27823,Alex,Brown
27824,Casey,Johnson
27825,Taylor,Smith
27826,Taylor,Brown
27827,Taylor,Smith
27828,Alex,Brown
27829,Alex,Johnson
27830,Morgan,Jones
27831,Morgan,Williams
27832,Taylor,Smith
27833,Alex,Brown
27834,Alex,Johnson
27835,Alex,Johnson
27836,Jordan,Jones
27837,Alex,Smith
27838,Casey,Johnson
27839,Casey,Johnson
27840,Taylor,Smith
27841,Morgan,Smith
27842,Morgan,Smith
27843,Casey,Johnson
27844,Jordan,Smith
27845,Taylor,Brown
27846,Taylor,Smith
27847,Jordan,Williams
27848,Morgan,Jones
27849,Taylor,Johnson
27850,Casey,Jones
27851,Casey,Williams
27852,Taylor,Williams
27853,Taylor,Smith
27854,Taylor,Brown
27855,Jordan,Jones
27856,Jordan,Smith
27857,Morgan,Smith
27858,Casey,Brown
27859,Morgan,Johnson
27860,Alex,Jones
27861,Alex,Smith
27862,Morgan,Williams
27863,Morgan,Johnson
27864,Jordan,Williams
27865,Morgan,Jones
27866,Jordan,Brown
27867,Casey,Brown
27868,Alex,Jones
27869,Jordan,Brown
27870,Jordan,Smith
27871,Taylor,Williams
27872,Alex,Brown
27873,Alex,Johnson
27874,Morgan,Jones
27875,Jordan,Brown
27876,Taylor,Jones
27877,Casey,Johnson
27878,Morgan,Smith
27879,Taylor,Williams
27880,Alex,Williams
27881,Taylor,Johnson
27882,Taylor,Williams
27883,Taylor,Johnson
27884,Taylor,Brown
27885,Taylor,Williams
27886,Jordan,Smith
27887,Morgan,Williams
27888,Taylor,Jones
27889,Casey,Johnson
27890,Casey,Williams
27891,Taylor,Brown
27892,Casey,Smith
27893,Morgan,Brown
27894,Taylor,Jones
27895,Jordan,Johnson
27896,Jordan,Smith
27897,Casey,Johnson
27898,Taylor,Johnson
27899,Casey,Brown
27900,Alex,Brown
27901,Morgan,Brown
27902,Morgan,Smith
27903,Taylor,Smith
27904,Morgan,Brown
27905,Morgan,Jones
27906,Alex,Brown
27907,Morgan,Brown
27908,Taylor,Brown
27909,Casey,Brown
27910,Morgan,Williams
27911,Alex,Johnson
27912,Casey,Williams
27913,Morgan,Jones
27914,Jordan,Brown
27915,Casey,Williams
27916,Taylor,Smith
27917,Alex,Williams
27918,Taylor,Smith
27919,Morgan,Johnson
27920,Casey,Brown
27921,Morgan,Johnson
27922,Morgan,Johnson
27923,Taylor,Jones
27924,Taylor,Brown
27925,Alex,Jones
27926,Morgan,Johnson
27927,Morgan,Williams
27928,Jordan,Brown
27929,Casey,Jones
27930,Taylor,Brown
27931,Casey,Smith
27932,Casey,Jones
27933,Casey,Brown
27934,Morgan,Williams
27935,Alex,Jones
27936,Casey,Brown
27937,Taylor,Brown
27938,Jordan,Johnson
27939,Jordan,Jones
27940,Jordan,Jones
27941,Jordan,Smith
27942,Taylor,Jones
27943,Taylor,Smith
27944,Jordan,Williams
27945,Casey,Smith
27946,Taylor,Jones
27947,Taylor,Smith
27948,Taylor,Jones
27949,Jordan,Johnson
27950,Morgan,Johnson
27951,Morgan,Johnson
27952,Morgan,Jones
27953,Casey,Smith
27954,Alex,Williams
27955,Alex,Johnson
27956,Jordan,Williams
27957,Morgan,Johnson
27958,Morgan,Brown
27959,Alex,Williams
27960,Jordan,Johnson
27961,Alex,Brown
27962,Alex,Johnson
27963,Casey,Brown
27964,Jordan,Smith
27965,Morgan,Williams
27966,Morgan,Johnson
27967,Morgan,Brown
27968,Alex,Johnson
27969,Taylor,Smith
27970,Alex,Johnson
27971,Morgan,Williams
27972,Casey,Williams
27973,Jordan,Williams
27974,Taylor,Jones
27975,Casey,Williams
27976,Taylor,Brown
27977,Jordan,Williams
27978,Morgan,Williams
27979,Jordan,Smith
27980,Casey,Johnson
27981,Alex,Williams
27982,Morgan,Williams
27983,Jordan,Jones
27984,Morgan,Williams
27985,Morgan,Williams
27986,Jordan,Brown
27987,Morgan,Johnson
27988,Alex,Brown
27989,Morgan,Jones
27990,Jordan,Brown
27991,Casey,Smith
27992,Taylor,Brown
27993,Jordan,Jones
27994,Morgan,Brown
27995,Morgan,Williams
27996,Jordan,Williams
27997,Jordan,Brown
27998,Taylor,Johnson
27999,Taylor,Smith
28000,Taylor,Smith
28001,Casey,Brown
28002,Taylor,Brown
28003,Casey,Williams
28004,Taylor,Johnson
28005,Morgan,Smith
28006,Casey,Williams
28007,Jordan,Smith
28008,Alex,Jones
28009,Morgan,Johnson
28010,Taylor,Williams
28011,Casey,Williams
28012,Casey,Jones
28013,Morgan,Brown
28014,Alex,Jones
28015,Taylor,Jones
28016,Jordan,Brown
28017,Jordan,Smith
28018,Morgan,Smith
28019,Jordan,Smith
28020,Jordan,Williams
28021,Alex,Johnson
28022,Alex,Johnson
28023,Alex,Williams
28024,Jordan,Williams
28025,Jordan,Jones
28026,Casey,Brown
28027,Alex,Johnson
28028,Taylor,Brown
28029,Jordan,Smith
28030,Jordan,Williams
28031,Morgan,Williams
28032,Alex,Smith
28033,Taylor,Smith
28034,Taylor,Johnson
28035,Morgan,Brown
28036,Casey,Williams
28037,Casey,Johnson
28038,Jordan,Smith
28039,Jordan,Brown
28040,Jordan,Johnson
28041,Taylor,Smith
28042,Alex,Smith
28043,Morgan,Smith
28044,Jordan,Williams
28045,Morgan,Williams
28046,Casey,Smith
28047,Taylor,Smith
28048,Jordan,Williams
28049,Alex,Jones
28050,Jordan,Jones
28051,Morgan,Jones
28052,Taylor,Smith
28053,Morgan,Williams
28054,Jordan,Jones
28055,Casey,Williams
28056,Morgan,Johnson
28057,Morgan,Brown
28058,Jordan,Johnson
28059,Alex,Williams
28060,Jordan,Smith
28061,Jordan,Smith
28062,Morgan,Johnson
28063,Casey,Smith
28064,Casey,Johnson
28065,Casey,Brown
28066,Morgan,Brown
28067,Morgan,Williams
28068,Jordan,Jones
28069,Alex,Johnson
28070,Morgan,Brown
28071,Casey,Jones
28072,Morgan,Smith
28073,Morgan,Johnson
28074,Casey,Johnson
28075,Jordan,Jones
28076,Morgan,Williams
28077,Casey,Williams
28078,Casey,Smith
28079,Casey,Brown
28080,Alex,Johnson
28081,Casey,Johnson
28082,Jordan,Brown
28083,Alex,Jones
28084,Jordan,Brown
28085,Casey,Brown
28086,Jordan,Brown
28087,Jordan,Williams
28088,Alex,Johnson
28089,Morgan,Williams
28090,Taylor,Johnson
28091,Jordan,Johnson
28092,Casey,Jones
28093,Jordan,Williams
28094,Jordan,Williams
28095,Alex,Brown
28096,Taylor,Jones
28097,Jordan,Williams
28098,Taylor,Johnson
28099,Morgan,Johnson
28100,Morgan,Williams
28101,Casey,Brown
28102,Jordan,Jones
28103,Jordan,Williams
28104,Casey,Smith
28105,Jordan,Jones
28106,Casey,Jones
28107,Taylor,Williams
28108,Jordan,Jones
28109,Casey,Brown
28110,Casey,Johnson
28111,Alex,Smith
28112,Taylor,Williams
28113,Jordan,Smith
28114,Morgan,Brown
28115,Jordan,Brown
28116,Alex,Jones
28117,Alex,Johnson
28118,Taylor,Smith
28119,Morgan,Jones
28120,Alex,Brown
28121,Morgan,Williams
28122,Casey,Brown
28123,Casey,Brown
28124,Alex,Williams
28125,Taylor,Johnson
28126,Morgan,Smith
28127,Alex,Smith
28128,Morgan,Jones
28129,Casey,Brown
28130,Casey,Johnson
28131,Alex,Brown
28132,Jordan,Jones
28133,Alex,Williams
28134,Morgan,Williams
28135,Jordan,Jones
28136,Taylor,Brown
28137,Alex,Jones
28138,Morgan,Jones
28139,Morgan,Jones
28140,Casey,Johnson
28141,Jordan,Johnson
28142,Morgan,Johnson
28143,Taylor,Smith
28144,Taylor,Jones
28145,Morgan,Jones
28146,Casey,Johnson
28147,Morgan,Smith
28148,Taylor,Williams
28149,Alex,Williams
28150,Morgan,Smith
28151,Casey,Williams
28152,Alex,Brown
28153,Jordan,Smith
28154,Morgan,Williams
28155,Jordan,Smith
28156,Casey,Williams
28157,Jordan,Jones
28158,Alex,Williams
28159,Taylor,Brown
28160,Taylor,Smith
28161,Casey,Smith
28162,Morgan,Smith
28163,Casey,Johnson
28164,Morgan,Smith
28165,Taylor,Johnson
28166,Taylor,Johnson
28167,Morgan,Jones
28168,Alex,Brown
28169,Morgan,Johnson
28170,Taylor,Jones
28171,Taylor,Johnson
28172,Casey,Johnson
28173,Taylor,Smith
28174,Alex,Johnson
28175,Alex,Jones
28176,Casey,Johnson
28177,Alex,Williams
28178,Morgan,Williams
28179,Casey,Jones
28180,Morgan,Johnson
28181,Alex,Brown
28182,Morgan,Williams
28183,Casey,Smith
28184,Alex,Johnson
28185,Morgan,Brown
28186,Morgan,Smith
28187,Casey,Williams
28188,Alex,Williams
28189,Casey,Williams
28190,Jordan,Smith
28191,Taylor,Johnson
28192,Morgan,Johnson
28193,Jordan,Jones
28194,Casey,Jones
28195,Casey,Jones
28196,Jordan,Williams
28197,Taylor,Johnson
28198,Taylor,Smith
28199,Alex,Johnson
28200,Jordan,Johnson
28201,Morgan,Brown
28202,Taylor,Brown
28203,Alex,Johnson
28204,Casey,Jones
28205,Alex,Williams
28206,Jordan,Johnson
28207,Taylor,Smith
28208,Jordan,Smith
28209,Casey,Smith
28210,Casey,Williams
28211,Casey,Smith
28212,Casey,Jones
28213,Alex,Jones
28214,Taylor,Brown
28215,Taylor,Smith
28216,Casey,Williams
28217,Casey,Smith
28218,Morgan,Johnson
28219,Alex,Williams
28220,Jordan,Johnson
28221,Morgan,Williams
28222,Alex,Smith
28223,Jordan,Williams
28224,Taylor,Brown
28225,Casey,Jones
28226,Taylor,Smith
28227,Taylor,Williams
28228,Alex,Williams
28229,Casey,Johnson
28230,Alex,Jones
28231,Casey,Johnson
28232,Taylor,Williams
28233,Alex,Johnson
28234,Casey,Smith
28235,Casey,Johnson
28236,Jordan,Smith
28237,Jordan,Williams
28238,Alex,Williams
28239,Morgan,Smith
28240,Taylor,Brown
28241,Jordan,Williams
28242,Morgan,Smith
28243,Morgan,Johnson
28244,Taylor,Brown
28245,Alex,Smith
28246,Taylor,Johnson
28247,Morgan,Williams
28248,Morgan,Smith
28249,Jordan,Smith
28250,Taylor,Jones
28251,Casey,Brown
28252,Casey,Johnson
28253,Taylor,Johnson
28254,Casey,Jones
28255,Jordan,Brown
28256,Morgan,Brown
28257,Jordan,Brown
28258,Alex,Jones
28259,Casey,Williams
28260,Casey,Jones
28261,Casey,Williams
28262,Jordan,Johnson
28263,Morgan,Johnson
28264,Alex,Smith
28265,Casey,Smith
28266,Taylor,Johnson
28267,Taylor,Williams
28268,Jordan,Smith
28269,Jordan,Johnson
28270,Jordan,Williams
28271,Alex,Smith
28272,Morgan,Williams
28273,Alex,Johnson
28274,Jordan,Jones
28275,Taylor,Jones
28276,Alex,Smith
28277,Morgan,Smith
28278,Alex,Johnson
28279,Jordan,Smith
28280,Casey,Smith
28281,Morgan,Brown
28282,Morgan,Jones
28283,Casey,Jones
28284,Alex,Brown
28285,Morgan,Jones
28286,Jordan,Smith
28287,Taylor,Williams
28288,Jordan,Brown
28289,Jordan,Brown
28290,Casey,Smith
28291,Morgan,Brown
28292,Morgan,Brown
28293,Morgan,Brown
28294,Jordan,Smith
28295,Taylor,Johnson
28296,Taylor,Brown
28297,Casey,Williams
28298,Casey,Smith
28299,Jordan,Williams
28300,Morgan,Jones
28301,Jordan,Williams
28302,Alex,Johnson
28303,Morgan,Jones
28304,Casey,Johnson
28305,Casey,Williams
28306,Morgan,Smith
28307,Jordan,Jones
28308,Jordan,Williams
28309,Casey,Johnson
28310,Morgan,Williams
28311,Alex,Brown
28312,Jordan,Williams
28313,Alex,Williams
28314,Jordan,Johnson
28315,Jordan,Jones
28316,Morgan,Brown
28317,Jordan,Jones
28318,Alex,Smith
28319,Taylor,Brown
28320,Casey,Williams
28321,Alex,Brown
28322,Alex,Williams
28323,Morgan,Jones
28324,Morgan,Jones
28325,Casey,Smith
28326,Taylor,Brown
28327,Morgan,Williams
28328,Casey,Johnson
28329,Morgan,Williams
28330,Taylor,Jones
28331,Casey,Jones
28332,Casey,Smith
28333,Taylor,Johnson
28334,Alex,Jones
28335,Jordan,Johnson
28336,Jordan,Smith
28337,Morgan,Smith
28338,Alex,Johnson
28339,Taylor,Smith
28340,Casey,Smith
28341,Alex,Brown
28342,Alex,Brown
28343,Jordan,Smith
28344,Taylor,Jones
28345,Casey,Johnson
28346,Jordan,Smith
28347,Taylor,Jones
28348,Jordan,Johnson
28349,Alex,Jones
28350,Alex,Smith
28351,Alex,Jones
28352,Casey,Johnson
28353,Taylor,Smith
28354,Jordan,Brown
28355,Jordan,Johnson
28356,Taylor,Johnson
28357,Taylor,Smith
28358,Taylor,Williams
28359,Alex,Brown
28360,Taylor,Jones
28361,Casey,Brown
28362,Alex,Johnson
28363,Jordan,Smith
28364,Taylor,Johnson
28365,Alex,Johnson
28366,Jordan,Johnson
28367,Casey,Williams
28368,Casey,Smith
28369,Casey,Johnson
28370,Morgan,Williams
28371,Morgan,Smith
28372,Jordan,Smith
28373,Alex,Johnson
28374,Morgan,Smith
28375,Taylor,Brown
28376,Morgan,Johnson
28377,Alex,Williams
28378,Taylor,Johnson
28379,Alex,Brown
28380,Casey,Johnson
28381,Casey,Williams
28382,Morgan,Brown
28383,Taylor,Williams
28384,Alex,Williams
28385,Alex,Johnson
28386,Casey,Brown
28387,Alex,Jones
28388,Alex,Smith
28389,Jordan,Johnson
28390,Casey,Jones
28391,Casey,Johnson
28392,Taylor,Johnson
28393,Morgan,Williams
28394,Jordan,Brown
28395,Morgan,Brown
28396,Morgan,Williams
28397,Morgan,Johnson
28398,Jordan,Johnson
28399,Jordan,Williams
28400,Morgan,Johnson
28401,Casey,Williams
28402,Jordan,Smith
28403,Jordan,Smith
28404,Jordan,Jones
28405,Taylor,Johnson
28406,Casey,Johnson
28407,Morgan,Jones
28408,Alex,Smith
28409,Alex,Jones
28410,Jordan,Jones
28411,Taylor,Brown
28412,Alex,Johnson
28413,Morgan,Smith
28414,Alex,Jones
28415,Taylor,Jones
28416,Casey,Williams
28417,Taylor,Johnson
28418,Casey,Johnson
28419,Alex,Jones
28420,Alex,Johnson
28421,Morgan,Jones
28422,Jordan,Brown
28423,Alex,Smith
28424,Morgan,Johnson
28425,Morgan,Johnson
28426,Jordan,Williams
28427,Alex,Johnson
28428,Jordan,Smith
28429,Alex,Jones
28430,Taylor,Williams
28431,Casey,Smith
28432,Jordan,Brown
28433,Casey,Brown
28434,Alex,Johnson
28435,Morgan,Brown
28436,Taylor,Brown
28437,Taylor,Brown
28438,Alex,Johnson
28439,Alex,Williams
28440,Alex,Williams
28441,Morgan,Jones
28442,Taylor,Brown
28443,Morgan,Williams
28444,Taylor,Johnson
28445,Taylor,Johnson
28446,Taylor,Brown
28447,Taylor,Jones
28448,Jordan,Williams
28449,Jordan,Brown
28450,Jordan,Brown
28451,Morgan,Williams
28452,Casey,Jones
28453,Taylor,Brown
28454,Casey,Johnson
28455,Jordan,Williams
28456,Morgan,Brown
28457,Taylor,Jones
28458,Morgan,Jones
28459,Morgan,Williams
28460,Casey,Brown
28461,Jordan,Johnson
28462,Morgan,Brown
28463,Morgan,Brown
28464,Jordan,Brown
28465,Taylor,Brown
28466,Jordan,Johnson
28467,Taylor,Jones
28468,Morgan,Williams
28469,Alex,Jones
28470,Alex,Jones
28471,Jordan,Smith
28472,Taylor,Brown
28473,Alex,Jones
28474,Alex,Williams
28475,Morgan,Williams
28476,Alex,Smith
28477,Alex,Brown
28478,Taylor,Johnson
28479,Casey,Jones
28480,Casey,Brown
28481,Casey,Williams
28482,Taylor,Brown
28483,Jordan,Johnson
28484,Jordan,Williams
28485,Jordan,Jones
28486,Morgan,Smith
28487,Taylor,Smith
28488,Taylor,Williams
28489,Jordan,Jones
28490,Morgan,Smith
28491,Taylor,Williams
28492,Alex,Williams
28493,Morgan,Williams
28494,Alex,Williams
28495,Jordan,Brown
28496,Taylor,Williams
28497,Taylor,Jones
28498,Alex,Williams
28499,Alex,Williams
28500,Jordan,Smith
28501,Jordan,Brown
28502,Alex,Johnson
28503,Jordan,Brown
28504,Taylor,Jones
28505,Alex,Brown
28506,Morgan,Smith
28507,Morgan,Jones
28508,Morgan,Johnson
28509,Casey,Jones
28510,Alex,Williams
28511,Jordan,Jones
28512,Jordan,Jones
28513,Jordan,Williams
28514,Morgan,Smith
28515,Morgan,Smith
28516,Taylor,Smith
28517,Jordan,Johnson
28518,Morgan,Williams
28519,Casey,Williams
28520,Taylor,Smith
28521,Taylor,Williams
28522,Taylor,Brown
28523,Taylor,Williams
28524,Casey,Brown
28525,Morgan,Williams
28526,Alex,Johnson
28527,Morgan,Williams
28528,Jordan,Smith
28529,Casey,Smith
28530,Jordan,Williams
28531,Casey,Johnson
28532,Taylor,Brown
28533,Casey,Smith
28534,Morgan,Jones
28535,Alex,Brown
28536,Jordan,Johnson
28537,Taylor,Brown
28538,Casey,Brown
28539,Morgan,Brown
28540,Taylor,Jones
28541,Jordan,Williams
28542,Taylor,Williams
28543,Taylor,Brown
28544,Alex,Johnson
28545,Jordan,Williams
28546,Casey,Jones
28547,Jordan,Johnson
28548,Alex,Williams
28549,Jordan,Williams
28550,Jordan,Jones
28551,Taylor,Johnson
28552,Casey,Jones
28553,Alex,Williams
28554,Casey,Smith
28555,Alex,Williams
28556,Alex,Johnson
28557,Taylor,Williams
28558,Morgan,Smith
28559,Jordan,Johnson
28560,Alex,Jones
28561,Alex,Smith
28562,Alex,Williams
28563,Morgan,Johnson
28564,Jordan,Johnson
28565,Taylor,Brown
28566,Morgan,Jones
28567,Casey,Brown
28568,Casey,Smith
28569,Casey,Jones
28570,Casey,Brown
28571,Casey,Jones
28572,Morgan,Brown
28573,Casey,Johnson
28574,Alex,Smith
28575,Taylor,Williams
28576,Casey,Smith
28577,Jordan,Johnson
28578,Alex,Smith
28579,Alex,Jones
28580,Casey,Jones
28581,Taylor,Brown
28582,Casey,Brown
28583,Morgan,Johnson
28584,Jordan,Brown
28585,Taylor,Jones
28586,Taylor,Smith
28587,Morgan,Johnson
28588,Casey,Johnson
28589,Alex,Johnson
28590,Alex,Williams
28591,Alex,Smith
28592,Morgan,Johnson
28593,Taylor,Smith
28594,Jordan,Brown
28595,Jordan,Williams
28596,Alex,Jones
28597,Alex,Brown
28598,Jordan,Johnson
28599,Taylor,Jones
28600,Morgan,Smith
28601,Taylor,Williams
28602,Taylor,Jones
28603,Jordan,Brown
28604,Casey,Johnson
28605,Casey,Jones
28606,Morgan,Brown
28607,Casey,Johnson
28608,Alex,Jones
28609,Casey,Jones
28610,Casey,Brown
28611,Morgan,Jones
28612,Casey,Williams
28613,Alex,Jones
28614,Jordan,Smith
28615,Jordan,Jones
28616,Alex,Johnson
28617,Casey,Brown
28618,Morgan,Jones
28619,Jordan,Williams
28620,Casey,Jones
28621,Morgan,Brown
28622,Casey,Johnson
28623,Alex,Smith
28624,Jordan,Brown
28625,Taylor,Smith
28626,Morgan,Brown
28627,Casey,Williams
28628,Alex,Smith
28629,Alex,Jones
28630,Casey,Jones
28631,Taylor,Johnson
28632,Alex,Brown
28633,Taylor,Brown
28634,Taylor,Jones
28635,Casey,Jones
28636,Casey,Johnson
28637,Taylor,Jones
28638,Alex,Brown
28639,Taylor,Johnson
28640,Casey,Brown
28641,Alex,Williams
28642,Morgan,Jones
28643,Alex,Williams
28644,Casey,Williams
28645,Jordan,Smith
28646,Jordan,Johnson
28647,Morgan,Jones
28648,Taylor,Williams
28649,Casey,Smith
28650,Alex,Jones
28651,Jordan,Williams
28652,Taylor,Brown
28653,Taylor,Williams
28654,Taylor,Johnson
28655,Taylor,Brown
28656,Casey,Jones
28657,Morgan,Williams
28658,Taylor,Smith
28659,Morgan,Jones
28660,Taylor,Williams
28661,Jordan,Brown
28662,Casey,Williams
28663,Jordan,Smith
28664,Alex,Jones
28665,Alex,Johnson
28666,Casey,Jones
28667,Jordan,Smith
28668,Jordan,Smith
28669,Taylor,Brown
28670,Taylor,Williams
28671,Jordan,Brown
28672,Morgan,Johnson
28673,Casey,Johnson
28674,Taylor,Johnson
28675,Casey,Williams
28676,Alex,Johnson
28677,Casey,Brown
28678,Jordan,Smith
28679,Jordan,Johnson
28680,Alex,Smith
28681,Taylor,Jones
28682,Alex,Brown
28683,Taylor,Brown
28684,Taylor,Jones
28685,Taylor,Brown
28686,Jordan,Brown
28687,Jordan,Smith
28688,Alex,Williams
28689,Morgan,Smith
28690,Casey,Brown
28691,Alex,Johnson
28692,Casey,Jones
28693,Morgan,Brown
28694,Jordan,Jones
28695,Jordan,Williams
28696,Taylor,Brown
28697,Jordan,Williams
28698,Taylor,Williams
28699,Alex,Smith
28700,Casey,Brown
28701,Alex,Williams
28702,Alex,Johnson
28703,Taylor,Smith
28704,Alex,Jones
28705,Morgan,Johnson
28706,Morgan,Brown
28707,Jordan,Jones
28708,Jordan,Jones
28709,Casey,Jones
28710,Morgan,Jones
28711,Morgan,Williams
28712,Morgan,Jones
28713,Alex,Williams
28714,Taylor,Williams
28715,Morgan,Brown
28716,Taylor,Johnson
28717,Casey,Smith
28718,Morgan,Williams
28719,Jordan,Jones
28720,Casey,Brown
28721,Taylor,Smith
28722,Casey,Jones
28723,Alex,Smith
28724,Taylor,Williams
28725,Morgan,Smith
28726,Jordan,Jones
28727,Taylor,Brown
28728,Casey,Williams
28729,Morgan,Johnson
28730,Alex,Williams
28731,Taylor,Smith
28732,Morgan,Smith
28733,Morgan,Brown
28734,Jordan,Brown
28735,Alex,Jones
28736,Alex,Jones
28737,Morgan,Williams
28738,Taylor,Smith
28739,Jordan,Brown
28740,Casey,Jones
28741,Morgan,Jones
28742,Jordan,Brown
28743,Casey,Brown
28744,Taylor,Smith
28745,Casey,Jones
28746,Jordan,Johnson
28747,Taylor,Johnson
28748,Taylor,Williams
28749,Morgan,Brown
28750,Jordan,Jones
28751,Jordan,Williams
28752,Morgan,Jones
28753,Casey,Williams
28754,Casey,Jones
28755,Alex,Jones
28756,Casey,Johnson
28757,Casey,Smith
28758,Jordan,Williams
28759,Morgan,Brown
28760,Casey,Williams
28761,Taylor,Jones
28762,Jordan,Smith
28763,Taylor,Smith
28764,Alex,Williams
28765,Casey,Jones
28766,Casey,Williams
28767,Jordan,Jones
28768,Casey,Brown
28769,Jordan,Jones
28770,Casey,Johnson
28771,Alex,Jones
28772,Taylor,Smith
28773,Taylor,Smith
28774,Jordan,Williams
28775,Jordan,Brown
28776,Morgan,Williams
28777,Jordan,Jones
28778,Casey,Jones
28779,Jordan,Williams
28780,Alex,Williams
28781,Taylor,Williams
28782,Alex,Johnson
28783,Morgan,Johnson
28784,Alex,Smith
28785,Jordan,Jones
28786,Jordan,Jones
28787,Morgan,Jones
28788,Morgan,Williams
28789,Morgan,Jones
28790,Alex,Smith
28791,Taylor,Smith
28792,Taylor,Brown
28793,Alex,Williams
28794,Taylor,Jones
28795,Taylor,Smith
28796,Alex,Smith
28797,Jordan,Johnson
28798,Jordan,Smith
28799,Taylor,Smith
28800,Casey,Smith
28801,Taylor,Brown
28802,Casey,Brown
28803,Casey,Johnson
28804,Morgan,Jones
28805,Jordan,Brown
28806,Taylor,Brown
28807,Casey,Jones
28808,Jordan,Smith
28809,Taylor,Brown
28810,Casey,Williams
28811,Jordan,Williams
28812,Taylor,Williams
28813,Casey,Brown
28814,Casey,Williams
28815,Alex,Williams
28816,Taylor,Johnson
28817,Alex,Johnson
28818,Morgan,Williams
28819,Taylor,Williams
28820,Taylor,Brown
28821,Alex,Williams
28822,Jordan,Smith
28823,Taylor,Jones
28824,Alex,Jones
28825,Taylor,Williams
28826,Casey,Brown
28827,Jordan,Brown
28828,Jordan,Brown
28829,Casey,Brown
28830,Taylor,Williams
28831,Casey,Johnson
28832,Morgan,Williams
28833,Taylor,Jones
28834,Taylor,Smith
28835,Taylor,Smith
28836,Alex,Brown
28837,Alex,Williams
28838,Taylor,Brown
28839,Alex,Jones
28840,Taylor,Williams
28841,Alex,Williams
28842,Morgan,Williams
28843,Jordan,Brown
28844,Alex,Smith
28845,Casey,Williams
28846,Taylor,Jones
28847,Alex,Jones
28848,Jordan,Jones
28849,Alex,Williams
28850,Morgan,Jones
28851,Casey,Smith
28852,Morgan,Smith
28853,Taylor,Johnson
28854,Taylor,Smith
28855,Morgan,Smith
28856,Morgan,Williams
28857,Morgan,Jones
28858,Taylor,Williams
28859,Casey,Brown
28860,Casey,Brown
28861,Jordan,Williams
28862,Jordan,Johnson
28863,Morgan,Jones
28864,Morgan,Smith
28865,Taylor,Williams
28866,Alex,Smith
28867,Casey,Brown
28868,Alex,Johnson
28869,Morgan,Brown
28870,Taylor,Williams
28871,Alex,Jones
28872,Morgan,Williams
28873,Taylor,Williams
28874,Morgan,Johnson
28875,Taylor,Brown
28876,Jordan,Brown
28877,Morgan,Brown
28878,Taylor,Johnson
28879,Jordan,Brown
28880,Morgan,Williams
28881,Alex,Jones
28882,Casey,Smith
28883,Taylor,Jones
28884,Casey,Johnson
28885,Taylor,Williams
28886,Jordan,Johnson
28887,Casey,Jones
28888,Jordan,Smith
28889,Jordan,Jones
28890,Jordan,Brown
28891,Morgan,Smith
28892,Alex,Johnson
28893,Jordan,Brown
28894,Casey,Johnson
28895,Morgan,Jones
28896,Casey,Smith
28897,Jordan,Brown
28898,Casey,Johnson
28899,Alex,Johnson
28900,Morgan,Smith
28901,Alex,Jones
28902,Morgan,Jones
28903,Taylor,Brown
28904,Jordan,Johnson
28905,Taylor,Brown
28906,Morgan,Smith
28907,Taylor,Johnson
28908,Casey,Smith
28909,Alex,Johnson
28910,Alex,Brown
28911,Morgan,Smith
28912,Taylor,Johnson
28913,Morgan,Williams
28914,Morgan,Jones
28915,Casey,Brown
28916,Morgan,Jones
28917,Taylor,Brown
28918,Taylor,Williams
28919,Casey,Smith
28920,Jordan,Jones
28921,Morgan,Smith
28922,Taylor,Smith
28923,Alex,Jones
28924,Alex,Johnson
28925,Casey,Brown
28926,Morgan,Jones
28927,Alex,Brown
28928,Taylor,Jones
28929,Morgan,Jones
28930,Jordan,Johnson
28931,Jordan,Johnson
28932,Casey,Smith
28933,Casey,Johnson
28934,Casey,Johnson
28935,Alex,Brown
28936,Alex,Jones
28937,Morgan,Smith
28938,Alex,Johnson
28939,Morgan,Jones
28940,Taylor,Brown
28941,Morgan,Jones
28942,Casey,Williams
28943,Alex,Jones
28944,Jordan,Johnson
28945,Morgan,Jones
28946,Taylor,Smith
28947,Alex,Jones
28948,Jordan,Williams
28949,Taylor,Brown
28950,Alex,Johnson
28951,Taylor,Williams
28952,Alex,Jones
28953,Alex,Smith
28954,Jordan,Johnson
28955,Taylor,Jones
28956,Alex,Johnson
28957,Morgan,Johnson
28958,Casey,Brown
28959,Morgan,Johnson
28960,Jordan,Jones
28961,Alex,Johnson
28962,Casey,Johnson
28963,Jordan,Smith
28964,Morgan,Johnson
28965,Casey,Johnson
28966,Alex,Johnson
28967,Alex,Brown
28968,Alex,Williams
28969,Jordan,Smith
28970,Jordan,Brown
28971,Taylor,Smith
28972,Jordan,Jones
28973,Taylor,Williams
28974,Casey,Johnson
28975,Jordan,Smith
28976,Morgan,Johnson
28977,Casey,Johnson
28978,Taylor,Brown
28979,Taylor,Williams
28980,Morgan,Williams
28981,Taylor,Johnson
28982,Alex,Smith
28983,Casey,Johnson
28984,Casey,Williams
28985,Casey,Brown
28986,Morgan,Brown
28987,Alex,Johnson
28988,Alex,Jones
28989,Taylor,Johnson
28990,Morgan,Johnson
28991,Taylor,Williams
28992,Alex,Brown
28993,Alex,Smith
28994,Alex,Smith
28995,Casey,Williams
28996,Alex,Jones
28997,Taylor,Jones
28998,Morgan,Williams
28999,Taylor,Smith
29000,Taylor,Johnson
29001,Casey,Jones
29002,Morgan,Jones
29003,Taylor,Brown
29004,Morgan,Smith
29005,Taylor,Brown
29006,Alex,Johnson
29007,Morgan,Johnson
29008,Casey,Smith
29009,Casey,Williams
29010,Morgan,Johnson
29011,Morgan,Williams
29012,Taylor,Jones
29013,Alex,Smith
29014,Alex,Jones
29015,Casey,Williams
29016,Jordan,Williams
29017,Jordan,Brown
29018,Morgan,Williams
29019,Taylor,Brown
29020,Morgan,Smith
29021,Casey,Smith
29022,Taylor,Johnson
29023,Taylor,Brown
29024,Alex,Williams
29025,Morgan,Jones
29026,Morgan,Brown
29027,Alex,Jones
29028,Jordan,Smith
29029,Alex,Johnson
29030,Morgan,Brown
29031,Jordan,Williams
29032,Morgan,Jones
29033,Morgan,Jones
29034,Morgan,Smith
29035,Alex,Jones
29036,Jordan,Brown
29037,Taylor,Smith
29038,Taylor,Brown
29039,Taylor,Smith
29040,Alex,Johnson
29041,Casey,Williams
29042,Casey,Smith
29043,Alex,Brown
29044,Taylor,Jones
29045,Alex,Williams
29046,Jordan,Johnson
29047,Alex,Johnson
29048,Jordan,Brown
29049,Morgan,Jones
29050,Alex,Williams
29051,Morgan,Brown
29052,Morgan,Williams
29053,Casey,Johnson
29054,Casey,Smith
29055,Morgan,Williams
29056,Morgan,Jones
29057,Jordan,Brown
29058,Jordan,Johnson
29059,Casey,Jones
29060,Alex,Smith
29061,Taylor,Johnson
29062,Taylor,Brown
29063,Taylor,Williams
29064,Casey,Brown
29065,Jordan,Johnson
29066,Alex,Smith
29067,Taylor,Johnson
29068,Casey,Johnson
29069,Jordan,Johnson
29070,Casey,Brown
29071,Casey,Brown
29072,Jordan,Smith
29073,Alex,Brown
29074,Jordan,Jones
29075,Alex,Brown
29076,Alex,Brown
29077,Taylor,Brown
29078,Morgan,Johnson
29079,Jordan,Jones
29080,Morgan,Brown
29081,Alex,Jones
29082,Taylor,Johnson
29083,Alex,Brown
29084,Taylor,Jones
29085,Alex,Smith
29086,Taylor,Johnson
29087,Jordan,Jones
29088,Casey,Brown
29089,Jordan,Jones
29090,Casey,Johnson
29091,Taylor,Williams
29092,Casey,Brown
29093,Alex,Jones
29094,Alex,Smith
29095,Casey,Jones
29096,Alex,Jones
29097,Alex,Jones
29098,Taylor,Jones
29099,Taylor,Brown
29100,Taylor,Johnson
29101,Morgan,Johnson
29102,Morgan,Jones
29103,Alex,Williams
29104,Casey,Johnson
29105,Taylor,Jones
29106,Morgan,Jones
29107,Taylor,Johnson
29108,Casey,Brown
29109,Morgan,Jones
29110,Alex,Williams
29111,Alex,Williams
29112,Casey,Smith
29113,Taylor,Williams
29114,Jordan,Brown
29115,Casey,Brown
29116,Casey,Smith
29117,Jordan,Brown
29118,Casey,Johnson
29119,Jordan,Brown
29120,Taylor,Jones
29121,Casey,Williams
29122,Casey,Johnson
29123,Morgan,Smith
29124,Taylor,Brown
29125,Jordan,Williams
29126,Taylor,Brown
29127,Alex,Johnson
29128,Morgan,Williams
29129,Casey,Williams
29130,Taylor,Jones
29131,Taylor,Smith
29132,Casey,Brown
29133,Taylor,Brown
29134,Casey,Brown
29135,Casey,Johnson
29136,Morgan,Brown
29137,Morgan,Jones
29138,Casey,Williams
29139,Taylor,Brown
29140,Jordan,Brown
29141,Taylor,Johnson
29142,Taylor,Brown
29143,Morgan,Williams
29144,Alex,Johnson
29145,Taylor,Jones
29146,Jordan,Brown
29147,Alex,Jones
29148,Taylor,Johnson
29149,Morgan,Johnson
29150,Alex,Jones
29151,Alex,Jones
29152,Taylor,Brown
29153,Jordan,Williams
29154,Taylor,Johnson
29155,Alex,Williams
29156,Morgan,Brown
29157,Jordan,Jones
29158,Casey,Brown
29159,Taylor,Johnson
29160,Jordan,Johnson
29161,Alex,Brown
29162,Casey,Jones
29163,Taylor,Jones
29164,Alex,Smith
29165,Alex,Smith
29166,Taylor,Williams
29167,Alex,Smith
29168,Taylor,Williams
29169,Jordan,Smith
29170,Taylor,Smith
29171,Casey,Jones
29172,Taylor,Johnson
29173,Taylor,Johnson
29174,Taylor,Jones
29175,Jordan,Brown
29176,Taylor,Jones
29177,Jordan,Jones
29178,Casey,Williams
29179,Morgan,Johnson
29180,Morgan,Jones
29181,Alex,Brown
29182,Taylor,Johnson
29183,Morgan,Johnson
29184,Jordan,Brown
29185,Casey,Smith
29186,Morgan,Jones
29187,Taylor,Brown
29188,Alex,Brown
29189,Alex,Brown
29190,Taylor,Brown
29191,Casey,Smith
29192,Casey,Jones
29193,Taylor,Johnson
29194,Alex,Jones
29195,Alex,Williams
29196,Jordan,Johnson
29197,Jordan,Jones
29198,Casey,Jones
29199,Taylor,Johnson
29200,Casey,Jones
29201,Alex,Brown
29202,Jordan,Smith
29203,Jordan,Brown
29204,Taylor,Smith
29205,Jordan,Jones
29206,Jordan,Williams
29207,Jordan,Johnson
29208,Morgan,Johnson
29209,Morgan,Williams
29210,Casey,Smith
29211,Taylor,Johnson
29212,Taylor,Jones
29213,Alex,Smith
29214,Jordan,Brown
29215,Casey,Smith
29216,Alex,Brown
29217,Alex,Williams
29218,Casey,Brown
29219,Taylor,Jones
29220,Taylor,Jones
29221,Jordan,Brown
29222,Jordan,Brown
29223,Casey,Williams
29224,Morgan,Williams
29225,Alex,Smith
29226,Taylor,Johnson
29227,Morgan,Johnson
29228,Taylor,Johnson
29229,Casey,Smith
29230,Morgan,Johnson
29231,Casey,Johnson
29232,Taylor,Jones
29233,Alex,Williams
29234,Taylor,Williams
29235,Taylor,Brown
29236,Alex,Johnson
29237,Alex,Brown
29238,Jordan,Smith
29239,Taylor,Brown
29240,Jordan,Brown
29241,Casey,Smith
29242,Jordan,Williams
29243,Jordan,Brown
29244,Jordan,Brown
29245,Alex,Williams
29246,Morgan,Jones
29247,Jordan,Brown
29248,Alex,Johnson
29249,Jordan,Smith
29250,Taylor,Johnson
29251,Alex,Smith
29252,Taylor,Williams
29253,Taylor,Williams
29254,Alex,Jones
29255,Alex,Williams
29256,Taylor,Smith
29257,Casey,Smith
29258,Taylor,Smith
29259,Jordan,Smith
29260,Morgan,Williams
29261,Alex,Williams
29262,Jordan,Johnson
29263,Jordan,Smith
29264,Taylor,Johnson
29265,Casey,Jones
29266,Taylor,Jones
29267,Jordan,Smith
29268,Casey,Smith
29269,Morgan,Jones
29270,Alex,Smith
29271,Casey,Smith
29272,Alex,Smith
29273,Taylor,Johnson
29274,Jordan,Johnson
29275,Morgan,Jones
29276,Casey,Johnson
29277,Taylor,Johnson
29278,Morgan,Jones
29279,Jordan,Smith
29280,Jordan,Williams
29281,Casey,Smith
29282,Taylor,Jones
29283,Casey,Smith
29284,Taylor,Brown
29285,Morgan,Jones
29286,Jordan,Williams
29287,Alex,Johnson
29288,Taylor,Williams
29289,Jordan,Johnson
29290,Jordan,Johnson
29291,Alex,Brown
29292,Morgan,Smith
29293,Casey,Williams
29294,Casey,Smith
29295,Alex,Brown
29296,Casey,Williams
29297,Casey,Brown
29298,Casey,Johnson
29299,Alex,Smith
29300,Casey,Brown
29301,Morgan,Smith
29302,Alex,Williams
29303,Jordan,Jones
29304,Taylor,Brown
29305,Morgan,Smith
29306,Alex,Smith
29307,Taylor,Smith
29308,Alex,Brown
29309,Casey,Jones
29310,Taylor,Johnson
29311,Alex,Smith
29312,Morgan,Williams
29313,Jordan,Williams
29314,Casey,Williams
29315,Jordan,Johnson
29316,Taylor,Smith
29317,Jordan,Johnson
29318,Jordan,Brown
29319,Alex,Brown
29320,Casey,Williams
29321,Alex,Williams
29322,Casey,Brown
29323,Morgan,Smith
29324,Alex,Jones
29325,Taylor,Jones
29326,Casey,Smith
29327,Morgan,Smith
29328,Morgan,Smith
29329,Casey,Johnson
29330,Taylor,Johnson
29331,Alex,Smith
29332,Jordan,Jones
29333,Casey,Jones
29334,Alex,Smith
29335,Casey,Smith
29336,Alex,Johnson
29337,Morgan,Johnson
29338,Morgan,Williams
29339,Casey,Brown
29340,Jordan,Jones
29341,Morgan,Brown
29342,Jordan,Jones
29343,Morgan,Jones
29344,Casey,Brown
29345,Taylor,Smith
29346,Morgan,Jones
29347,Morgan,Smith
29348,Alex,Jones
29349,Casey,Johnson
29350,Alex,Brown
29351,Alex,Smith
29352,Morgan,Williams
29353,Taylor,Jones
29354,Casey,Jones
29355,Morgan,Johnson
29356,Casey,Smith
29357,Alex,Jones
29358,Casey,Smith
29359,Casey,Jones
29360,Alex,Jones
29361,Alex,Smith
29362,Jordan,Smith
29363,Casey,Jones
29364,Jordan,Jones
29365,Casey,Brown
29366,Casey,Smith
29367,Morgan,Smith
29368,Morgan,Smith
29369,Casey,Johnson
29370,Jordan,Brown
29371,Jordan,Brown
29372,Casey,Williams
29373,Taylor,Jones
29374,Jordan,Smith
29375,Alex,Johnson
29376,Alex,Jones
29377,Casey,Williams
29378,Alex,Smith
29379,Alex,Brown
29380,Jordan,Brown
29381,Taylor,Jones
29382,Alex,Jones
29383,Alex,Johnson
29384,Morgan,Smith
29385,Jordan,Brown
29386,Alex,Johnson
29387,Casey,Williams
29388,Alex,Williams
29389,Alex,Williams
29390,Jordan,Smith
29391,Casey,Jones
29392,Jordan,Johnson
29393,Casey,Jones
29394,Alex,Johnson
29395,Morgan,Williams
29396,Taylor,Brown
29397,Morgan,Williams
29398,Jordan,Williams
29399,Jordan,Williams
29400,Casey,Brown
29401,Jordan,Johnson
29402,Alex,Brown
29403,Taylor,Jones
29404,Jordan,Jones
29405,Taylor,Williams
29406,Taylor,Smith
29407,Alex,Brown
29408,Taylor,Brown
29409,Morgan,Williams
29410,Morgan,Brown
29411,Taylor,Jones
29412,Jordan,Jones
29413,Casey,Johnson
29414,Morgan,Brown
29415,Jordan,Jones
29416,Taylor,Jones
29417,Casey,Smith
29418,Morgan,Jones
29419,Alex,Jones
29420,Jordan,Brown
29421,Taylor,Brown
29422,Taylor,Smith
29423,Casey,Johnson
29424,Jordan,Jones
29425,Casey,Williams
29426,Alex,Johnson
29427,Taylor,Johnson
29428,Morgan,Smith
29429,Morgan,Williams
29430,Alex,Johnson
29431,Taylor,Johnson
29432,Casey,Jones
29433,Morgan,Brown
29434,Jordan,Smith
29435,Taylor,Jones
29436,Casey,Brown
29437,Jordan,Johnson
29438,Morgan,Jones
29439,Jordan,Smith
29440,Casey,Jones
29441,Alex,Jones
29442,Taylor,Johnson
29443,Alex,Johnson
29444,Casey,Smith
29445,Morgan,Williams
29446,Alex,Johnson
29447,Alex,Johnson
29448,Jordan,Brown
29449,Jordan,Johnson
29450,Casey,Johnson
29451,Morgan,Smith
29452,Morgan,Smith
29453,Morgan,Jones
29454,Alex,Brown
29455,Jordan,Brown
29456,Morgan,Smith
29457,Taylor,Brown
29458,Morgan,Williams
29459,Jordan,Brown
29460,Jordan,Jones
29461,Jordan,Brown
29462,Taylor,Johnson
29463,Alex,Williams
29464,Alex,Williams
29465,Taylor,Smith
29466,Taylor,Williams
29467,Jordan,Williams
29468,Alex,Williams
29469,Alex,Smith
29470,Jordan,Williams
29471,Jordan,Brown
29472,Taylor,Williams
29473,Casey,Williams
29474,Jordan,Johnson
29475,Alex,Williams
29476,Morgan,Williams
29477,Taylor,Smith
29478,Alex,Johnson
29479,Alex,Jones
29480,Taylor,Smith
29481,Taylor,Smith
29482,Taylor,Smith
29483,Alex,Brown
29484,Alex,Williams
29485,Alex,Johnson
29486,Morgan,Johnson
29487,Casey,Brown
29488,Jordan,Williams
29489,Jordan,Williams
29490,Jordan,Johnson
29491,Jordan,Brown
29492,Casey,Jones
29493,Casey,Johnson
29494,Casey,Brown
29495,Casey,Jones
29496,Casey,Brown
29497,Morgan,Brown
29498,Casey,Williams
29499,Jordan,Brown
29500,Casey,Williams
29501,Morgan,Brown
29502,Casey,Brown
29503,Alex,Williams
29504,Taylor,Williams
29505,Casey,Johnson
29506,Casey,Williams
29507,Alex,Brown
29508,Morgan,Williams
29509,Morgan,Jones
29510,Morgan,Smith
29511,Casey,Brown
29512,Taylor,Williams
29513,Jordan,Smith
29514,Morgan,Smith
29515,Morgan,Jones
29516,Casey,Williams
29517,Morgan,Williams
29518,Taylor,Williams
29519,Taylor,Jones
29520,Casey,Smith
29521,Casey,Brown
29522,Morgan,Jones
29523,Taylor,Smith
29524,Alex,Smith
29525,Casey,Brown
29526,Jordan,Johnson
29527,Alex,Smith
29528,Jordan,Williams
29529,Jordan,Johnson
29530,Casey,Williams
29531,Morgan,Johnson
29532,Jordan,Brown
29533,Casey,Smith
29534,Taylor,Williams
29535,Morgan,Johnson
29536,Morgan,Williams
29537,Alex,Smith
29538,Morgan,Smith
29539,Jordan,Brown
29540,Taylor,Williams
29541,Casey,Smith
29542,Alex,Jones
29543,Morgan,Brown
29544,Casey,Smith
29545,Morgan,Brown
29546,Morgan,Smith
29547,Morgan,Brown
29548,Taylor,Smith
29549,Alex,Brown
29550,Casey,Williams
29551,Taylor,Smith
29552,Jordan,Jones
29553,Jordan,Johnson
29554,Morgan,Brown
29555,Jordan,Johnson
29556,Morgan,Smith
29557,Alex,Williams
29558,Jordan,Williams
29559,Alex,Brown
29560,Morgan,Williams
29561,Taylor,Johnson
29562,Casey,Brown
29563,Casey,Smith
29564,Casey,Johnson
29565,Alex,Smith
29566,Alex,Jones
29567,Jordan,Williams
29568,Morgan,Brown
29569,Jordan,Brown
29570,Jordan,Williams
29571,Morgan,Smith
29572,Taylor,Jones
29573,Taylor,Johnson
29574,Alex,Jones
29575,Morgan,Johnson
29576,Alex,Jones
29577,Jordan,Smith
29578,Morgan,Williams
29579,Jordan,Johnson
29580,Alex,Brown
29581,Morgan,Williams
29582,Morgan,Johnson
29583,Jordan,Johnson
29584,Alex,Williams
29585,Taylor,Johnson
29586,Alex,Brown
29587,Taylor,Smith
29588,Alex,Smith
29589,Morgan,Brown
29590,Morgan,Williams
29591,Casey,Smith
29592,Morgan,Brown
29593,Taylor,Smith
29594,Taylor,Williams
29595,Taylor,Jones
29596,Jordan,Jones
29597,Casey,Brown
29598,Alex,Jones
29599,Morgan,Williams
29600,Jordan,Williams
29601,Casey,Brown
29602,Casey,Brown
29603,Jordan,Brown
29604,Casey,Williams
29605,Casey,Brown
29606,Alex,Johnson
29607,Casey,Brown
29608,Alex,Brown
29609,Taylor,Jones
29610,Alex,Johnson
29611,Jordan,Williams
29612,Casey,Smith
29613,Jordan,Jones
29614,Jordan,Smith
29615,Casey,Williams
29616,Taylor,Williams
29617,Taylor,Jones
29618,Casey,Brown
29619,Morgan,Jones
29620,Jordan,Brown
29621,Casey,Williams
29622,Morgan,Johnson
29623,Jordan,Brown
29624,Casey,Williams
29625,Alex,Johnson
29626,Taylor,Smith
29627,Morgan,Jones
29628,Jordan,Brown
29629,Morgan,Brown
29630,Casey,Smith
29631,Alex,Johnson
29632,Alex,Smith
29633,Taylor,Jones
29634,Casey,Jones
29635,Morgan,Johnson
29636,Casey,Smith
29637,Alex,Smith
29638,Jordan,Jones
29639,Taylor,Williams
29640,Casey,Jones
29641,Taylor,Jones
29642,Jordan,Brown
29643,Jordan,Brown
29644,Jordan,Smith
29645,Morgan,Smith
29646,Jordan,Smith
29647,Jordan,Smith
29648,Morgan,Smith
29649,Taylor,Smith
29650,Alex,Jones
29651,Alex,Brown
29652,Casey,Smith
29653,Alex,Smith
29654,Morgan,Johnson
29655,Jordan,Smith
29656,Casey,Jones
29657,Taylor,Williams
29658,Alex,Smith
29659,Casey,Jones
29660,Jordan,Williams
29661,Morgan,Johnson
29662,Alex,Brown
29663,Casey,Williams
29664,Morgan,Jones
29665,Jordan,Brown
29666,Casey,Brown
29667,Casey,Johnson
29668,Taylor,Johnson
29669,Casey,Smith
29670,Casey,Jones
29671,Alex,Johnson
29672,Morgan,Brown
29673,Morgan,Smith
29674,Jordan,Johnson
29675,Morgan,Williams
29676,Alex,Johnson
29677,Taylor,Smith
29678,Morgan,Johnson
29679,Morgan,Smith
29680,Casey,Brown
29681,Morgan,Jones
29682,Casey,Smith
29683,Morgan,Smith
29684,Taylor,Smith
29685,Casey,Jones
29686,Jordan,Brown
29687,Alex,Jones
29688,Alex,Johnson
29689,Alex,Williams
29690,Taylor,Smith
29691,Morgan,Brown
29692,Jordan,Smith
29693,Casey,Johnson
29694,Taylor,Brown
29695,Taylor,Smith
29696,Casey,Johnson
29697,Taylor,Brown
29698,Morgan,Jones
29699,Jordan,Johnson
29700,Casey,Brown
29701,Casey,Williams
29702,Alex,Brown
29703,Alex,Jones
29704,Casey,Brown
29705,Taylor,Williams
29706,Jordan,Johnson
29707,Alex,Smith
29708,Taylor,Jones
29709,Morgan,Jones
29710,Casey,Williams
29711,Morgan,Smith
29712,Casey,Williams
29713,Casey,Johnson
29714,Casey,Johnson
29715,Alex,Johnson
29716,Morgan,Brown
29717,Morgan,Jones
29718,Taylor,Brown
29719,Morgan,Jones
29720,Taylor,Williams
29721,Casey,Williams
29722,Alex,Jones
29723,Taylor,Brown
29724,Jordan,Smith
29725,Morgan,Jones
29726,Casey,Brown
29727,Alex,Jones
29728,Alex,Jones
29729,Casey,Smith
29730,Jordan,Jones
29731,Casey,Jones
29732,Alex,Jones
29733,Casey,Johnson
29734,Alex,Jones
29735,Alex,Williams
29736,Casey,Smith
29737,Alex,Brown
29738,Casey,Johnson
29739,Morgan,Smith
29740,Morgan,Johnson
29741,Jordan,Jones
29742,Morgan,Brown
29743,Casey,Johnson
29744,Morgan,Williams
29745,Casey,Smith
29746,Jordan,Brown
29747,Taylor,Smith
29748,Casey,Williams
29749,Jordan,Johnson
29750,Taylor,Jones
29751,Taylor,Brown
29752,Alex,Williams
29753,Casey,Johnson
29754,Taylor,Johnson
29755,Morgan,Williams
29756,Casey,Brown
29757,Casey,Brown
29758,Taylor,Johnson
29759,Alex,Johnson
29760,Morgan,Johnson
29761,Jordan,Williams
29762,Morgan,Smith
29763,Jordan,Smith
29764,Jordan,Brown
29765,Jordan,Williams
29766,Taylor,Smith
29767,Alex,Williams
29768,Jordan,Johnson
29769,Morgan,Brown
29770,Taylor,Johnson
29771,Casey,Brown
29772,Jordan,Johnson
29773,Casey,Smith
29774,Jordan,Jones
29775,Taylor,Williams
29776,Taylor,Jones
29777,Morgan,Smith
29778,Alex,Brown
29779,Alex,Jones
29780,Casey,Williams
29781,Casey,Williams
29782,Alex,Smith
29783,Alex,Smith
29784,Alex,Brown
29785,Alex,Jones
29786,Jordan,Johnson
29787,Taylor,Williams
29788,Alex,Smith
29789,Jordan,Smith
29790,Jordan,Smith
29791,Casey,Jones
29792,Casey,Williams
29793,Alex,Williams
29794,Jordan,Brown
29795,Morgan,Williams
29796,Morgan,Jones
29797,Jordan,Jones
29798,Morgan,Johnson
29799,Taylor,Smith
29800,Casey,Smith
29801,Morgan,Johnson
29802,Casey,Brown
29803,Morgan,Smith
29804,Morgan,Williams
29805,Taylor,Williams
29806,Casey,Brown
29807,Jordan,Jones
29808,Alex,Jones
29809,Alex,Jones
29810,Alex,Smith
29811,Casey,Brown
29812,Casey,Johnson
29813,Casey,Smith
29814,Alex,Smith
29815,Jordan,Williams
29816,Casey,Brown
29817,Casey,Williams
29818,Taylor,Jones
29819,Taylor,Williams
29820,Casey,Johnson
29821,Jordan,Jones
29822,Jordan,Brown
29823,Alex,Williams
29824,Morgan,Johnson
29825,Alex,Smith
29826,Casey,Brown
29827,Jordan,Jones
29828,Alex,Williams
29829,Alex,Smith
29830,Taylor,Brown
29831,Morgan,Johnson
29832,Jordan,Williams
29833,Taylor,Jones
29834,Taylor,Johnson
29835,Alex,Williams
29836,Alex,Brown
29837,Casey,Smith
29838,Taylor,Williams
29839,Morgan,Williams
29840,Morgan,Williams
29841,Jordan,Brown
29842,Jordan,Johnson
29843,Taylor,Brown
29844,Jordan,Brown
29845,Morgan,Smith
29846,Taylor,Williams
29847,Taylor,Johnson
29848,Casey,Jones
29849,Alex,Williams
29850,Casey,Jones
29851,Morgan,Jones
29852,Morgan,Jones
29853,Casey,Williams
29854,Morgan,Smith
29855,Casey,Smith
29856,Casey,Brown
29857,Casey,Brown
29858,Morgan,Smith
29859,Jordan,Smith
29860,Morgan,Williams
29861,Casey,Smith
29862,Morgan,Jones
29863,Morgan,Williams
29864,Alex,Brown
29865,Taylor,Jones
29866,Jordan,Johnson
29867,Alex,Smith
29868,Taylor,Brown
29869,Jordan,Williams
29870,Casey,Johnson
29871,Alex,Williams
29872,Taylor,Brown
29873,Alex,Smith
29874,Morgan,Williams
29875,Alex,Jones
29876,Jordan,Johnson
29877,Jordan,Williams
29878,Casey,Williams
29879,Morgan,Jones
29880,Alex,Smith
29881,Jordan,Smith
29882,Casey,Williams
29883,Casey,Johnson
29884,Taylor,Johnson
29885,Casey,Smith
29886,Taylor,Williams
29887,Taylor,Jones
29888,Casey,Johnson
29889,Alex,Johnson
29890,Taylor,Smith
29891,Taylor,Brown
29892,Casey,Smith
29893,Alex,Brown
29894,Jordan,Smith
29895,Casey,Williams
29896,Alex,Smith
29897,Jordan,Jones
29898,Jordan,Brown
29899,Alex,Jones
29900,Alex,Brown
29901,Casey,Williams
29902,Alex,Brown
29903,Alex,Jones
29904,Morgan,Jones
29905,Jordan,Johnson
29906,Jordan,Jones
29907,Morgan,Smith
29908,Morgan,Jones
29909,Casey,Jones
29910,Alex,Johnson
29911,Morgan,Smith
29912,Casey,Brown
29913,Jordan,Brown
29914,Jordan,Jones
29915,Taylor,Williams
29916,Alex,Brown
29917,Alex,Johnson
29918,Taylor,Williams
29919,Alex,Jones
29920,Morgan,Williams
29921,Morgan,Jones
29922,Alex,Williams
29923,Morgan,Smith
29924,Jordan,Johnson
29925,Taylor,Smith
29926,Casey,Johnson
29927,Taylor,Smith
29928,Alex,Jones
29929,Alex,Brown
29930,Morgan,Brown
29931,Jordan,Johnson
29932,Morgan,Johnson
29933,Alex,Brown
29934,Taylor,Jones
29935,Alex,Smith
29936,Taylor,Brown
29937,Taylor,Smith
29938,Morgan,Smith
29939,Jordan,Williams
29940,Taylor,Jones
29941,Casey,Jones
29942,Morgan,Smith
29943,Morgan,Johnson
29944,Alex,Smith
29945,Alex,Jones
29946,Alex,Jones
29947,Taylor,Williams
29948,Alex,Smith
29949,Taylor,Jones
29950,Jordan,Smith
29951,Morgan,Brown
29952,Alex,Jones
29953,Alex,Jones
29954,Morgan,Brown
29955,Morgan,Johnson
29956,Jordan,Johnson
29957,Alex,Williams
29958,Morgan,Jones
29959,Morgan,Smith
29960,Jordan,Smith
29961,Jordan,Brown
29962,Jordan,Johnson
29963,Alex,Johnson
29964,Alex,Johnson
29965,Alex,Brown
29966,Morgan,Jones
29967,Morgan,Jones
29968,Jordan,Smith
29969,Taylor,Jones
29970,Jordan,Johnson
29971,Taylor,Williams
29972,Alex,Jones
29973,Alex,Brown
29974,Casey,Smith
29975,Jordan,Johnson
29976,Morgan,Williams
29977,Alex,Johnson
29978,Jordan,Williams
29979,Taylor,Brown
29980,Taylor,Brown
29981,Alex,Williams
29982,Casey,Brown
29983,Morgan,Smith
29984,Taylor,Johnson
29985,Taylor,Smith
29986,Alex,Williams
29987,Casey,Jones
29988,Casey,Johnson
29989,Taylor,Williams
29990,Casey,Smith
29991,Morgan,Smith
29992,Alex,Johnson
29993,Casey,Johnson
29994,Alex,Smith
29995,Taylor,Johnson
29996,Morgan,Williams
29997,Casey,Jones
29998,Alex,Jones
29999,Jordan,Brown
30000,Taylor,Williams
30001,Alex,Smith
30002,Casey,Brown
30003,Jordan,Johnson
30004,Alex,Smith
30005,Jordan,Brown
30006,Jordan,Johnson
30007,Alex,Brown
30008,Alex,Jones
30009,Taylor,Brown
30010,Casey,Smith
30011,Alex,Jones
30012,Casey,Smith
30013,Alex,Brown
30014,Taylor,Smith
30015,Alex,Brown
30016,Alex,Brown
30017,Morgan,Jones
30018,Alex,Smith
30019,Morgan,Williams
30020,Casey,Smith
30021,Casey,Williams
30022,Taylor,Smith
30023,Taylor,Jones
30024,Alex,Williams
30025,Alex,Jones
30026,Morgan,Jones
30027,Taylor,Smith
30028,Alex,Johnson
30029,Jordan,Williams
30030,Casey,Jones
30031,Taylor,Williams
30032,Alex,Smith
30033,Casey,Johnson
30034,Jordan,Brown
30035,Taylor,Smith
30036,Alex,Williams
30037,Alex,Smith
30038,Jordan,Jones
30039,Taylor,Smith
30040,Alex,Smith
30041,Jordan,Smith
30042,Morgan,Jones
30043,Jordan,Williams
30044,Casey,Johnson
30045,Jordan,Brown
30046,Taylor,Smith
30047,Alex,Johnson
30048,Alex,Williams
30049,Morgan,Johnson
30050,Alex,Jones
30051,Morgan,Smith
30052,Alex,Smith
30053,Casey,Johnson
30054,Casey,Brown
30055,Alex,Brown
30056,Jordan,Williams
30057,Casey,Jones
30058,Jordan,Brown
30059,Taylor,Johnson
30060,Casey,Jones
30061,Jordan,Brown
30062,Alex,Smith
30063,Taylor,Jones
30064,Morgan,Johnson
30065,Casey,Brown
30066,Morgan,Williams
30067,Taylor,Johnson
30068,Jordan,Jones
30069,Taylor,Brown
30070,Morgan,Johnson
30071,Casey,Johnson
30072,Casey,Jones
30073,Alex,Brown
30074,Casey,Jones
30075,Alex,Johnson
30076,Alex,Smith
30077,Jordan,Jones
30078,Alex,Smith
30079,Morgan,Williams
30080,Alex,Jones
30081,Taylor,Brown
30082,Morgan,Johnson
30083,Alex,Smith
30084,Jordan,Johnson
30085,Morgan,Brown
30086,Casey,Johnson
30087,Casey,Johnson
30088,Taylor,Johnson
30089,Alex,Johnson
30090,Casey,Johnson
30091,Taylor,Brown
30092,Morgan,Brown
30093,Morgan,Johnson
30094,Casey,Brown
30095,Casey,Jones
30096,Alex,Johnson
30097,Jordan,Smith
30098,Morgan,Jones
30099,Casey,Brown
30100,Casey,Smith
30101,Casey,Jones
30102,Jordan,Smith
30103,Alex,Brown
30104,Morgan,Williams
30105,Casey,Smith
30106,Jordan,Johnson
30107,Morgan,Williams
30108,Alex,Williams
30109,Taylor,Williams
30110,Casey,Johnson
30111,Casey,Smith
30112,Taylor,Jones
30113,Taylor,Johnson
30114,Alex,Johnson
30115,Morgan,Smith
30116,Jordan,Williams
30117,Alex,Smith
30118,Jordan,Williams
30119,Casey,Smith
30120,Casey,Brown
30121,Jordan,Williams
30122,Jordan,Johnson
30123,Taylor,Smith
30124,Alex,Williams
30125,Alex,Brown
30126,Taylor,Brown
30127,Taylor,Jones
30128,Morgan,Smith
30129,Alex,Jones
30130,Casey,Williams
30131,Taylor,Brown
30132,Casey,Johnson
30133,Casey,Smith
30134,Alex,Brown
30135,Jordan,Johnson
30136,Alex,Brown
30137,Casey,Williams
30138,Morgan,Johnson
30139,Jordan,Jones
30140,Morgan,Johnson
30141,Jordan,Williams
30142,Taylor,Johnson
30143,Taylor,Williams
30144,Alex,Smith
30145,Taylor,Smith
30146,Taylor,Williams
30147,Morgan,Jones
30148,Casey,Brown
30149,Morgan,Smith
30150,Casey,Jones
30151,Jordan,Smith
30152,Morgan,Brown
30153,Alex,Jones
30154,Jordan,Smith
30155,Casey,Johnson
30156,Jordan,Williams
30157,Alex,Johnson
30158,Alex,Smith
30159,Casey,Smith
30160,Alex,Brown
30161,Jordan,Johnson
30162,Alex,Brown
30163,Jordan,Johnson
30164,Casey,Johnson
30165,Morgan,Johnson
30166,Taylor,Williams
30167,Casey,Johnson
30168,Casey,Brown
30169,Taylor,Johnson
30170,Jordan,Brown
30171,Taylor,Smith
30172,Alex,Brown
30173,Jordan,Jones
30174,Alex,Jones
30175,Jordan,Smith
30176,Casey,Smith
30177,Casey,Brown
30178,Taylor,Williams
30179,Morgan,Johnson
30180,Alex,Williams
30181,Jordan,Brown
30182,Taylor,Brown
30183,Jordan,Johnson
30184,Taylor,Smith
30185,Jordan,Smith
30186,Jordan,Jones
30187,Alex,Smith
30188,Alex,Brown
30189,Jordan,Brown
30190,Casey,Johnson
30191,Jordan,Smith
30192,Taylor,Jones
30193,Casey,Jones
30194,Casey,Williams
30195,Morgan,Williams
30196,Taylor,Smith
30197,Morgan,Brown
30198,Casey,Williams
30199,Alex,Brown
30200,Alex,Johnson
30201,Jordan,Brown
30202,Morgan,Smith
30203,Morgan,Johnson
30204,Casey,Johnson
30205,Taylor,Jones
30206,Jordan,Brown
30207,Casey,Johnson
30208,Casey,Jones
30209,Casey,Smith
30210,Morgan,Brown
30211,Morgan,Brown
30212,Alex,Williams
30213,Morgan,Jones
30214,Casey,Brown
30215,Casey,Smith
30216,Morgan,Jones
30217,Casey,Jones
30218,Jordan,Johnson
30219,Alex,Johnson
30220,Casey,Brown
30221,Taylor,Johnson
30222,Alex,Johnson
30223,Jordan,Jones
30224,Jordan,Johnson
30225,Morgan,Johnson
30226,Casey,Johnson
30227,Alex,Brown
30228,Morgan,Jones
30229,Taylor,Smith
30230,Jordan,Williams
30231,Casey,Smith
30232,Jordan,Jones
30233,Casey,Williams
30234,Taylor,Johnson
30235,Jordan,Williams
30236,Taylor,Smith
30237,Taylor,Williams
30238,Casey,Brown
30239,Alex,Jones
30240,Casey,Johnson
30241,Taylor,Brown
30242,Alex,Brown
30243,Jordan,Smith
30244,Jordan,Williams
30245,Casey,Brown
30246,Morgan,Smith
30247,Taylor,Brown
30248,Casey,Williams
30249,Alex,Smith
30250,Taylor,Jones
30251,Taylor,Smith
30252,Morgan,Johnson
30253,Morgan,Smith
30254,Alex,Jones
30255,Casey,Brown
30256,Casey,Jones
30257,Alex,Jones
30258,Morgan,Williams
30259,Alex,Smith
30260,Morgan,Johnson
30261,Casey,Brown
30262,Jordan,Williams
30263,Taylor,Williams
30264,Alex,Johnson
30265,Alex,Brown
30266,Morgan,Johnson
30267,Casey,Brown
30268,Casey,Brown
30269,Alex,Smith
30270,Taylor,Smith
30271,Alex,Smith
30272,Casey,Jones
30273,Jordan,Smith
30274,Casey,Johnson
30275,Alex,Jones
30276,Casey,Smith
30277,Casey,Jones
30278,Casey,Smith
30279,Casey,Jones
30280,Casey,Johnson
30281,Jordan,Johnson
30282,Morgan,Johnson
30283,Taylor,Smith
30284,Morgan,Smith
30285,Jordan,Williams
30286,Taylor,Williams
30287,Morgan,Williams
30288,Morgan,Brown
30289,Jordan,Williams
30290,Alex,Brown
30291,Morgan,Smith
30292,Casey,Smith
30293,Taylor,Smith
30294,Alex,Williams
30295,Morgan,Smith
30296,Taylor,Brown
30297,Casey,Johnson
30298,Casey,Smith
30299,Jordan,Smith
30300,Casey,Smith
30301,Alex,Brown
30302,Taylor,Jones
30303,Casey,Jones
30304,Alex,Williams
30305,Morgan,Brown
30306,Jordan,Smith
30307,Alex,Jones
30308,Jordan,Brown
30309,Jordan,Brown
30310,Morgan,Brown
30311,Morgan,Jones
30312,Jordan,Smith
30313,Casey,Smith
30314,Casey,Johnson
30315,Alex,Williams
30316,Jordan,Brown
30317,Taylor,Johnson
30318,Morgan,Brown
30319,Morgan,Smith
30320,Jordan,Jones
30321,Jordan,Johnson
30322,Morgan,Smith
30323,Casey,Williams
30324,Casey,Jones
30325,Morgan,Brown
30326,Alex,Johnson
30327,Casey,Smith
30328,Jordan,Smith
30329,Casey,Williams
30330,Jordan,Johnson
30331,Jordan,Williams
30332,Casey,Johnson
30333,Taylor,Brown
30334,Taylor,Johnson
30335,Morgan,Smith
30336,Alex,Williams
30337,Jordan,Brown
30338,Casey,Smith
30339,Casey,Brown
30340,Taylor,Williams
30341,Taylor,Jones
30342,Jordan,Williams
30343,Jordan,Johnson
30344,Jordan,Brown
30345,Jordan,Jones
30346,Taylor,Brown
30347,Taylor,Johnson
30348,Morgan,Smith
30349,Casey,Brown
30350,Morgan,Smith
30351,Alex,Johnson
30352,Alex,Williams
30353,Casey,Smith
30354,Alex,Jones
30355,Jordan,Johnson
30356,Casey,Williams
30357,Casey,Smith
30358,Jordan,Brown
30359,Morgan,Johnson
30360,Casey,Williams
30361,Alex,Brown
30362,Morgan,Brown
30363,Alex,Jones
30364,Alex,Jones
30365,Morgan,Smith
30366,Morgan,Williams
30367,Casey,Jones
30368,Alex,Brown
30369,Jordan,Jones
30370,Alex,Smith
30371,Taylor,Smith
30372,Jordan,Smith
30373,Casey,Smith
30374,Casey,Brown
30375,Casey,Smith
30376,Morgan,Jones
30377,Jordan,Williams
30378,Alex,Johnson
30379,Taylor,Johnson
30380,Casey,Jones
30381,Morgan,Johnson
30382,Jordan,Williams
30383,Taylor,Smith
30384,Casey,Smith
30385,Alex,Williams
30386,Alex,Williams
30387,Casey,Jones
30388,Casey,Brown
30389,Morgan,Jones
30390,Jordan,Smith
30391,Taylor,Johnson
30392,Jordan,Brown
30393,Morgan,Johnson
30394,Morgan,Jones
30395,Morgan,Smith
30396,Taylor,Jones
30397,Taylor,Johnson
30398,Jordan,Smith
30399,Morgan,Smith
30400,Jordan,Brown
30401,Alex,Johnson
30402,Casey,Jones
30403,Morgan,Smith
30404,Taylor,Brown
30405,Morgan,Brown
30406,Jordan,Smith
30407,Morgan,Jones
30408,Morgan,Williams
30409,Casey,Jones
30410,Jordan,Brown
30411,Morgan,Jones
30412,Morgan,Smith
30413,Taylor,Johnson
30414,Taylor,Williams
30415,Morgan,Smith
30416,Taylor,Smith
30417,Jordan,Johnson
30418,Alex,Johnson
30419,Jordan,Jones
30420,Casey,Williams
30421,Alex,Jones
30422,Casey,Brown
30423,Casey,Brown
30424,Casey,Smith
30425,Morgan,Williams
30426,Morgan,Williams
30427,Casey,Jones
30428,Taylor,Smith
30429,Alex,Williams
30430,Morgan,Jones
30431,Alex,Jones
30432,Alex,Johnson
30433,Alex,Jones
30434,Taylor,Johnson
30435,Jordan,Brown
30436,Alex,Smith
30437,Morgan,Williams
30438,Casey,Brown
30439,Morgan,Smith
30440,Alex,Johnson
30441,Morgan,Johnson
30442,Morgan,Smith
30443,Taylor,Williams
30444,Morgan,Smith
30445,Alex,Johnson
30446,Alex,Brown
30447,Jordan,Jones
30448,Morgan,Johnson
30449,Casey,Jones
30450,Morgan,Jones
30451,Jordan,Johnson
30452,Alex,Smith
30453,Taylor,Brown
30454,Casey,Brown
30455,Taylor,Williams
30456,Taylor,Smith
30457,Casey,Williams
30458,Morgan,Johnson
30459,Morgan,Brown
30460,Alex,Jones
30461,Taylor,Williams
30462,Alex,Williams
30463,Morgan,Smith
30464,Morgan,Smith
30465,Casey,Johnson
30466,Alex,Brown
30467,Taylor,Smith
30468,Jordan,Williams
30469,Alex,Brown
30470,Alex,Smith
30471,Morgan,Johnson
30472,Alex,Johnson
30473,Morgan,Williams
30474,Jordan,Brown
30475,Alex,Williams
30476,Taylor,Brown
30477,Morgan,Smith
30478,Taylor,Johnson
30479,Casey,Williams
30480,Jordan,Smith
30481,Morgan,Jones
30482,Morgan,Smith
30483,Jordan,Smith
30484,Jordan,Smith
30485,Morgan,Brown
30486,Taylor,Brown
30487,Morgan,Jones
30488,Taylor,Johnson
30489,Casey,Smith
30490,Alex,Brown
30491,Jordan,Williams
30492,Alex,Johnson
30493,Jordan,Smith
30494,Alex,Jones
30495,Taylor,Smith
30496,Morgan,Smith
30497,Morgan,Johnson
30498,Alex,Johnson
30499,Morgan,Johnson
30500,Jordan,Brown
30501,Jordan,Smith
30502,Jordan,Johnson
30503,Jordan,Jones
30504,Alex,Jones
30505,Alex,Johnson
30506,Casey,Johnson
30507,Jordan,Williams
30508,Casey,Johnson
30509,Casey,Johnson
30510,Morgan,Johnson
30511,Taylor,Smith
30512,Jordan,Smith
30513,Alex,Jones
30514,Jordan,Smith
30515,Morgan,Brown
30516,Alex,Smith
30517,Alex,Johnson
30518,Alex,Johnson
30519,Morgan,Smith
30520,Jordan,Smith
30521,Casey,Jones
30522,Morgan,Smith
30523,Casey,Brown
30524,Alex,Brown
30525,Alex,Smith
30526,Morgan,Smith
30527,Alex,Jones
30528,Alex,Smith
30529,Alex,Smith
30530,Jordan,Smith
30531,Casey,Brown
30532,Taylor,Smith
30533,Taylor,Johnson
30534,Jordan,Brown
30535,Morgan,Jones
30536,Taylor,Brown
30537,Casey,Smith
30538,Alex,Williams
30539,Morgan,Jones
30540,Taylor,Brown
30541,Jordan,Smith
30542,Casey,Johnson
30543,Alex,Brown
30544,Jordan,Smith
30545,Alex,Brown
30546,Alex,Williams
30547,Morgan,Smith
30548,Jordan,Johnson
30549,Taylor,Jones
30550,Taylor,Smith
30551,Alex,Johnson
30552,Taylor,Williams
30553,Morgan,Brown
30554,Alex,Brown
30555,Morgan,Williams
30556,Alex,Brown
30557,Taylor,Williams
30558,Morgan,Johnson
30559,Casey,Williams
30560,Alex,Johnson
30561,Casey,Williams
30562,Morgan,Smith
30563,Casey,Jones
30564,Taylor,Williams
30565,Alex,Jones
30566,Alex,Brown
30567,Casey,Smith
30568,Casey,Johnson
30569,Jordan,Williams
30570,Alex,Williams
30571,Alex,Jones
30572,Taylor,Smith
30573,Casey,Williams
30574,Alex,Smith
30575,Morgan,Smith
30576,Taylor,Jones
30577,Alex,Johnson
30578,Morgan,Jones
30579,Taylor,Brown
30580,Casey,Johnson
30581,Taylor,Jones
30582,Casey,Brown
30583,Alex,Williams
30584,Casey,Williams
30585,Jordan,Smith
30586,Jordan,Williams
30587,Casey,Johnson
30588,Morgan,Johnson
30589,Taylor,Brown
30590,Casey,Brown
30591,Alex,Williams
30592,Morgan,Williams
30593,Alex,Brown
30594,Taylor,Jones
30595,Jordan,Brown
30596,Morgan,Williams
30597,Casey,Jones
30598,Taylor,Brown
30599,Morgan,Jones
30600,Jordan,Johnson
30601,Jordan,Williams
30602,Taylor,Jones
30603,Jordan,Williams
30604,Jordan,Brown
30605,Taylor,Jones
30606,Morgan,Jones
30607,Alex,Jones
30608,Alex,Williams
30609,Morgan,Williams
30610,Alex,Smith
30611,Casey,Williams
30612,Taylor,Smith
30613,Alex,Brown
30614,Taylor,Jones
30615,Taylor,Johnson
30616,Morgan,Smith
30617,Morgan,Williams
30618,Casey,Smith
30619,Jordan,Brown
30620,Casey,Smith
30621,Taylor,Williams
30622,Alex,Smith
30623,Morgan,Jones
30624,Alex,Johnson
30625,Jordan,Williams
30626,Casey,Jones
30627,Taylor,Jones
30628,Jordan,Brown
30629,Casey,Johnson
30630,Alex,Jones
30631,Alex,Johnson
30632,Casey,Williams
30633,Casey,Smith
30634,Alex,Jones
30635,Alex,Williams
30636,Casey,Smith
30637,Alex,Jones
30638,Taylor,Brown
30639,Morgan,Jones
30640,Taylor,Brown
30641,Morgan,Brown
30642,Taylor,Brown
30643,Alex,Johnson
30644,Casey,Johnson
30645,Casey,Smith
30646,Alex,Smith
30647,Casey,Johnson
30648,Taylor,Williams
30649,Taylor,Smith
30650,Casey,Brown
30651,Morgan,Brown
30652,Morgan,Williams
30653,Casey,Brown
30654,Taylor,Johnson
30655,Alex,Jones
30656,Alex,Smith
30657,Morgan,Johnson
30658,Taylor,Jones
30659,Morgan,Jones
30660,Jordan,Brown
30661,Alex,Smith
30662,Taylor,Johnson
30663,Taylor,Williams
30664,Alex,Jones
30665,Alex,Smith
30666,Casey,Johnson
30667,Taylor,Jones
30668,Taylor,Smith
30669,Taylor,Smith
30670,Alex,Jones
30671,Morgan,Jones
30672,Morgan,Brown
30673,Jordan,Williams
30674,Alex,Smith
30675,Casey,Smith
30676,Morgan,Johnson
30677,Jordan,Johnson
30678,Taylor,Williams
30679,Alex,Johnson
30680,Jordan,Johnson
30681,Casey,Brown
30682,Casey,Johnson
30683,Alex,Johnson
30684,Casey,Williams
30685,Morgan,Smith
30686,Casey,Johnson
30687,Taylor,Jones
30688,Alex,Johnson
30689,Alex,Brown
30690,Jordan,Williams
30691,Morgan,Williams
30692,Taylor,Williams
30693,Alex,Jones
30694,Casey,Brown
30695,Taylor,Brown
30696,Jordan,Smith
30697,Jordan,Johnson
30698,Taylor,Williams
30699,Alex,Brown
30700,Taylor,Smith
30701,Casey,Jones
30702,Casey,Johnson
30703,Morgan,Johnson
30704,Alex,Johnson
30705,Morgan,Smith
30706,Taylor,Smith
30707,Alex,Brown
30708,Morgan,Brown
30709,Alex,Brown
30710,Jordan,Brown
30711,Morgan,Smith
30712,Morgan,Jones
30713,Casey,Johnson
30714,Taylor,Williams
30715,Casey,Brown
30716,Alex,Smith
30717,Alex,Jones
30718,Taylor,Brown
30719,Taylor,Williams
30720,Taylor,Brown
30721,Jordan,Johnson
30722,Casey,Jones
30723,Jordan,Brown
30724,Taylor,Brown
30725,Casey,Smith
30726,Jordan,Smith
30727,Casey,Johnson
30728,Casey,Johnson
30729,Alex,Williams
30730,Morgan,Williams
30731,Alex,Johnson
30732,Jordan,Williams
30733,Taylor,Brown
30734,Morgan,Johnson
30735,Morgan,Smith
30736,Taylor,Brown
30737,Morgan,Smith
30738,Jordan,Jones
30739,Taylor,Johnson
30740,Taylor,Jones
30741,Casey,Jones
30742,Morgan,Williams
30743,Jordan,Jones
30744,Alex,Johnson
30745,Jordan,Jones
30746,Casey,Johnson
30747,Taylor,Jones
30748,Taylor,Williams
30749,Casey,Williams
30750,Casey,Johnson
30751,Morgan,Williams
30752,Taylor,Jones
30753,Alex,Williams
30754,Jordan,Williams
30755,Alex,Smith
30756,Alex,Jones
30757,Taylor,Brown
30758,Morgan,Jones
30759,Alex,Brown
30760,Casey,Johnson
30761,Taylor,Johnson
30762,Morgan,Williams
30763,Alex,Williams
30764,Jordan,Smith
30765,Casey,Johnson
30766,Taylor,Jones
30767,Jordan,Brown
30768,Casey,Brown
30769,Morgan,Smith
30770,Alex,Smith
30771,Casey,Smith
30772,Alex,Johnson
30773,Taylor,Jones
30774,Casey,Smith
30775,Casey,Brown
30776,Taylor,Brown
30777,Casey,Brown
30778,Taylor,Smith
30779,Alex,Smith
30780,Taylor,Smith
30781,Alex,Johnson
30782,Alex,Jones
30783,Casey,Johnson
30784,Alex,Brown
30785,Casey,Jones
30786,Casey,Johnson
30787,Taylor,Smith
30788,Taylor,Johnson
30789,Taylor,Brown
30790,Casey,Brown
30791,Jordan,Jones
30792,Casey,Jones
30793,Morgan,Brown
30794,Jordan,Johnson
30795,Taylor,Jones
30796,Casey,Smith
30797,Alex,Brown
30798,Jordan,Johnson
30799,Jordan,Smith
30800,Alex,Brown
30801,Casey,Brown
30802,Jordan,Smith
30803,Alex,Smith
30804,Morgan,Johnson
30805,Casey,Williams
30806,Jordan,Jones
30807,Jordan,Smith
30808,Casey,Smith
30809,Jordan,Jones
30810,Alex,Brown
30811,Taylor,Johnson
30812,Morgan,Williams
30813,Jordan,Smith
30814,Morgan,Smith
30815,Casey,Jones
30816,Casey,Jones
30817,Taylor,Johnson
30818,Alex,Jones
30819,Casey,Jones
30820,Casey,Williams
30821,Jordan,Jones
30822,Jordan,Smith
30823,Casey,Smith
30824,Jordan,Smith
30825,Morgan,Williams
30826,Jordan,Smith
30827,Jordan,Smith
30828,Morgan,Johnson
30829,Alex,Jones
30830,Morgan,Smith
30831,Morgan,Brown
30832,Casey,Williams
30833,Morgan,Jones
30834,Casey,Williams
30835,Morgan,Jones
30836,Morgan,Williams
30837,Taylor,Brown
30838,Morgan,Brown
30839,Casey,Jones
30840,Alex,Smith
30841,Taylor,Jones
30842,Alex,Johnson
30843,Casey,Smith
30844,Taylor,Johnson
30845,Alex,Jones
30846,Taylor,Jones
30847,Casey,Williams
30848,Casey,Williams
30849,Taylor,Smith
30850,Casey,Jones
30851,Casey,Brown
30852,Taylor,Williams
30853,Casey,Smith
30854,Jordan,Williams
30855,Taylor,Johnson
30856,Casey,Smith
30857,Alex,Jones
30858,Jordan,Jones
30859,Casey,Brown
30860,Alex,Jones
30861,Alex,Jones
30862,Taylor,Smith
30863,Jordan,Williams
30864,Alex,Johnson
30865,Casey,Brown
30866,Alex,Jones
30867,Jordan,Brown
30868,Taylor,Brown
30869,Jordan,Brown
30870,Jordan,Johnson
30871,Morgan,Williams
30872,Taylor,Smith
30873,Morgan,Smith
30874,Jordan,Jones
30875,Morgan,Brown
30876,Jordan,Johnson
30877,Alex,Williams
30878,Alex,Jones
30879,Alex,Johnson
30880,Casey,Jones
30881,Alex,Johnson
30882,Alex,Jones
30883,Jordan,Williams
30884,Jordan,Smith
30885,Jordan,Jones
30886,Jordan,Jones
30887,Casey,Jones
30888,Morgan,Smith
30889,Jordan,Johnson
30890,Jordan,Johnson
30891,Casey,Smith
30892,Morgan,Johnson
30893,Alex,Williams
30894,Casey,Jones
30895,Taylor,Smith
30896,Morgan,Williams
30897,Taylor,Smith
30898,Morgan,Williams
30899,Morgan,Johnson
30900,Taylor,Brown
30901,Alex,Jones
30902,Alex,Williams
30903,Taylor,Johnson
30904,Taylor,Brown
30905,Taylor,Brown
30906,Jordan,Smith
30907,Taylor,Smith
30908,Taylor,Johnson
30909,Casey,Jones
30910,Taylor,Brown
30911,Jordan,Jones
30912,Alex,Jones
30913,Taylor,Jones
30914,Taylor,Jones
30915,Casey,Jones
30916,Morgan,Johnson
30917,Alex,Brown
30918,Casey,Johnson
30919,Alex,Jones
30920,Jordan,Brown
30921,Taylor,Johnson
30922,Alex,Johnson
30923,Alex,Brown
30924,Morgan,Johnson
30925,Taylor,Jones
30926,Casey,Williams
30927,Morgan,Johnson
30928,Jordan,Jones
30929,Casey,Smith
30930,Casey,Jones
30931,Jordan,Johnson
30932,Alex,Jones
30933,Casey,Brown
30934,Taylor,Jones
30935,Alex,Jones
30936,Taylor,Williams
30937,Morgan,Williams
30938,Jordan,Jones
30939,Jordan,Williams
30940,Alex,Williams
30941,Morgan,Brown
30942,Jordan,Brown
30943,Taylor,Smith
30944,Alex,Williams
30945,Morgan,Johnson
30946,Casey,Brown
30947,Alex,Smith
30948,Jordan,Brown
30949,Morgan,Williams
30950,Casey,Williams
30951,Taylor,Jones
30952,Morgan,Smith
30953,Casey,Jones
30954,Casey,Johnson
30955,Taylor,Williams
30956,Alex,Jones
30957,Casey,Smith
30958,Jordan,Smith
30959,Jordan,Jones
30960,Morgan,Williams
30961,Morgan,Smith
30962,Morgan,Jones
30963,Morgan,Brown
30964,Morgan,Williams
30965,Alex,Smith
30966,Jordan,Johnson
30967,Casey,Smith
30968,Taylor,Williams
30969,Alex,Brown
30970,Morgan,Jones
30971,Jordan,Johnson
30972,Casey,Smith
30973,Taylor,Jones
30974,Taylor,Brown
30975,Jordan,Jones
30976,Taylor,Williams
30977,Jordan,Williams
30978,Alex,Johnson
30979,Taylor,Johnson
30980,Morgan,Jones
30981,Jordan,Brown
30982,Casey,Smith
30983,Jordan,Smith
30984,Taylor,Johnson
30985,Taylor,Jones
30986,Alex,Brown
30987,Jordan,Jones
30988,Alex,Brown
30989,Morgan,Smith
30990,Taylor,Williams
30991,Casey,Johnson
30992,Casey,Williams
30993,Morgan,Smith
30994,Morgan,Johnson
30995,Jordan,Brown
30996,Jordan,Jones
30997,Casey,Smith
30998,Alex,Brown
30999,Casey,Jones
31000,Jordan,Jones
31001,Casey,Brown
31002,Jordan,Smith
31003,Jordan,Smith
31004,Morgan,Williams
31005,Jordan,Smith
31006,Jordan,Jones
31007,Morgan,Jones
31008,Morgan,Jones
31009,Casey,Smith
31010,Morgan,Jones
31011,Jordan,Williams
31012,Jordan,Brown
31013,Jordan,Brown
31014,Morgan,Williams
31015,Jordan,Brown
31016,Alex,Jones
31017,Jordan,Williams
31018,Taylor,Williams
31019,Alex,Johnson
31020,Jordan,Jones
31021,Jordan,Smith
31022,Alex,Williams
31023,Casey,Smith
31024,Alex,Brown
31025,Casey,Williams
31026,Jordan,Jones
31027,Alex,Johnson
31028,Casey,Brown
31029,Jordan,Jones
31030,Morgan,Smith
31031,Casey,Johnson
31032,Morgan,Jones
31033,Casey,Jones
31034,Taylor,Jones
31035,Taylor,Williams
31036,Alex,Brown
31037,Jordan,Smith
31038,Taylor,Williams
31039,Casey,Williams
31040,Casey,Williams
31041,Alex,Brown
31042,Jordan,Williams
31043,Morgan,Jones
31044,Casey,Johnson
31045,Morgan,Smith
31046,Casey,Smith
31047,Casey,Brown
31048,Casey,Johnson
31049,Casey,Johnson
31050,Alex,Jones
31051,Jordan,Williams
31052,Morgan,Jones
31053,Alex,Williams
31054,Jordan,Smith
31055,Casey,Jones
31056,Alex,Jones
31057,Taylor,Johnson
31058,Taylor,Williams
31059,Jordan,Brown
31060,Casey,Brown
31061,Jordan,Jones
31062,Casey,Brown
31063,Morgan,Smith
31064,Morgan,Johnson
31065,Alex,Johnson
31066,Alex,Williams
31067,Alex,Williams
31068,Taylor,Williams
31069,Alex,Brown
31070,Casey,Brown
31071,Casey,Jones
31072,Casey,Williams
31073,Morgan,Jones
31074,Alex,Jones
31075,Casey,Brown
31076,Morgan,Johnson
31077,Taylor,Brown
31078,Alex,Brown
31079,Casey,Williams
31080,Taylor,Johnson
31081,Taylor,Smith
31082,Jordan,Brown
31083,Taylor,Williams
31084,Alex,Brown
31085,Jordan,Smith
31086,Casey,Brown
31087,Jordan,Smith
31088,Alex,Williams
31089,Casey,Williams
31090,Alex,Williams
31091,Jordan,Williams
31092,Alex,Johnson
31093,Morgan,Brown
31094,Taylor,Brown
31095,Morgan,Johnson
31096,Alex,Brown
31097,Alex,Williams
31098,Morgan,Smith
31099,Jordan,Smith
31100,Morgan,Brown
31101,Taylor,Johnson
31102,Morgan,Smith
31103,Morgan,Johnson
31104,Alex,Williams
31105,Taylor,Brown
31106,Jordan,Jones
31107,Jordan,Smith
31108,Alex,Williams
31109,Jordan,Jones
31110,Casey,Johnson
31111,Jordan,Williams
31112,Casey,Johnson
31113,Morgan,Jones
31114,Casey,Brown
31115,Taylor,Brown
31116,Casey,Smith
31117,Morgan,Jones
31118,Taylor,Johnson
31119,Jordan,Jones
31120,Jordan,Smith
31121,Alex,Smith
31122,Taylor,Smith
31123,Casey,Brown
31124,Morgan,Brown
31125,Morgan,Jones
31126,Morgan,Johnson
31127,Taylor,Johnson
31128,Jordan,Brown
31129,Alex,Johnson
31130,Morgan,Johnson
31131,Morgan,Johnson
31132,Morgan,Brown
31133,Alex,Williams
31134,Taylor,Johnson
31135,Alex,Johnson
31136,Morgan,Brown
31137,Taylor,Brown
31138,Casey,Williams
31139,Taylor,Jones
31140,Taylor,Johnson
31141,Alex,Jones
31142,Taylor,Jones
31143,Casey,Jones
31144,Morgan,Williams
31145,Morgan,Smith
31146,Morgan,Johnson
31147,Taylor,Williams
31148,Morgan,Williams
31149,Casey,Williams
31150,Alex,Smith
31151,Casey,Brown
31152,Morgan,Jones
31153,Jordan,Brown
31154,Alex,Brown
31155,Morgan,Smith
31156,Morgan,Smith
31157,Taylor,Smith
31158,Jordan,Smith
31159,Morgan,Johnson
31160,Taylor,Jones
31161,Jordan,Smith
31162,Taylor,Williams
31163,Alex,Brown
31164,Jordan,Williams
31165,Casey,Brown
31166,Casey,Smith
31167,Morgan,Johnson
31168,Casey,Brown
31169,Casey,Williams
31170,Alex,Williams
31171,Casey,Williams
31172,Alex,Brown
31173,Jordan,Smith
31174,Alex,Johnson
31175,Casey,Smith
31176,Morgan,Jones
31177,Casey,Smith
31178,Morgan,Williams
31179,Morgan,Jones
31180,Morgan,Jones
31181,Casey,Jones
31182,Alex,Jones
31183,Taylor,Smith
31184,Alex,Williams
31185,Taylor,Williams
31186,Morgan,Smith
31187,Taylor,Williams
31188,Casey,Brown
31189,Jordan,Brown
31190,Morgan,Williams
31191,Jordan,Brown
31192,Alex,Johnson
31193,Morgan,Johnson
31194,Jordan,Smith
31195,Taylor,Smith
31196,Casey,Smith
31197,Morgan,Johnson
31198,Taylor,Jones
31199,Taylor,Jones
31200,Casey,Smith
31201,Taylor,Johnson
31202,Morgan,Brown
31203,Morgan,Johnson
31204,Jordan,Smith
31205,Jordan,Williams
31206,Alex,Brown
31207,Alex,Johnson
31208,Casey,Jones
31209,Morgan,Jones
31210,Alex,Smith
31211,Alex,Williams
31212,Alex,Williams
31213,Casey,Williams
31214,Casey,Brown
31215,Morgan,Johnson
31216,Morgan,Brown
31217,Casey,Johnson
31218,Casey,Johnson
31219,Alex,Johnson
31220,Alex,Johnson
31221,Taylor,Johnson
31222,Taylor,Brown
31223,Taylor,Williams
31224,Alex,Smith
31225,Jordan,Smith
31226,Jordan,Brown
31227,Taylor,Brown
31228,Taylor,Williams
31229,Taylor,Smith
31230,Taylor,Smith
31231,Jordan,Johnson
31232,Morgan,Smith
31233,Morgan,Jones
31234,Alex,Smith
31235,Taylor,Brown
31236,Morgan,Jones
31237,Jordan,Brown
31238,Casey,Smith
31239,Casey,Williams
31240,Jordan,Jones
31241,Alex,Johnson
31242,Jordan,Williams
31243,Taylor,Brown
31244,Alex,Johnson
31245,Jordan,Brown
31246,Casey,Brown
31247,Taylor,Johnson
31248,Alex,Johnson
31249,Casey,Johnson
31250,Taylor,Brown
31251,Casey,Johnson
31252,Morgan,Johnson
31253,Taylor,Williams
31254,Jordan,Jones
31255,Casey,Johnson
31256,Casey,Jones
31257,Taylor,Williams
31258,Morgan,Johnson
31259,Alex,Jones
31260,Jordan,Brown
31261,Alex,Brown
31262,Alex,Smith
31263,Alex,Jones
31264,Morgan,Jones
31265,Jordan,Smith
31266,Jordan,Brown
31267,Morgan,Jones
31268,Alex,Johnson
31269,Taylor,Smith
31270,Alex,Smith
31271,Morgan,Johnson
31272,Jordan,Smith
31273,Morgan,Brown
31274,Morgan,Johnson
31275,Jordan,Williams
31276,Taylor,Jones
31277,Casey,Jones
31278,Taylor,Johnson
31279,Taylor,Johnson
31280,Alex,Williams
31281,Taylor,Williams
31282,Casey,Smith
31283,Taylor,Smith
31284,Taylor,Smith
31285,Morgan,Jones
31286,Morgan,Johnson
31287,Taylor,Brown
31288,Casey,Brown
31289,Morgan,Smith
31290,Jordan,Jones
31291,Morgan,Johnson
31292,Morgan,Smith
31293,Taylor,Smith
31294,Casey,Johnson
31295,Morgan,Williams
31296,Jordan,Jones
31297,Taylor,Williams
31298,Alex,Smith
31299,Alex,Smith
31300,Alex,Brown
31301,Morgan,Brown
31302,Casey,Jones
31303,Jordan,Brown
31304,Alex,Johnson
31305,Alex,Jones
31306,Casey,Williams
31307,Taylor,Johnson
31308,Morgan,Jones
31309,Jordan,Johnson
31310,Casey,Jones
31311,Alex,Jones
31312,Alex,Smith
31313,Morgan,Brown
31314,Taylor,Smith
31315,Taylor,Williams
31316,Alex,Johnson
31317,Jordan,Brown
31318,Taylor,Williams
31319,Jordan,Smith
31320,Morgan,Williams
31321,Taylor,Williams
31322,Morgan,Williams
31323,Casey,Williams
31324,Taylor,Johnson
31325,Jordan,Smith
31326,Taylor,Johnson
31327,Alex,Smith
31328,Alex,Williams
31329,Taylor,Johnson
31330,Morgan,Smith
31331,Casey,Johnson
31332,Casey,Johnson
31333,Taylor,Williams
31334,Alex,Johnson
31335,Taylor,Brown
31336,Casey,Smith
31337,Morgan,Jones
31338,Alex,Brown
31339,Morgan,Jones
31340,Casey,Williams
31341,Casey,Williams
31342,Alex,Brown
31343,Morgan,Johnson
31344,Jordan,Williams
31345,Jordan,Smith
31346,Taylor,Smith
31347,Casey,Williams
31348,Taylor,Johnson
31349,Morgan,Johnson
31350,Casey,Williams
31351,Taylor,Johnson
31352,Alex,Williams
31353,Jordan,Jones
31354,Taylor,Williams
31355,Alex,Williams
31356,Alex,Smith
31357,Casey,Brown
31358,Taylor,Smith
31359,Taylor,Smith
31360,Jordan,Jones
31361,Jordan,Jones
31362,Jordan,Williams
31363,Jordan,Williams
31364,Casey,Jones
31365,Morgan,Williams
31366,Casey,Brown
31367,Alex,Johnson
31368,Morgan,Jones
31369,Morgan,Smith
31370,Alex,Brown
31371,Alex,Williams
31372,Jordan,Brown
31373,Jordan,Smith
31374,Alex,Brown
31375,Casey,Smith
31376,Jordan,Smith
31377,Taylor,Jones
31378,Alex,Brown
31379,Taylor,Williams
31380,Casey,Williams
31381,Casey,Brown
31382,Taylor,Williams
31383,Morgan,Brown
31384,Casey,Johnson
31385,Casey,Williams
31386,Morgan,Williams
31387,Morgan,Jones
31388,Taylor,Smith
31389,Casey,Smith
31390,Taylor,Jones
31391,Morgan,Brown
31392,Casey,Johnson
31393,Taylor,Jones
31394,Jordan,Jones
31395,Casey,Johnson
31396,Taylor,Johnson
31397,Jordan,Johnson
31398,Jordan,Williams
31399,Morgan,Johnson
31400,Alex,Williams
31401,Taylor,Smith
31402,Jordan,Jones
31403,Alex,Williams
31404,Taylor,Smith
31405,Jordan,Jones
31406,Casey,Brown
31407,Alex,Smith
31408,Taylor,Smith
31409,Casey,Jones
31410,Casey,Johnson
31411,Alex,Jones
31412,Jordan,Johnson
31413,Taylor,Brown
31414,Taylor,Johnson
31415,Morgan,Brown
31416,Casey,Smith
31417,Alex,Brown
31418,Jordan,Brown
31419,Morgan,Williams
31420,Taylor,Johnson
31421,Casey,Brown
31422,Casey,Johnson
31423,Taylor,Jones
31424,Taylor,Jones
31425,Jordan,Smith
31426,Alex,Jones
31427,Jordan,Jones
31428,Morgan,Smith
31429,Alex,Brown
31430,Morgan,Smith
31431,Jordan,Brown
31432,Taylor,Johnson
31433,Casey,Johnson
31434,Morgan,Smith
31435,Morgan,Jones
31436,Taylor,Jones
31437,Alex,Williams
31438,Taylor,Williams
31439,Casey,Johnson
31440,Alex,Brown
31441,Alex,Brown
31442,Taylor,Smith
31443,Morgan,Brown
31444,Alex,Brown
31445,Alex,Smith
31446,Morgan,Johnson
31447,Jordan,Jones
31448,Morgan,Williams
31449,Morgan,Jones
31450,Jordan,Smith
31451,Casey,Smith
31452,Jordan,Johnson
31453,Taylor,Johnson
31454,Alex,Smith
31455,Taylor,Jones
31456,Alex,Williams
31457,Morgan,Johnson
31458,Alex,Johnson
31459,Morgan,Johnson
31460,Casey,Johnson
31461,Morgan,Johnson
31462,Casey,Williams
31463,Jordan,Brown
31464,Alex,Jones
31465,Taylor,Johnson
31466,Alex,Brown
31467,Casey,Williams
31468,Taylor,Johnson
31469,Alex,Jones
31470,Morgan,Brown
31471,Alex,Williams
31472,Morgan,Smith
31473,Taylor,Jones
31474,Casey,Brown
31475,Taylor,Williams
31476,Casey,Williams
31477,Taylor,Brown
31478,Casey,Johnson
31479,Jordan,Jones
31480,Taylor,Williams
31481,Casey,Williams
31482,Alex,Smith
31483,Morgan,Jones
31484,Morgan,Jones
31485,Jordan,Johnson
31486,Casey,Johnson
31487,Casey,Smith
31488,Taylor,Brown
31489,Morgan,Williams
31490,Jordan,Williams
31491,Morgan,Smith
31492,Jordan,Smith
31493,Taylor,Williams
31494,Alex,Johnson
31495,Alex,Johnson
31496,Taylor,Jones
31497,Taylor,Jones
31498,Morgan,Brown
31499,Morgan,Smith
31500,Taylor,Williams
31501,Taylor,Williams
31502,Jordan,Brown
31503,Taylor,Jones
31504,Jordan,Smith
31505,Morgan,Williams
31506,Taylor,Smith
31507,Jordan,Johnson
31508,Casey,Jones
31509,Alex,Jones
31510,Casey,Brown
31511,Alex,Williams
31512,Casey,Jones
31513,Alex,Brown
31514,Jordan,Williams
31515,Morgan,Jones
31516,Jordan,Brown
31517,Morgan,Smith
31518,Casey,Williams
31519,Alex,Brown
31520,Casey,Smith
31521,Taylor,Smith
31522,Taylor,Johnson
31523,Casey,Smith
31524,Jordan,Williams
31525,Morgan,Johnson
31526,Alex,Brown
31527,Alex,Jones
31528,Morgan,Jones
31529,Taylor,Brown
31530,Taylor,Brown
31531,Morgan,Jones
31532,Morgan,Williams
31533,Jordan,Brown
31534,Jordan,Jones
31535,Taylor,Brown
31536,Casey,Smith
31537,Casey,Johnson
31538,Taylor,Jones
31539,Jordan,Jones
31540,Taylor,Williams
31541,Casey,Williams
31542,Taylor,Smith
31543,Morgan,Williams
31544,Morgan,Brown
31545,Morgan,Johnson
31546,Jordan,Johnson
31547,Alex,Brown
31548,Morgan,Williams
31549,Casey,Williams
31550,Jordan,Smith
31551,Morgan,Smith
31552,Morgan,Brown
31553,Jordan,Brown
31554,Jordan,Smith
31555,Alex,Smith
31556,Alex,Johnson
31557,Alex,Johnson
31558,Taylor,Johnson
31559,Alex,Smith
31560,Morgan,Brown
31561,Morgan,Smith
31562,Alex,Jones
31563,Jordan,Williams
31564,Morgan,Williams
31565,Casey,Williams
31566,Alex,Johnson
31567,Morgan,Johnson
31568,Jordan,Brown
31569,Morgan,Smith
31570,Jordan,Jones
31571,Morgan,Jones
31572,Morgan,Smith
31573,Jordan,Smith
31574,Jordan,Jones
31575,Morgan,Johnson
31576,Taylor,Smith
31577,Jordan,Johnson
31578,Alex,Smith
31579,Taylor,Smith
31580,Casey,Johnson
31581,Casey,Jones
31582,Jordan,Smith
31583,Casey,Smith
31584,Taylor,Jones
31585,Casey,Williams
31586,Jordan,Johnson
31587,Casey,Johnson
31588,Alex,Brown
31589,Casey,Johnson
31590,Alex,Johnson
31591,Taylor,Johnson
31592,Jordan,Smith
31593,Taylor,Brown
31594,Alex,Williams
31595,Casey,Brown
31596,Jordan,Williams
31597,Alex,Williams
31598,Alex,Brown
31599,Casey,Johnson
31600,Casey,Smith
31601,Taylor,Brown
31602,Casey,Brown
31603,Alex,Williams
31604,Alex,Smith
31605,Alex,Jones
31606,Casey,Johnson
31607,Alex,Williams
31608,Jordan,Smith
31609,Alex,Johnson
31610,Alex,Jones
31611,Taylor,Smith
31612,Morgan,Brown
31613,Alex,Johnson
31614,Casey,Brown
31615,Taylor,Jones
31616,Taylor,Williams
31617,Morgan,Smith
31618,Morgan,Johnson
31619,Taylor,Smith
31620,Jordan,Brown
31621,Casey,Johnson
31622,Morgan,Smith
31623,Jordan,Johnson
31624,Alex,Williams
31625,Taylor,Brown
31626,Jordan,Johnson
31627,Taylor,Brown
31628,Alex,Williams
31629,Taylor,Williams
31630,Morgan,Williams
31631,Casey,Williams
31632,Casey,Smith
31633,Morgan,Brown
31634,Casey,Williams
31635,Casey,Brown
31636,Morgan,Williams
31637,Jordan,Johnson
31638,Alex,Johnson
31639,Morgan,Williams
31640,Taylor,Smith
31641,Morgan,Williams
31642,Taylor,Smith
31643,Morgan,Johnson
31644,Jordan,Jones
31645,Casey,Johnson
31646,Alex,Jones
31647,Taylor,Williams
31648,Taylor,Jones
31649,Jordan,Johnson
31650,Morgan,Brown
31651,Alex,Smith
31652,Jordan,Brown
31653,Morgan,Brown
31654,Alex,Jones
31655,Alex,Brown
31656,Morgan,Williams
31657,Casey,Brown
31658,Taylor,Smith
31659,Casey,Brown
31660,Alex,Brown
31661,Jordan,Jones
31662,Morgan,Williams
31663,Jordan,Williams
31664,Alex,Brown
31665,Morgan,Johnson
31666,Jordan,Jones
31667,Jordan,Brown
31668,Taylor,Brown
31669,Alex,Williams
31670,Alex,Johnson
31671,Morgan,Smith
31672,Jordan,Smith
31673,Jordan,Williams
31674,Taylor,Johnson
31675,Casey,Brown
31676,Taylor,Williams
31677,Jordan,Smith
31678,Jordan,Johnson
31679,Taylor,Williams
31680,Alex,Smith
31681,Taylor,Smith
31682,Alex,Smith
31683,Casey,Brown
31684,Jordan,Brown
31685,Casey,Johnson
31686,Alex,Brown
31687,Taylor,Jones
31688,Jordan,Brown
31689,Taylor,Brown
31690,Casey,Smith
31691,Alex,Williams
31692,Alex,Williams
31693,Alex,Brown
31694,Morgan,Jones
31695,Casey,Smith
31696,Taylor,Brown
31697,Morgan,Brown
31698,Taylor,Smith
31699,Morgan,Smith
31700,Alex,Johnson
31701,Morgan,Williams
31702,Jordan,Williams
31703,Taylor,Johnson
31704,Taylor,Jones
31705,Casey,Brown
31706,Taylor,Johnson
31707,Casey,Johnson
31708,Jordan,Johnson
31709,Morgan,Johnson
31710,Casey,Williams
31711,Alex,Brown
31712,Casey,Brown
31713,Casey,Williams
31714,Morgan,Johnson
31715,Taylor,Williams
31716,Alex,Brown
31717,Casey,Jones
31718,Casey,Williams
31719,Morgan,Jones
31720,Jordan,Brown
31721,Casey,Smith
31722,Morgan,Brown
31723,Taylor,Jones
31724,Taylor,Johnson
31725,Jordan,Brown
31726,Jordan,Jones
31727,Morgan,Smith
31728,Morgan,Brown
31729,Taylor,Johnson
31730,Taylor,Jones
31731,Taylor,Brown
31732,Alex,Brown
31733,Casey,Jones
31734,Morgan,Brown
31735,Casey,Johnson
31736,Taylor,Brown
31737,Morgan,Smith
31738,Casey,Johnson
31739,Alex,Johnson
31740,Morgan,Smith
31741,Casey,Smith
31742,Taylor,Smith
31743,Morgan,Brown
31744,Jordan,Williams
31745,Morgan,Brown
31746,Taylor,Williams
31747,Taylor,Johnson
31748,Morgan,Brown
31749,Taylor,Williams
31750,Alex,Brown
31751,Taylor,Brown
31752,Jordan,Williams
31753,Taylor,Johnson
31754,Taylor,Williams
31755,Morgan,Smith
31756,Casey,Jones
31757,Taylor,Smith
31758,Casey,Jones
31759,Morgan,Jones
31760,Alex,Jones
31761,Morgan,Brown
31762,Jordan,Williams
31763,Morgan,Williams
31764,Jordan,Williams
31765,Jordan,Jones
31766,Casey,Johnson
31767,Jordan,Brown
31768,Taylor,Jones
31769,Casey,Williams
31770,Casey,Johnson
31771,Jordan,Brown
31772,Jordan,Brown
31773,Taylor,Williams
31774,Taylor,Brown
31775,Alex,Jones
31776,Casey,Jones
31777,Taylor,Jones
31778,Alex,Smith
31779,Alex,Jones
31780,Alex,Smith
31781,Morgan,Brown
31782,Alex,Williams
31783,Taylor,Smith
31784,Alex,Johnson
31785,Alex,Johnson
31786,Jordan,Smith
31787,Casey,Johnson
31788,Alex,Jones
31789,Alex,Smith
31790,Jordan,Jones
31791,Alex,Smith
31792,Jordan,Jones
31793,Morgan,Brown
31794,Morgan,Jones
31795,Jordan,Smith
31796,Jordan,Williams
31797,Alex,Williams
31798,Taylor,Jones
31799,Morgan,Smith
31800,Morgan,Jones
31801,Morgan,Jones
31802,Alex,Johnson
31803,Alex,Brown
31804,Casey,Williams
31805,Morgan,Johnson
31806,Casey,Williams
31807,Casey,Jones
31808,Casey,Smith
31809,Casey,Johnson
31810,Jordan,Johnson
31811,Alex,Johnson
31812,Alex,Brown
31813,Casey,Williams
31814,Jordan,Smith
31815,Taylor,Smith
31816,Taylor,Brown
31817,Casey,Brown
31818,Morgan,Williams
31819,Morgan,Williams
31820,Jordan,Smith
31821,Alex,Johnson
31822,Taylor,Smith
31823,Morgan,Jones
31824,Alex,Johnson
31825,Morgan,Jones
31826,Taylor,Johnson
31827,Jordan,Brown
31828,Jordan,Smith
31829,Casey,Brown
31830,Taylor,Johnson
31831,Casey,Johnson
31832,Alex,Smith
31833,Morgan,Johnson
31834,Taylor,Smith
31835,Alex,Jones
31836,Casey,Williams
31837,Jordan,Johnson
31838,Taylor,Smith
31839,Casey,Jones
31840,Alex,Brown
31841,Jordan,Johnson
31842,Casey,Brown
31843,Taylor,Johnson
31844,Alex,Brown
31845,Alex,Jones
31846,Morgan,Brown
31847,Alex,Smith
31848,Taylor,Jones
31849,Taylor,Brown
31850,Taylor,Brown
31851,Alex,Jones
31852,Alex,Jones
31853,Morgan,Johnson
31854,Casey,Johnson
31855,Casey,Jones
31856,Taylor,Johnson
31857,Morgan,Williams
31858,Taylor,Jones
31859,Taylor,Jones
31860,Alex,Smith
31861,Morgan,Williams
31862,Casey,Johnson
31863,Jordan,Jones
31864,Casey,Brown
31865,Morgan,Brown
31866,Casey,Brown
31867,Morgan,Jones
31868,Taylor,Jones
31869,Taylor,Brown
31870,Taylor,Williams
31871,Alex,Johnson
31872,Morgan,Johnson
31873,Casey,Brown
31874,Casey,Johnson
31875,Casey,Johnson
31876,Casey,Jones
31877,Alex,Jones
31878,Casey,Smith
31879,Alex,Jones
31880,Alex,Jones
31881,Jordan,Smith
31882,Morgan,Jones
31883,Alex,Smith
31884,Morgan,Smith
31885,Jordan,Williams
31886,Casey,Brown
31887,Casey,Smith
31888,Alex,Johnson
31889,Jordan,Jones
31890,Jordan,Johnson
31891,Alex,Johnson
31892,Casey,Williams
31893,Morgan,Smith
31894,Morgan,Jones
31895,Jordan,Smith
31896,Alex,Jones
31897,Casey,Williams
31898,Casey,Williams
31899,Casey,Brown
31900,Taylor,Smith
31901,Jordan,Smith
31902,Casey,Williams
31903,Jordan,Williams
31904,Taylor,Jones
31905,Taylor,Brown
31906,Morgan,Jones
31907,Casey,Brown
31908,Taylor,Jones
31909,Casey,Johnson
31910,Casey,Johnson
31911,Casey,Smith
31912,Morgan,Jones
31913,Taylor,Brown
31914,Jordan,Johnson
31915,Casey,Jones
31916,Jordan,Johnson
31917,Taylor,Smith
31918,Taylor,Jones
31919,Casey,Brown
31920,Taylor,Brown
31921,Casey,Smith
31922,Alex,Smith
31923,Alex,Smith
31924,Casey,Brown
31925,Jordan,Brown
31926,Taylor,Johnson
31927,Alex,Jones
31928,Taylor,Smith
31929,Casey,Jones
31930,Alex,Smith
31931,Jordan,Williams
31932,Taylor,Williams
31933,Casey,Brown
31934,Morgan,Smith
31935,Alex,Jones
31936,Jordan,Brown
31937,Casey,Jones
31938,Jordan,Jones
31939,Casey,Jones
31940,Morgan,Johnson
31941,Casey,Williams
31942,Taylor,Williams
31943,Morgan,Smith
31944,Jordan,Jones
31945,Morgan,Jones
31946,Morgan,Johnson
31947,Morgan,Jones
31948,Jordan,Smith
31949,Alex,Jones
31950,Jordan,Williams
31951,Casey,Smith
31952,Taylor,Williams
31953,Casey,Johnson
31954,Taylor,Smith
31955,Casey,Smith
31956,Morgan,Jones
31957,Taylor,Johnson
31958,Alex,Smith
31959,Morgan,Brown
31960,Morgan,Smith
31961,Morgan,Brown
31962,Jordan,Brown
31963,Morgan,Jones
31964,Taylor,Jones
31965,Taylor,Brown
31966,Alex,Jones
31967,Taylor,Jones
31968,Morgan,Jones
31969,Jordan,Williams
31970,Morgan,Smith
31971,Taylor,Brown
31972,Morgan,Smith
31973,Jordan,Smith
31974,Morgan,Smith
31975,Morgan,Johnson
31976,Taylor,Williams
31977,Jordan,Williams
31978,Taylor,Johnson
31979,Alex,Johnson
31980,Taylor,Brown
31981,Morgan,Smith
31982,Morgan,Johnson
31983,Jordan,Brown
31984,Alex,Smith
31985,Taylor,Jones
31986,Jordan,Williams
31987,Casey,Williams
31988,Jordan,Brown
31989,Casey,Brown
31990,Taylor,Johnson
31991,Alex,Johnson
31992,Jordan,Brown
31993,Jordan,Johnson
31994,Taylor,Jones
31995,Casey,Williams
31996,Morgan,Williams
31997,Jordan,Johnson
31998,Jordan,Jones
31999,Jordan,Smith
32000,Casey,Williams
32001,Taylor,Smith
32002,Jordan,Williams
32003,Alex,Brown
32004,Taylor,Smith
32005,Jordan,Williams
32006,Taylor,Brown
32007,Jordan,Jones
32008,Morgan,Jones
32009,Casey,Williams
32010,Jordan,Jones
32011,Alex,Williams
32012,Jordan,Williams
32013,Jordan,Smith
32014,Casey,Smith
32015,Alex,Johnson
32016,Taylor,Smith
32017,Alex,Johnson
32018,Morgan,Smith
32019,Jordan,Williams
32020,Alex,Brown
32021,Morgan,Brown
32022,Alex,Brown
32023,Casey,Jones
32024,Jordan,Brown
32025,Alex,Williams
32026,Morgan,Smith
32027,Casey,Williams
32028,Morgan,Williams
32029,Morgan,Smith
32030,Alex,Johnson
32031,Casey,Smith
32032,Alex,Smith
32033,Jordan,Smith
32034,Taylor,Brown
32035,Jordan,Smith
32036,Alex,Smith
32037,Casey,Brown
32038,Jordan,Jones
32039,Jordan,Johnson
32040,Casey,Smith
32041,Alex,Smith
32042,Morgan,Johnson
32043,Taylor,Johnson
32044,Jordan,Williams
32045,Morgan,Smith
32046,Alex,Williams
32047,Alex,Brown
32048,Morgan,Johnson
32049,Alex,Johnson
32050,Taylor,Brown
32051,Jordan,Brown
32052,Casey,Johnson
32053,Alex,Jones
32054,Casey,Brown
32055,Alex,Brown
32056,Morgan,Williams
32057,Casey,Johnson
32058,Casey,Smith
32059,Taylor,Brown
32060,Jordan,Brown
32061,Jordan,Brown
32062,Casey,Jones
32063,Alex,Williams
32064,Alex,Williams
32065,Jordan,Jones
32066,Casey,Brown
32067,Morgan,Smith
32068,Morgan,Williams
32069,Alex,Smith
32070,Morgan,Brown
32071,Morgan,Williams
32072,Taylor,Smith
32073,Taylor,Williams
32074,Alex,Johnson
32075,Morgan,Williams
32076,Alex,Brown
32077,Morgan,Johnson
32078,Alex,Williams
32079,Casey,Williams
32080,Alex,Jones
32081,Morgan,Jones
32082,Jordan,Jones
32083,Casey,Williams
32084,Jordan,Smith
32085,Morgan,Jones
32086,Taylor,Smith
32087,Morgan,Smith
32088,Taylor,Jones
32089,Jordan,Johnson
32090,Casey,Smith
32091,Jordan,Williams
32092,Alex,Johnson
32093,Taylor,Jones
32094,Jordan,Johnson
32095,Jordan,Jones
32096,Morgan,Jones
32097,Taylor,Smith
32098,Morgan,Johnson
32099,Jordan,Williams
32100,Taylor,Smith
32101,Jordan,Williams
32102,Alex,Jones
32103,Taylor,Johnson
32104,Jordan,Johnson
32105,Taylor,Jones
32106,Jordan,Smith
32107,Morgan,Williams
32108,Taylor,Brown
32109,Alex,Jones
32110,Casey,Williams
32111,Alex,Brown
32112,Alex,Johnson
32113,Taylor,Smith
32114,Morgan,Johnson
32115,Taylor,Smith
32116,Casey,Smith
32117,Casey,Johnson
32118,Taylor,Williams
32119,Morgan,Smith
32120,Taylor,Jones
32121,Taylor,Smith
32122,Jordan,Williams
32123,Alex,Johnson
32124,Jordan,Johnson
32125,Jordan,Williams
32126,Jordan,Jones
32127,Taylor,Jones
32128,Taylor,Smith
32129,Jordan,Brown
32130,Morgan,Johnson
32131,Alex,Smith
32132,Jordan,Williams
32133,Alex,Johnson
32134,Casey,Johnson
32135,Casey,Johnson
32136,Casey,Smith
32137,Morgan,Jones
32138,Casey,Brown
32139,Jordan,Smith
32140,Alex,Williams
32141,Morgan,Williams
32142,Taylor,Johnson
32143,Casey,Johnson
32144,Jordan,Jones
32145,Taylor,Jones
32146,Casey,Brown
32147,Jordan,Smith
32148,Jordan,Jones
32149,Morgan,Johnson
32150,Casey,Jones
32151,Jordan,Jones
32152,Casey,Johnson
32153,Casey,Jones
32154,Taylor,Williams
32155,Jordan,Johnson
32156,Morgan,Brown
32157,Alex,Brown
32158,Alex,Johnson
32159,Taylor,Smith
32160,Alex,Johnson
32161,Jordan,Smith
32162,Casey,Smith
32163,Alex,Brown
32164,Taylor,Williams
32165,Casey,Jones
32166,Jordan,Jones
32167,Jordan,Brown
32168,Taylor,Smith
32169,Alex,Williams
32170,Alex,Williams
32171,Morgan,Johnson
32172,Casey,Jones
32173,Jordan,Johnson
32174,Morgan,Johnson
32175,Casey,Smith
32176,Alex,Smith
32177,Alex,Johnson
32178,Morgan,Smith
32179,Casey,Williams
32180,Casey,Johnson
32181,Morgan,Brown
32182,Casey,Smith
32183,Morgan,Smith
32184,Jordan,Johnson
32185,Morgan,Jones
32186,Taylor,Johnson
32187,Morgan,Johnson
32188,Alex,Jones
32189,Alex,Williams
32190,Casey,Smith
32191,Jordan,Johnson
32192,Jordan,Brown
32193,Taylor,Jones
32194,Casey,Jones
32195,Taylor,Johnson
32196,Alex,Smith
32197,Jordan,Williams
32198,Jordan,Smith
32199,Morgan,Smith
32200,Alex,Williams
32201,Jordan,Williams
32202,Alex,Brown
32203,Alex,Brown
32204,Taylor,Johnson
32205,Taylor,Brown
32206,Alex,Smith
32207,Taylor,Johnson
32208,Casey,Jones
32209,Alex,Jones
32210,Casey,Jones
32211,Alex,Williams
32212,Jordan,Johnson
32213,Taylor,Jones
32214,Casey,Smith
32215,Casey,Brown
32216,Taylor,Williams
32217,Morgan,Williams
32218,Morgan,Brown
32219,Morgan,Smith
32220,Morgan,Williams
32221,Taylor,Johnson
32222,Jordan,Williams
32223,Morgan,Brown
32224,Jordan,Brown
32225,Morgan,Johnson
32226,Jordan,Brown
32227,Morgan,Smith
32228,Morgan,Jones
32229,Casey,Johnson
32230,Alex,Johnson
32231,Jordan,Brown
32232,Casey,Smith
32233,Alex,Brown
32234,Casey,Brown
32235,Taylor,Smith
32236,Alex,Brown
32237,Casey,Johnson
32238,Casey,Brown
32239,Taylor,Jones
32240,Taylor,Jones
32241,Casey,Brown
32242,Alex,Brown
32243,Morgan,Jones
32244,Morgan,Johnson
32245,Casey,Jones
32246,Casey,Jones
32247,Taylor,Jones
32248,Taylor,Jones
32249,Alex,Williams
32250,Taylor,Jones
32251,Jordan,Brown
32252,Casey,Brown
32253,Jordan,Jones
32254,Morgan,Johnson
32255,Jordan,Smith
32256,Morgan,Williams
32257,Jordan,Johnson
32258,Casey,Williams
32259,Morgan,Williams
32260,Morgan,Jones
32261,Alex,Smith
32262,Casey,Williams
32263,Jordan,Brown
32264,Alex,Smith
32265,Alex,Jones
32266,Taylor,Brown
32267,Casey,Williams
32268,Morgan,Williams
32269,Casey,Johnson
32270,Alex,Jones
32271,Jordan,Smith
32272,Morgan,Brown
32273,Morgan,Brown
32274,Morgan,Smith
32275,Casey,Johnson
32276,Alex,Brown
32277,Jordan,Johnson
32278,Casey,Johnson
32279,Casey,Smith
32280,Alex,Johnson
32281,Morgan,Williams
32282,Casey,Jones
32283,Casey,Jones
32284,Taylor,Smith
32285,Alex,Williams
32286,Morgan,Jones
32287,Alex,Smith
32288,Taylor,Smith
32289,Alex,Jones
32290,Jordan,Smith
32291,Casey,Johnson
32292,Taylor,Johnson
32293,Morgan,Johnson
32294,Taylor,Johnson
32295,Jordan,Williams
32296,Jordan,Johnson
32297,Taylor,Jones
32298,Casey,Johnson
32299,Morgan,Jones
32300,Taylor,Jones
32301,Jordan,Johnson
32302,Casey,Jones
32303,Alex,Jones
32304,Jordan,Johnson
32305,Jordan,Smith
32306,Jordan,Jones
32307,Casey,Williams
32308,Taylor,Brown
32309,Morgan,Jones
32310,Alex,Smith
32311,Morgan,Brown
32312,Jordan,Jones
32313,Alex,Smith
32314,Casey,Johnson
32315,Casey,Jones
32316,Taylor,Smith
32317,Alex,Brown
32318,Taylor,Smith
32319,Jordan,Williams
32320,Jordan,Smith
32321,Taylor,Smith
32322,Taylor,Jones
32323,Taylor,Williams
32324,Jordan,Williams
32325,Morgan,Jones
32326,Morgan,Brown
32327,Casey,Jones
32328,Morgan,Johnson
32329,Alex,Williams
32330,Alex,Brown
32331,Morgan,Johnson
32332,Morgan,Smith
32333,Casey,Brown
32334,Alex,Smith
32335,Taylor,Williams
32336,Jordan,Johnson
32337,Jordan,Williams
32338,Jordan,Jones
32339,Alex,Jones
32340,Taylor,Johnson
32341,Jordan,Jones
32342,Morgan,Johnson
32343,Jordan,Williams
32344,Alex,Brown
32345,Taylor,Jones
32346,Morgan,Williams
32347,Jordan,Jones
32348,Alex,Smith
32349,Taylor,Jones
32350,Taylor,Smith
32351,Morgan,Johnson
32352,Alex,Smith
32353,Morgan,Johnson
32354,Jordan,Brown
32355,Jordan,Smith
32356,Taylor,Jones
32357,Morgan,Johnson
32358,Alex,Williams
32359,Morgan,Jones
32360,Morgan,Jones
32361,Morgan,Brown
32362,Morgan,Williams
32363,Morgan,Smith
32364,Taylor,Williams
32365,Casey,Williams
32366,Casey,Jones
32367,Morgan,Johnson
32368,Morgan,Smith
32369,Alex,Johnson
32370,Taylor,Johnson
32371,Taylor,Johnson
32372,Casey,Smith
32373,Morgan,Brown
32374,Jordan,Smith
32375,Jordan,Brown
32376,Taylor,Williams
32377,Casey,Johnson
32378,Taylor,Williams
32379,Morgan,Williams
32380,Casey,Williams
32381,Morgan,Williams
32382,Alex,Smith
32383,Casey,Smith
32384,Jordan,Brown
32385,Jordan,Smith
32386,Alex,Williams
32387,Alex,Brown
32388,Jordan,Johnson
32389,Taylor,Brown
32390,Alex,Johnson
32391,Jordan,Smith
32392,Alex,Smith
32393,Jordan,Williams
32394,Alex,Johnson
32395,Casey,Johnson
32396,Alex,Johnson
32397,Morgan,Johnson
32398,Morgan,Williams
32399,Casey,Williams
32400,Alex,Williams
32401,Casey,Williams
32402,Jordan,Jones
32403,Jordan,Brown
32404,Alex,Williams
32405,Morgan,Johnson
32406,Morgan,Brown
32407,Casey,Jones
32408,Alex,Smith
32409,Jordan,Johnson
32410,Taylor,Brown
32411,Jordan,Williams
32412,Alex,Jones
32413,Morgan,Jones
32414,Alex,Brown
32415,Alex,Williams
32416,Alex,Johnson
32417,Casey,Jones
32418,Jordan,Brown
32419,Alex,Johnson
32420,Taylor,Brown
32421,Alex,Smith
32422,Casey,Smith
32423,Alex,Johnson
32424,Jordan,Williams
32425,Taylor,Brown
32426,Morgan,Johnson
32427,Morgan,Jones
32428,Morgan,Williams
32429,Alex,Williams
32430,Casey,Jones
32431,Alex,Jones
32432,Taylor,Johnson
32433,Alex,Brown
32434,Casey,Williams
32435,Morgan,Brown
32436,Taylor,Jones
32437,Taylor,Brown
32438,Taylor,Brown
32439,Alex,Williams
32440,Jordan,Jones
32441,Jordan,Johnson
32442,Jordan,Smith
32443,Taylor,Brown
32444,Morgan,Brown
32445,Jordan,Jones
32446,Morgan,Brown
32447,Alex,Williams
32448,Morgan,Smith
32449,Morgan,Johnson
32450,Taylor,Jones
32451,Morgan,Williams
32452,Casey,Johnson
32453,Morgan,Brown
32454,Alex,Johnson
32455,Casey,Johnson
32456,Jordan,Johnson
32457,Alex,Jones
32458,Alex,Johnson
32459,Morgan,Williams
32460,Alex,Jones
32461,Alex,Smith
32462,Taylor,Williams
32463,Jordan,Williams
32464,Taylor,Smith
32465,Morgan,Jones
32466,Alex,Johnson
32467,Taylor,Smith
32468,Taylor,Brown
32469,Alex,Johnson
32470,Jordan,Johnson
32471,Jordan,Jones
32472,Casey,Brown
32473,Jordan,Brown
32474,Morgan,Brown
32475,Casey,Brown
32476,Taylor,Johnson
32477,Taylor,Brown
32478,Morgan,Williams
32479,Taylor,Johnson
32480,Jordan,Brown
32481,Morgan,Brown
32482,Alex,Williams
32483,Morgan,Smith
32484,Alex,Jones
32485,Jordan,Jones
32486,Alex,Johnson
32487,Morgan,Johnson
32488,Taylor,Johnson
32489,Morgan,Brown
32490,Taylor,Brown
32491,Taylor,Smith
32492,Alex,Williams
32493,Alex,Smith
32494,Morgan,Johnson
32495,Alex,Williams
32496,Alex,Jones
32497,Taylor,Smith
32498,Morgan,Smith
32499,Taylor,Williams
32500,Alex,Brown
32501,Casey,Jones
32502,Alex,Williams
32503,Alex,Brown
32504,Taylor,Brown
32505,Taylor,Smith
32506,Alex,Johnson
32507,Morgan,Smith
32508,Casey,Smith
32509,Taylor,Smith
32510,Morgan,Williams
32511,Casey,Smith
32512,Alex,Johnson
32513,Alex,Jones
32514,Alex,Brown
32515,Jordan,Johnson
32516,Taylor,Williams
32517,Alex,Williams
32518,Casey,Jones
32519,Casey,Johnson
32520,Casey,Jones
32521,Alex,Smith
32522,Alex,Brown
32523,Alex,Brown
32524,Alex,Johnson
32525,Jordan,Williams
32526,Alex,Brown
32527,Taylor,Brown
32528,Casey,Williams
32529,Jordan,Jones
32530,Taylor,Smith
32531,Casey,Jones
32532,Taylor,Williams
32533,Morgan,Jones
32534,Casey,Williams
32535,Morgan,Jones
32536,Taylor,Williams
32537,Taylor,Brown
32538,Alex,Brown
32539,Jordan,Brown
32540,Casey,Brown
32541,Jordan,Williams
32542,Taylor,Williams
32543,Morgan,Johnson
32544,Alex,Johnson
32545,Taylor,Smith
32546,Taylor,Johnson
32547,Taylor,Johnson
32548,Taylor,Brown
32549,Casey,Johnson
32550,Taylor,Jones
32551,Casey,Smith
32552,Alex,Williams
32553,Alex,Smith
32554,Jordan,Smith
32555,Morgan,Brown
32556,Morgan,Brown
32557,Morgan,Smith
32558,Morgan,Smith
32559,Morgan,Smith
32560,Jordan,Smith
32561,Taylor,Jones
32562,Casey,Brown
32563,Morgan,Williams
32564,Taylor,Williams
32565,Casey,Brown
32566,Taylor,Jones
32567,Jordan,Williams
32568,Alex,Jones
32569,Jordan,Johnson
32570,Alex,Brown
32571,Morgan,Johnson
32572,Morgan,Williams
32573,Taylor,Brown
32574,Casey,Brown
32575,Alex,Brown
32576,Casey,Smith
32577,Jordan,Williams
32578,Taylor,Brown
32579,Casey,Brown
32580,Taylor,Jones
32581,Jordan,Smith
32582,Morgan,Johnson
32583,Jordan,Smith
32584,Morgan,Smith
32585,Casey,Jones
32586,Alex,Johnson
32587,Morgan,Brown
32588,Morgan,Jones
32589,Jordan,Johnson
32590,Casey,Williams
32591,Alex,Johnson
32592,Taylor,Jones
32593,Casey,Jones
32594,Alex,Smith
32595,Taylor,Brown
32596,Jordan,Brown
32597,Taylor,Brown
32598,Casey,Johnson
32599,Casey,Brown
32600,Alex,Smith
32601,Jordan,Williams
32602,Morgan,Williams
32603,Alex,Brown
32604,Jordan,Johnson
32605,Jordan,Brown
32606,Jordan,Brown
32607,Jordan,Smith
32608,Casey,Johnson
32609,Jordan,Brown
32610,Casey,Williams
32611,Casey,Johnson
32612,Morgan,Johnson
32613,Morgan,Williams
32614,Taylor,Williams
32615,Alex,Brown
32616,Taylor,Brown
32617,Taylor,Johnson
32618,Jordan,Jones
32619,Casey,Brown
32620,Casey,Williams
32621,Casey,Jones
32622,Morgan,Smith
32623,Alex,Brown
32624,Casey,Williams
32625,Alex,Smith
32626,Alex,Jones
32627,Alex,Brown
32628,Alex,Williams
32629,Morgan,Johnson
32630,Morgan,Williams
32631,Casey,Johnson
32632,Casey,Williams
32633,Morgan,Williams
32634,Taylor,Smith
32635,Morgan,Smith
32636,Alex,Jones
32637,Casey,Jones
32638,Alex,Smith
32639,Alex,Brown
32640,Taylor,Johnson
32641,Alex,Johnson
32642,Morgan,Williams
32643,Casey,Jones
32644,Taylor,Smith
32645,Casey,Smith
32646,Alex,Johnson
32647,Casey,Johnson
32648,Alex,Jones
32649,Alex,Jones
32650,Jordan,Johnson
32651,Jordan,Williams
32652,Morgan,Johnson
32653,Morgan,Smith
32654,Casey,Brown
32655,Taylor,Williams
32656,Casey,Williams
32657,Alex,Jones
32658,Jordan,Brown
32659,Jordan,Jones
32660,Morgan,Jones
32661,Taylor,Johnson
32662,Taylor,Brown
32663,Alex,Jones
32664,Alex,Johnson
32665,Morgan,Jones
32666,Taylor,Jones
32667,Morgan,Williams
32668,Casey,Smith
32669,Casey,Smith
32670,Taylor,Brown
32671,Morgan,Brown
32672,Jordan,Williams
32673,Jordan,Williams
32674,Casey,Smith
32675,Casey,Smith
32676,Jordan,Jones
32677,Casey,Brown
32678,Alex,Williams
32679,Jordan,Johnson
32680,Casey,Williams
32681,Casey,Smith
32682,Morgan,Smith
32683,Alex,Williams
32684,Jordan,Williams
32685,Casey,Johnson
32686,Jordan,Williams
32687,Taylor,Smith
32688,Alex,Williams
32689,Taylor,Smith
32690,Casey,Johnson
32691,Casey,Jones
32692,Casey,Smith
32693,Jordan,Smith
32694,Morgan,Smith
32695,Morgan,Williams
32696,Alex,Johnson
32697,Jordan,Williams
32698,Casey,Brown
32699,Jordan,Smith
32700,Casey,Jones
32701,Taylor,Brown
32702,Casey,Jones
32703,Casey,Jones
32704,Casey,Jones
32705,Alex,Williams
32706,Alex,Brown
32707,Jordan,Smith
32708,Morgan,Jones
32709,Morgan,Brown
32710,Casey,Smith
32711,Taylor,Brown
32712,Alex,Jones
32713,Alex,Williams
32714,Jordan,Smith
32715,Morgan,Brown
32716,Taylor,Brown
32717,Morgan,Jones
32718,Alex,Johnson
32719,Morgan,Smith
32720,Taylor,Smith
32721,Jordan,Williams
32722,Taylor,Brown
32723,Alex,Brown
32724,Casey,Jones
32725,Morgan,Johnson
32726,Casey,Smith
32727,Jordan,Smith
32728,Taylor,Williams
32729,Jordan,Smith
32730,Casey,Johnson
32731,Jordan,Williams
32732,Morgan,Williams
32733,Morgan,Williams
32734,Jordan,Brown
32735,Alex,Johnson
32736,Alex,Johnson
32737,Alex,Smith
32738,Taylor,Brown
32739,Taylor,Brown
32740,Taylor,Jones
32741,Morgan,Brown
32742,Morgan,Johnson
32743,Alex,Williams
32744,Taylor,Brown
32745,Jordan,Jones
32746,Casey,Johnson
32747,Morgan,Johnson
32748,Morgan,Jones
32749,Alex,Jones
32750,Alex,Brown
32751,Alex,Jones
32752,Jordan,Johnson
32753,Casey,Brown
32754,Taylor,Smith
32755,Taylor,Jones
32756,Morgan,Brown
32757,Morgan,Brown
32758,Jordan,Brown
32759,Morgan,Jones
32760,Morgan,Jones
32761,Morgan,Williams
32762,Casey,Brown
32763,Alex,Williams
32764,Morgan,Brown
32765,Casey,Brown
32766,Alex,Johnson
32767,Taylor,Johnson
32768,Jordan,Johnson
32769,Alex,Johnson
32770,Jordan,Brown
32771,Morgan,Brown
32772,Casey,Johnson
32773,Morgan,Johnson
32774,Jordan,Williams
32775,Alex,Williams
32776,Alex,Williams
32777,Morgan,Smith
32778,Alex,Brown
32779,Alex,Brown
32780,Alex,Johnson
32781,Jordan,Williams
32782,Taylor,Johnson
32783,Jordan,Williams
32784,Alex,Williams
32785,Taylor,Johnson
32786,Morgan,Williams
32787,Jordan,Smith
32788,Morgan,Williams
32789,Taylor,Smith
32790,Casey,Jones
32791,Morgan,Johnson
32792,Casey,Brown
32793,Morgan,Brown
32794,Alex,Williams
32795,Jordan,Brown
32796,Jordan,Smith
32797,Jordan,Jones
32798,Morgan,Johnson
32799,Jordan,Smith
32800,Casey,Williams
32801,Morgan,Williams
32802,Jordan,Williams
32803,Alex,Johnson
32804,Taylor,Brown
32805,Taylor,Johnson
32806,Alex,Brown
32807,Taylor,Brown
32808,Jordan,Brown
32809,Alex,Brown
32810,Morgan,Williams
32811,Jordan,Smith
32812,Morgan,Jones
32813,Jordan,Johnson
32814,Jordan,Johnson
32815,Alex,Brown
32816,Casey,Brown
32817,Taylor,Williams
32818,Casey,Brown
32819,Jordan,Brown
32820,Jordan,Williams
32821,Morgan,Smith
32822,Morgan,Brown
32823,Taylor,Johnson
32824,Morgan,Williams
32825,Alex,Williams
32826,Jordan,Jones
32827,Taylor,Johnson
32828,Morgan,Johnson
32829,Morgan,Brown
32830,Morgan,Johnson
32831,Taylor,Smith
32832,Morgan,Brown
32833,Morgan,Smith
32834,Jordan,Smith
32835,Jordan,Jones
32836,Taylor,Williams
32837,Casey,Johnson
32838,Alex,Jones
32839,Morgan,Jones
32840,Alex,Smith
32841,Taylor,Williams
32842,Morgan,Brown
32843,Casey,Smith
32844,Alex,Johnson
32845,Morgan,Jones
32846,Morgan,Williams
32847,Alex,Jones
32848,Morgan,Williams
32849,Jordan,Smith
32850,Alex,Brown
32851,Casey,Smith
32852,Alex,Brown
32853,Alex,Smith
32854,Alex,Brown
32855,Alex,Brown
32856,Casey,Williams
32857,Jordan,Johnson
32858,Morgan,Jones
32859,Morgan,Johnson
32860,Casey,Brown
32861,Casey,Jones
32862,Alex,Johnson
32863,Jordan,Johnson
32864,Taylor,Smith
32865,Taylor,Johnson
32866,Alex,Jones
32867,Taylor,Jones
32868,Jordan,Williams
32869,Morgan,Smith
32870,Casey,Smith
32871,Jordan,Brown
32872,Taylor,Williams
32873,Alex,Smith
32874,Morgan,Williams
32875,Jordan,Jones
32876,Jordan,Brown
32877,Alex,Jones
32878,Taylor,Jones
32879,Alex,Smith
32880,Morgan,Smith
32881,Jordan,Jones
32882,Alex,Johnson
32883,Alex,Brown
32884,Morgan,Williams
32885,Morgan,Brown
32886,Alex,Johnson
32887,Taylor,Brown
32888,Jordan,Johnson
32889,Alex,Brown
32890,Alex,Brown
32891,Morgan,Johnson
32892,Jordan,Williams
32893,Jordan,Williams
32894,Jordan,Jones
32895,Jordan,Williams
32896,Alex,Brown
32897,Jordan,Smith
32898,Alex,Brown
32899,Casey,Brown
32900,Morgan,Smith
32901,Jordan,Johnson
32902,Taylor,Johnson
32903,Morgan,Johnson
32904,Taylor,Jones
32905,Taylor,Johnson
32906,Alex,Williams
32907,Casey,Brown
32908,Morgan,Smith
32909,Jordan,Johnson
32910,Alex,Brown
32911,Taylor,Smith
32912,Jordan,Jones
32913,Jordan,Johnson
32914,Casey,Johnson
32915,Jordan,Johnson
32916,Taylor,Smith
32917,Taylor,Johnson
32918,Jordan,Jones
32919,Taylor,Brown
32920,Taylor,Brown
32921,Morgan,Brown
32922,Taylor,Johnson
32923,Taylor,Brown
32924,Taylor,Brown
32925,Alex,Johnson
32926,Casey,Williams
32927,Taylor,Brown
32928,Jordan,Jones
32929,Alex,Williams
32930,Alex,Johnson
32931,Casey,Johnson
32932,Taylor,Williams
32933,Morgan,Johnson
32934,Casey,Johnson
32935,Alex,Smith
32936,Casey,Johnson
32937,Alex,Smith
32938,Morgan,Brown
32939,Morgan,Brown
32940,Jordan,Williams
32941,Taylor,Williams
32942,Casey,Johnson
32943,Jordan,Smith
32944,Morgan,Johnson
32945,Morgan,Williams
32946,Jordan,Brown
32947,Casey,Williams
32948,Casey,Brown
32949,Casey,Jones
32950,Taylor,Brown
32951,Alex,Johnson
32952,Morgan,Smith
32953,Jordan,Brown
32954,Alex,Johnson
32955,Taylor,Brown
32956,Taylor,Williams
32957,Casey,Williams
32958,Taylor,Williams
32959,Jordan,Jones
32960,Morgan,Williams
32961,Casey,Johnson
32962,Casey,Smith
32963,Morgan,Johnson
32964,Taylor,Brown
32965,Alex,Brown
32966,Jordan,Johnson
32967,Taylor,Williams
32968,Casey,Johnson
32969,Morgan,Johnson
32970,Morgan,Williams
32971,Alex,Williams
32972,Alex,Johnson
32973,Morgan,Williams
32974,Jordan,Smith
32975,Alex,Smith
32976,Jordan,Williams
32977,Morgan,Johnson
32978,Alex,Williams
32979,Casey,Williams
32980,Alex,Smith
32981,Jordan,Williams
32982,Alex,Jones
32983,Morgan,Jones
32984,Casey,Jones
32985,Casey,Johnson
32986,Jordan,Smith
32987,Casey,Brown
32988,Morgan,Jones
32989,Jordan,Johnson
32990,Alex,Jones
32991,Taylor,Brown
32992,Jordan,Brown
32993,Jordan,Brown
32994,Morgan,Brown
32995,Taylor,Brown
32996,Casey,Williams
32997,Taylor,Brown
32998,Alex,Brown
32999,Alex,Williams
33000,Taylor,Smith
33001,Alex,Williams
33002,Casey,Johnson
33003,Jordan,Brown
33004,Taylor,Brown
33005,Jordan,Johnson
33006,Casey,Smith
33007,Alex,Williams
33008,Morgan,Johnson
33009,Morgan,Johnson
33010,Taylor,Brown
33011,Casey,Smith
33012,Casey,Smith
33013,Jordan,Smith
33014,Jordan,Brown
33015,Morgan,Smith
33016,Alex,Brown
33017,Morgan,Brown
33018,Taylor,Johnson
33019,Morgan,Johnson
33020,Alex,Jones
33021,Taylor,Smith
33022,Casey,Jones
33023,Casey,Jones
33024,Alex,Williams
33025,Jordan,Jones
33026,Alex,Brown
33027,Taylor,Smith
33028,Casey,Smith
33029,Morgan,Jones
33030,Morgan,Johnson
33031,Taylor,Smith
33032,Alex,Johnson
33033,Casey,Brown
33034,Casey,Williams
33035,Taylor,Smith
33036,Morgan,Smith
33037,Casey,Johnson
33038,Morgan,Williams
33039,Morgan,Brown
33040,Alex,Brown
33041,Taylor,Williams
33042,Jordan,Smith
33043,Jordan,Jones
33044,Alex,Smith
33045,Taylor,Jones
33046,Taylor,Jones
33047,Jordan,Johnson
33048,Taylor,Johnson
33049,Jordan,Brown
33050,Jordan,Brown
33051,Morgan,Smith
33052,Alex,Brown
33053,Casey,Williams
33054,Casey,Brown
33055,Casey,Johnson
33056,Morgan,Jones
33057,Taylor,Williams
33058,Jordan,Williams
33059,Taylor,Williams
33060,Jordan,Johnson
33061,Alex,Williams
33062,Morgan,Brown
33063,Morgan,Brown
33064,Alex,Brown
33065,Morgan,Jones
33066,Jordan,Williams
33067,Morgan,Johnson
33068,Casey,Johnson
33069,Jordan,Williams
33070,Jordan,Jones
33071,Alex,Williams
33072,Casey,Jones
33073,Jordan,Jones
33074,Alex,Johnson
33075,Taylor,Smith
33076,Morgan,Jones
33077,Casey,Brown
33078,Morgan,Jones
33079,Morgan,Brown
33080,Alex,Brown
33081,Alex,Johnson
33082,Casey,Jones
33083,Casey,Williams
33084,Casey,Jones
33085,Jordan,Brown
33086,Morgan,Brown
33087,Casey,Williams
33088,Taylor,Brown
33089,Morgan,Williams
33090,Alex,Brown
33091,Taylor,Brown
33092,Morgan,Brown
33093,Morgan,Smith
33094,Casey,Jones
33095,Alex,Williams
33096,Alex,Smith
33097,Morgan,Jones
33098,Jordan,Williams
33099,Casey,Brown
33100,Jordan,Jones
33101,Taylor,Brown
33102,Morgan,Johnson
33103,Morgan,Williams
33104,Alex,Smith
33105,Casey,Williams
33106,Morgan,Williams
33107,Casey,Smith
33108,Jordan,Johnson
33109,Jordan,Johnson
33110,Taylor,Jones
33111,Alex,Johnson
33112,Casey,Williams
33113,Jordan,Johnson
33114,Alex,Johnson
33115,Casey,Jones
33116,Casey,Johnson
33117,Taylor,Williams
33118,Alex,Brown
33119,Morgan,Jones
33120,Casey,Jones
33121,Casey,Smith
33122,Taylor,Williams
33123,Morgan,Williams
33124,Morgan,Jones
33125,Jordan,Johnson
33126,Jordan,Brown
33127,Casey,Smith
33128,Alex,Jones
33129,Jordan,Williams
33130,Alex,Brown
33131,Jordan,Johnson
33132,Casey,Smith
33133,Morgan,Williams
33134,Morgan,Jones
33135,Morgan,Williams
33136,Jordan,Williams
33137,Casey,Johnson
33138,Casey,Jones
33139,Taylor,Jones
33140,Alex,Williams
33141,Morgan,Brown
33142,Morgan,Johnson
33143,Morgan,Williams
33144,Alex,Jones
33145,Taylor,Smith
33146,Jordan,Johnson
33147,Morgan,Johnson
33148,Alex,Brown
33149,Jordan,Johnson
33150,Casey,Smith
33151,Jordan,Johnson
33152,Alex,Smith
33153,Alex,Smith
33154,Taylor,Johnson
33155,Jordan,Brown
33156,Jordan,Brown
33157,Jordan,Smith
33158,Taylor,Smith
33159,Morgan,Williams
33160,Morgan,Williams
33161,Jordan,Johnson
33162,Alex,Jones
33163,Taylor,Jones
33164,Casey,Smith
33165,Jordan,Jones
33166,Jordan,Johnson
33167,Morgan,Jones
33168,Morgan,Jones
33169,Alex,Williams
33170,Jordan,Jones
33171,Morgan,Brown
33172,Alex,Brown
33173,Casey,Johnson
33174,Morgan,Smith
33175,Alex,Smith
33176,Morgan,Johnson
33177,Alex,Smith
33178,Morgan,Jones
33179,Taylor,Brown
33180,Casey,Williams
33181,Casey,Johnson
33182,Morgan,Smith
33183,Morgan,Williams
33184,Morgan,Brown
33185,Casey,Brown
33186,Casey,Jones
33187,Casey,Williams
33188,Morgan,Johnson
33189,Alex,Jones
33190,Taylor,Smith
33191,Casey,Smith
33192,Morgan,Smith
33193,Casey,Brown
33194,Morgan,Jones
33195,Alex,Brown
33196,Alex,Williams
33197,Jordan,Smith
33198,Alex,Johnson
33199,Jordan,Jones
33200,Alex,Williams
33201,Taylor,Jones
33202,Jordan,Brown
33203,Casey,Jones
33204,Casey,Brown
33205,Morgan,Brown
33206,Morgan,Brown
33207,Morgan,Jones
33208,Casey,Smith
33209,Taylor,Williams
33210,Morgan,Johnson
33211,Taylor,Smith
33212,Taylor,Brown
33213,Alex,Williams
33214,Taylor,Williams
33215,Alex,Smith
33216,Taylor,Williams
33217,Jordan,Jones
33218,Casey,Brown
33219,Casey,Smith
33220,Taylor,Brown
33221,Taylor,Brown
33222,Taylor,Johnson
33223,Taylor,Williams
33224,Taylor,Brown
33225,Jordan,Johnson
33226,Jordan,Brown
33227,Morgan,Johnson
33228,Morgan,Brown
33229,Taylor,Williams
33230,Morgan,Jones
33231,Jordan,Brown
33232,Casey,Williams
33233,Alex,Jones
33234,Casey,Jones
33235,Alex,Johnson
33236,Casey,Williams
33237,Alex,Smith
33238,Taylor,Johnson
33239,Jordan,Brown
33240,Casey,Johnson
33241,Taylor,Jones
33242,Casey,Williams
33243,Alex,Brown
33244,Morgan,Johnson
33245,Taylor,Williams
33246,Morgan,Williams
33247,Casey,Jones
33248,Casey,Brown
33249,Taylor,Johnson
33250,Casey,Jones
33251,Alex,Williams
33252,Casey,Williams
33253,Alex,Johnson
33254,Alex,Smith
33255,Taylor,Smith
33256,Casey,Jones
33257,Morgan,Johnson
33258,Alex,Brown
33259,Casey,Smith
33260,Jordan,Johnson
33261,Alex,Smith
33262,Morgan,Jones
33263,Casey,Johnson
33264,Alex,Smith
33265,Morgan,Smith
33266,Morgan,Smith
33267,Jordan,Williams
33268,Casey,Jones
33269,Jordan,Jones
33270,Jordan,Williams
33271,Jordan,Williams
33272,Alex,Williams
33273,Taylor,Smith
33274,Casey,Smith
33275,Alex,Williams
33276,Casey,Johnson
33277,Casey,Brown
33278,Casey,Williams
33279,Morgan,Jones
33280,Morgan,Johnson
33281,Taylor,Johnson
33282,Alex,Williams
33283,Alex,Johnson
33284,Alex,Johnson
33285,Alex,Jones
33286,Alex,Johnson
33287,Alex,Brown
33288,Jordan,Brown
33289,Jordan,Jones
33290,Taylor,Johnson
33291,Alex,Williams
33292,Alex,Brown
33293,Morgan,Johnson
33294,Taylor,Jones
33295,Taylor,Johnson
33296,Taylor,Smith
33297,Taylor,Johnson
33298,Jordan,Williams
33299,Casey,Smith
33300,Casey,Johnson
33301,Jordan,Jones
33302,Taylor,Johnson
33303,Jordan,Williams
33304,Jordan,Johnson
33305,Taylor,Johnson
33306,Morgan,Johnson
33307,Jordan,Brown
33308,Morgan,Jones
33309,Alex,Smith
33310,Alex,Jones
33311,Taylor,Jones
33312,Taylor,Smith
33313,Alex,Brown
33314,Casey,Williams
33315,Casey,Brown
33316,Taylor,Brown
33317,Casey,Smith
33318,Morgan,Smith
33319,Jordan,Johnson
33320,Alex,Brown
33321,Taylor,Johnson
33322,Morgan,Williams
33323,Jordan,Smith
33324,Taylor,Williams
33325,Taylor,Brown
33326,Morgan,Johnson
33327,Alex,Johnson
33328,Alex,Jones
33329,Jordan,Smith
33330,Alex,Smith
33331,Morgan,Brown
33332,Taylor,Smith
33333,Jordan,Williams
33334,Casey,Williams
33335,Taylor,Williams
33336,Morgan,Brown
33337,Casey,Johnson
33338,Taylor,Jones
33339,Taylor,Brown
33340,Casey,Brown
33341,Taylor,Smith
33342,Alex,Jones
33343,Casey,Williams
33344,Alex,Smith
33345,Alex,Smith
33346,Casey,Smith
33347,Taylor,Brown
33348,Morgan,Smith
33349,Casey,Smith
33350,Casey,Williams
33351,Morgan,Brown
33352,Morgan,Johnson
33353,Alex,Brown
33354,Casey,Jones
33355,Casey,Jones
33356,Taylor,Jones
33357,Morgan,Williams
33358,Morgan,Johnson
33359,Alex,Brown
33360,Alex,Jones
33361,Alex,Johnson
33362,Casey,Brown
33363,Taylor,Brown
33364,Jordan,Brown
33365,Morgan,Williams
33366,Jordan,Smith
33367,Morgan,Williams
33368,Jordan,Smith
33369,Morgan,Williams
33370,Taylor,Smith
33371,Taylor,Smith
33372,Jordan,Brown
33373,Jordan,Jones
33374,Alex,Johnson
33375,Morgan,Williams
33376,Alex,Brown
33377,Jordan,Williams
33378,Casey,Jones
33379,Casey,Brown
33380,Casey,Smith
33381,Alex,Brown
33382,Alex,Brown
33383,Casey,Williams
33384,Alex,Jones
33385,Casey,Smith
33386,Alex,Jones
33387,Jordan,Brown
33388,Alex,Brown
33389,Morgan,Smith
33390,Morgan,Williams
33391,Alex,Jones
33392,Morgan,Johnson
33393,Alex,Jones
33394,Morgan,Brown
33395,Alex,Johnson
33396,Alex,Johnson
33397,Jordan,Jones
33398,Taylor,Johnson
33399,Jordan,Jones
33400,Casey,Williams
33401,Morgan,Johnson
33402,Jordan,Smith
33403,Taylor,Johnson
33404,Casey,Williams
33405,Casey,Brown
33406,Alex,Smith
33407,Jordan,Johnson
33408,Jordan,Jones
33409,Alex,Johnson
33410,Taylor,Johnson
33411,Morgan,Johnson
33412,Casey,Smith
33413,Morgan,Williams
33414,Casey,Johnson
33415,Taylor,Williams
33416,Alex,Williams
33417,Taylor,Brown
33418,Alex,Johnson
33419,Jordan,Williams
33420,Morgan,Jones
33421,Taylor,Jones
33422,Casey,Johnson
33423,Taylor,Johnson
33424,Casey,Brown
33425,Alex,Williams
33426,Casey,Brown
33427,Jordan,Jones
33428,Casey,Brown
33429,Taylor,Jones
33430,Morgan,Williams
33431,Taylor,Brown
33432,Taylor,Smith
33433,Morgan,Jones
33434,Jordan,Smith
33435,Morgan,Johnson
33436,Alex,Johnson
33437,Casey,Smith
33438,Taylor,Brown
33439,Morgan,Jones
33440,Taylor,Smith
33441,Morgan,Williams
33442,Taylor,Williams
33443,Jordan,Jones
33444,Alex,Brown
33445,Alex,Smith
33446,Casey,Jones
33447,Jordan,Johnson
33448,Taylor,Jones
33449,Jordan,Jones
33450,Morgan,Jones
33451,Morgan,Johnson
33452,Jordan,Johnson
33453,Morgan,Brown
33454,Morgan,Johnson
33455,Casey,Brown
33456,Casey,Brown
33457,Alex,Brown
33458,Morgan,Johnson
33459,Alex,Jones
33460,Morgan,Williams
33461,Jordan,Smith
33462,Morgan,Williams
33463,Jordan,Brown
33464,Alex,Brown
33465,Taylor,Brown
33466,Alex,Williams
33467,Jordan,Smith
33468,Alex,Johnson
33469,Taylor,Brown
33470,Morgan,Jones
33471,Morgan,Brown
33472,Casey,Jones
33473,Jordan,Smith
33474,Alex,Brown
33475,Alex,Brown
33476,Casey,Johnson
33477,Casey,Smith
33478,Taylor,Jones
33479,Morgan,Smith
33480,Taylor,Brown
33481,Casey,Johnson
33482,Jordan,Brown
33483,Alex,Williams
33484,Morgan,Johnson
33485,Casey,Brown
33486,Alex,Williams
33487,Jordan,Jones
33488,Morgan,Johnson
33489,Casey,Johnson
33490,Jordan,Jones
33491,Morgan,Brown
33492,Taylor,Williams
33493,Jordan,Smith
33494,Alex,Jones
33495,Jordan,Williams
33496,Casey,Smith
33497,Morgan,Jones
33498,Jordan,Williams
33499,Alex,Brown
33500,Alex,Williams
33501,Alex,Jones
33502,Casey,Smith
33503,Morgan,Jones
33504,Taylor,Smith
33505,Alex,Jones
33506,Jordan,Jones
33507,Alex,Smith
33508,Jordan,Williams
33509,Taylor,Johnson
33510,Alex,Jones
33511,Morgan,Johnson
33512,Casey,Johnson
33513,Alex,Johnson
33514,Taylor,Brown
33515,Taylor,Williams
33516,Casey,Williams
33517,Alex,Johnson
33518,Morgan,Williams
33519,Alex,Johnson
33520,Jordan,Smith
33521,Alex,Brown
33522,Jordan,Jones
33523,Jordan,Johnson
33524,Jordan,Brown
33525,Morgan,Johnson
33526,Casey,Johnson
33527,Taylor,Williams
33528,Jordan,Smith
33529,Jordan,Brown
33530,Jordan,Johnson
33531,Jordan,Johnson
33532,Casey,Jones
33533,Morgan,Johnson
33534,Taylor,Johnson
33535,Morgan,Smith
33536,Alex,Brown
33537,Alex,Williams
33538,Casey,Johnson
33539,Casey,Jones
33540,Casey,Jones
33541,Alex,Brown
33542,Taylor,Jones
33543,Alex,Williams
33544,Morgan,Jones
33545,Taylor,Smith
33546,Taylor,Johnson
33547,Casey,Johnson
33548,Jordan,Smith
33549,Alex,Johnson
33550,Taylor,Williams
33551,Morgan,Smith
33552,Casey,Jones
33553,Taylor,Jones
33554,Taylor,Brown
33555,Morgan,Jones
33556,Morgan,Brown
33557,Taylor,Johnson
33558,Alex,Williams
33559,Jordan,Jones
33560,Casey,Williams
33561,Alex,Williams
33562,Taylor,Johnson
33563,Alex,Brown
33564,Jordan,Johnson
33565,Morgan,Johnson
33566,Taylor,Jones
33567,Morgan,Brown
33568,Morgan,Johnson
33569,Alex,Smith
33570,Taylor,Johnson
33571,Morgan,Jones
33572,Casey,Smith
33573,Jordan,Johnson
33574,Casey,Williams
33575,Taylor,Smith
33576,Taylor,Williams
33577,Jordan,Smith
33578,Alex,Johnson
33579,Alex,Smith
33580,Alex,Williams
33581,Taylor,Smith
33582,Taylor,Smith
33583,Jordan,Johnson
33584,Morgan,Williams
33585,Jordan,Jones
33586,Alex,Johnson
33587,Casey,Smith
33588,Morgan,Brown
33589,Casey,Williams
33590,Taylor,Brown
33591,Morgan,Williams
33592,Taylor,Jones
33593,Alex,Johnson
33594,Alex,Williams
33595,Taylor,Jones
33596,Casey,Jones
33597,Jordan,Brown
33598,Morgan,Johnson
33599,Casey,Smith
33600,Morgan,Johnson
33601,Jordan,Smith
33602,Taylor,Johnson
33603,Jordan,Brown
33604,Jordan,Williams
33605,Alex,Williams
33606,Taylor,Brown
33607,Taylor,Williams
33608,Taylor,Williams
33609,Taylor,Brown
33610,Taylor,Williams
33611,Alex,Brown
33612,Jordan,Jones
33613,Morgan,Williams
33614,Alex,Johnson
33615,Morgan,Jones
33616,Casey,Williams
33617,Alex,Johnson
33618,Jordan,Smith
33619,Taylor,Brown
33620,Taylor,Jones
33621,Alex,Williams
33622,Taylor,Jones
33623,Casey,Johnson
33624,Jordan,Jones
33625,Taylor,Jones
33626,Taylor,Brown
33627,Morgan,Johnson
33628,Morgan,Jones
33629,Morgan,Brown
33630,Jordan,Brown
33631,Alex,Jones
33632,Casey,Johnson
33633,Morgan,Jones
33634,Taylor,Jones
33635,Taylor,Brown
33636,Jordan,Williams
33637,Casey,Brown
33638,Casey,Williams
33639,Casey,Williams
33640,Morgan,Johnson
33641,Taylor,Johnson
33642,Casey,Jones
33643,Morgan,Smith
33644,Casey,Johnson
33645,Jordan,Williams
33646,Jordan,Jones
33647,Casey,Williams
33648,Jordan,Smith
33649,Taylor,Johnson
33650,Morgan,Brown
33651,Taylor,Jones
33652,Morgan,Smith
33653,Morgan,Johnson
33654,Alex,Williams
33655,Morgan,Johnson
33656,Jordan,Johnson
33657,Casey,Johnson
33658,Jordan,Jones
33659,Alex,Jones
33660,Alex,Brown
33661,Morgan,Johnson
33662,Taylor,Brown
33663,Morgan,Johnson
33664,Jordan,Brown
33665,Taylor,Brown
33666,Morgan,Smith
33667,Morgan,Brown
33668,Taylor,Smith
33669,Taylor,Johnson
33670,Taylor,Smith
33671,Casey,Johnson
33672,Jordan,Johnson
33673,Alex,Brown
33674,Casey,Brown
33675,Morgan,Brown
33676,Casey,Jones
33677,Alex,Jones
33678,Alex,Johnson
33679,Taylor,Johnson
33680,Casey,Jones
33681,Alex,Johnson
33682,Jordan,Jones
33683,Casey,Brown
33684,Jordan,Smith
33685,Jordan,Johnson
33686,Casey,Jones
33687,Taylor,Williams
33688,Morgan,Brown
33689,Morgan,Jones
33690,Taylor,Jones
33691,Casey,Brown
33692,Casey,Williams
33693,Alex,Johnson
33694,Jordan,Williams
33695,Alex,Smith
33696,Alex,Smith
33697,Casey,Williams
33698,Taylor,Brown
33699,Jordan,Jones
33700,Casey,Brown
33701,Taylor,Smith
33702,Jordan,Smith
33703,Jordan,Brown
33704,Taylor,Williams
33705,Jordan,Johnson
33706,Alex,Brown
33707,Jordan,Smith
33708,Casey,Williams
33709,Casey,Brown
33710,Taylor,Johnson
33711,Casey,Williams
33712,Jordan,Jones
33713,Morgan,Johnson
33714,Alex,Smith
33715,Casey,Jones
33716,Alex,Williams
33717,Casey,Williams
33718,Alex,Williams
33719,Jordan,Williams
33720,Morgan,Williams
33721,Jordan,Smith
33722,Jordan,Jones
33723,Jordan,Smith
33724,Alex,Johnson
33725,Taylor,Smith
33726,Morgan,Brown
33727,Alex,Smith
33728,Casey,Brown
33729,Morgan,Johnson
33730,Morgan,Brown
33731,Taylor,Brown
33732,Taylor,Johnson
33733,Morgan,Smith
33734,Jordan,Smith
33735,Morgan,Williams
33736,Taylor,Williams
33737,Casey,Jones
33738,Alex,Jones
33739,Alex,Jones
33740,Morgan,Smith
33741,Morgan,Johnson
33742,Alex,Smith
33743,Casey,Smith
33744,Alex,Brown
33745,Casey,Johnson
33746,Casey,Smith
33747,Alex,Jones
33748,Casey,Smith
33749,Alex,Brown
33750,Alex,Jones
33751,Jordan,Johnson
33752,Morgan,Brown
33753,Alex,Johnson
33754,Taylor,Jones
33755,Morgan,Brown
33756,Taylor,Johnson
33757,Jordan,Williams
33758,Casey,Jones
33759,Morgan,Smith
33760,Morgan,Brown
33761,Casey,Jones
33762,Taylor,Jones
33763,Jordan,Johnson
33764,Taylor,Johnson
33765,Taylor,Jones
33766,Alex,Williams
33767,Alex,Williams
33768,Taylor,Brown
33769,Alex,Jones
33770,Morgan,Johnson
33771,Morgan,Jones
33772,Morgan,Smith
33773,Jordan,Smith
33774,Morgan,Brown
33775,Jordan,Jones
33776,Morgan,Smith
33777,Taylor,Williams
33778,Alex,Smith
33779,Morgan,Smith
33780,Alex,Jones
33781,Taylor,Jones
33782,Casey,Smith
33783,Casey,Jones
33784,Jordan,Johnson
33785,Taylor,Johnson
33786,Morgan,Johnson
33787,Taylor,Jones
33788,Jordan,Smith
33789,Alex,Johnson
33790,Jordan,Jones
33791,Taylor,Johnson
33792,Casey,Brown
33793,Taylor,Johnson
33794,Alex,Jones
33795,Taylor,Williams
33796,Morgan,Jones
33797,Casey,Williams
33798,Taylor,Smith
33799,Jordan,Brown
33800,Alex,Jones
33801,Morgan,Williams
33802,Jordan,Brown
33803,Casey,Brown
33804,Taylor,Jones
33805,Morgan,Williams
33806,Alex,Brown
33807,Jordan,Smith
33808,Jordan,Jones
33809,Alex,Smith
33810,Taylor,Williams
33811,Jordan,Johnson
33812,Taylor,Jones
33813,Casey,Smith
33814,Alex,Johnson
33815,Jordan,Johnson
33816,Taylor,Brown
33817,Jordan,Williams
33818,Morgan,Johnson
33819,Casey,Johnson
33820,Casey,Williams
33821,Taylor,Smith
33822,Morgan,Williams
33823,Jordan,Johnson
33824,Jordan,Jones
33825,Alex,Jones
33826,Taylor,Smith
33827,Alex,Johnson
33828,Taylor,Jones
33829,Alex,Jones
33830,Casey,Jones
33831,Morgan,Williams
33832,Alex,Jones
33833,Casey,Jones
33834,Jordan,Johnson
33835,Casey,Johnson
33836,Casey,Jones
33837,Jordan,Brown
33838,Jordan,Jones
33839,Casey,Jones
33840,Taylor,Jones
33841,Morgan,Smith
33842,Taylor,Jones
33843,Alex,Williams
33844,Taylor,Brown
33845,Alex,Williams
33846,Casey,Smith
33847,Alex,Smith
33848,Jordan,Smith
33849,Casey,Brown
33850,Taylor,Williams
33851,Taylor,Jones
33852,Morgan,Williams
33853,Morgan,Johnson
33854,Morgan,Smith
33855,Taylor,Johnson
33856,Jordan,Johnson
33857,Jordan,Brown
33858,Alex,Williams
33859,Taylor,Williams
33860,Casey,Johnson
33861,Morgan,Jones
33862,Alex,Williams
33863,Jordan,Johnson
33864,Casey,Jones
33865,Alex,Jones
33866,Jordan,Williams
33867,Taylor,Jones
33868,Morgan,Smith
33869,Casey,Smith
33870,Jordan,Smith
33871,Morgan,Johnson
33872,Morgan,Johnson
33873,Taylor,Williams
33874,Jordan,Brown
33875,Jordan,Jones
33876,Morgan,Brown
33877,Jordan,Smith
33878,Casey,Jones
33879,Taylor,Johnson
33880,Casey,Williams
33881,Casey,Smith
33882,Casey,Brown
33883,Jordan,Johnson
33884,Jordan,Smith
33885,Morgan,Brown
33886,Morgan,Jones
33887,Casey,Williams
33888,Taylor,Smith
33889,Jordan,Johnson
33890,Alex,Smith
33891,Jordan,Williams
33892,Jordan,Williams
33893,Morgan,Brown
33894,Morgan,Johnson
33895,Alex,Johnson
33896,Jordan,Smith
33897,Alex,Brown
33898,Morgan,Smith
33899,Jordan,Smith
33900,Jordan,Johnson
33901,Taylor,Johnson
33902,Morgan,Brown
33903,Jordan,Brown
33904,Taylor,Smith
33905,Taylor,Johnson
33906,Alex,Brown
33907,Jordan,Brown
33908,Alex,Johnson
33909,Alex,Jones
33910,Morgan,Williams
33911,Taylor,Brown
33912,Jordan,Brown
33913,Taylor,Jones
33914,Casey,Jones
33915,Jordan,Smith
33916,Jordan,Brown
33917,Casey,Smith
33918,Taylor,Smith
33919,Morgan,Smith
33920,Taylor,Jones
33921,Casey,Jones
33922,Casey,Jones
33923,Morgan,Jones
33924,Alex,Smith
33925,Morgan,Jones
33926,Casey,Johnson
33927,Morgan,Brown
33928,Jordan,Jones
33929,Alex,Jones
33930,Alex,Jones
33931,Alex,Brown
33932,Morgan,Jones
33933,Casey,Williams
33934,Jordan,Johnson
33935,Jordan,Johnson
33936,Morgan,Williams
33937,Morgan,Brown
33938,Casey,Johnson
33939,Morgan,Jones
33940,Alex,Brown
33941,Morgan,Brown
33942,Jordan,Williams
33943,Jordan,Smith
33944,Jordan,Williams
33945,Casey,Smith
33946,Casey,Williams
33947,Taylor,Williams
33948,Morgan,Brown
33949,Taylor,Brown
33950,Jordan,Johnson
33951,Taylor,Johnson
33952,Casey,Johnson
33953,Taylor,Johnson
33954,Alex,Smith
33955,Morgan,Jones
33956,Casey,Johnson
33957,Morgan,Johnson
33958,Jordan,Smith
33959,Jordan,Brown
33960,Alex,Brown
33961,Alex,Smith
33962,Alex,Smith
33963,Casey,Johnson
33964,Casey,Jones
33965,Taylor,Johnson
33966,Taylor,Johnson
33967,Casey,Smith
33968,Morgan,Smith
33969,Morgan,Williams
33970,Morgan,Brown
33971,Alex,Williams
33972,Casey,Brown
33973,Taylor,Smith
33974,Jordan,Smith
33975,Alex,Jones
33976,Jordan,Brown
33977,Taylor,Jones
33978,Taylor,Williams
33979,Alex,Smith
33980,Jordan,Smith
33981,Morgan,Williams
33982,Jordan,Johnson
33983,Taylor,Brown
33984,Taylor,Brown
33985,Casey,Smith
33986,Morgan,Williams
33987,Jordan,Brown
33988,Morgan,Williams
33989,Alex,Brown
33990,Jordan,Williams
33991,Casey,Smith
33992,Taylor,Smith
33993,Morgan,Smith
33994,Morgan,Johnson
33995,Jordan,Williams
33996,Jordan,Brown
33997,Alex,Williams
33998,Taylor,Brown
33999,Jordan,Johnson
34000,Casey,Williams
34001,Jordan,Smith
34002,Casey,Williams
34003,Jordan,Jones
34004,Morgan,Smith
34005,Jordan,Brown
34006,Jordan,Brown
34007,Alex,Jones
34008,Alex,Jones
34009,Morgan,Johnson
34010,Casey,Jones
34011,Alex,Williams
34012,Jordan,Johnson
34013,Alex,Jones
34014,Jordan,Jones
34015,Jordan,Johnson
34016,Jordan,Jones
34017,Jordan,Brown
34018,Alex,Johnson
34019,Morgan,Williams
34020,Alex,Jones
34021,Jordan,Jones
34022,Morgan,Smith
34023,Morgan,Johnson
34024,Morgan,Jones
34025,Alex,Smith
34026,Casey,Jones
34027,Alex,Williams
34028,Morgan,Williams
34029,Taylor,Smith
34030,Casey,Williams
34031,Morgan,Jones
34032,Morgan,Williams
34033,Casey,Johnson
34034,Jordan,Smith
34035,Alex,Johnson
34036,Alex,Brown
34037,Alex,Williams
34038,Taylor,Jones
34039,Jordan,Johnson
34040,Alex,Williams
34041,Casey,Williams
34042,Taylor,Williams
34043,Morgan,Brown
34044,Jordan,Johnson
34045,Taylor,Smith
34046,Morgan,Smith
34047,Alex,Johnson
34048,Taylor,Williams
34049,Alex,Smith
34050,Morgan,Brown
34051,Taylor,Jones
34052,Jordan,Jones
34053,Taylor,Johnson
34054,Morgan,Williams
34055,Jordan,Smith
34056,Morgan,Smith
34057,Taylor,Smith
34058,Taylor,Jones
34059,Alex,Brown
34060,Casey,Brown
34061,Morgan,Johnson
34062,Alex,Johnson
34063,Alex,Williams
34064,Casey,Brown
34065,Casey,Brown
34066,Alex,Smith
34067,Morgan,Jones
34068,Jordan,Johnson
34069,Taylor,Jones
34070,Alex,Johnson
34071,Jordan,Johnson
34072,Jordan,Williams
34073,Jordan,Jones
34074,Jordan,Johnson
34075,Taylor,Williams
34076,Taylor,Johnson
34077,Casey,Brown
34078,Alex,Williams
34079,Alex,Smith
34080,Taylor,Johnson
34081,Casey,Johnson
34082,Morgan,Brown
34083,Alex,Jones
34084,Morgan,Brown
34085,Taylor,Brown
34086,Morgan,Smith
34087,Taylor,Smith
34088,Casey,Brown
34089,Jordan,Jones
34090,Alex,Smith
34091,Morgan,Johnson
34092,Casey,Johnson
34093,Taylor,Williams
34094,Morgan,Brown
34095,Morgan,Smith
34096,Taylor,Williams
34097,Morgan,Williams
34098,Taylor,Brown
34099,Taylor,Jones
34100,Casey,Brown
34101,Taylor,Johnson
34102,Casey,Jones
34103,Alex,Brown
34104,Casey,Johnson
34105,Casey,Smith
34106,Casey,Williams
34107,Casey,Smith
34108,Taylor,Jones
34109,Alex,Williams
34110,Taylor,Jones
34111,Morgan,Johnson
34112,Taylor,Smith
34113,Taylor,Brown
34114,Taylor,Jones
34115,Alex,Smith
34116,Casey,Jones
34117,Casey,Brown
34118,Casey,Jones
34119,Alex,Jones
34120,Alex,Jones
34121,Alex,Johnson
34122,Taylor,Jones
34123,Alex,Smith
34124,Taylor,Johnson
34125,Taylor,Smith
34126,Alex,Williams
34127,Jordan,Williams
34128,Alex,Johnson
34129,Jordan,Jones
34130,Jordan,Jones
34131,Morgan,Brown
34132,Morgan,Johnson
34133,Morgan,Williams
34134,Morgan,Smith
34135,Alex,Brown
34136,Jordan,Williams
34137,Casey,Williams
34138,Taylor,Smith
34139,Casey,Brown
34140,Taylor,Brown
34141,Taylor,Jones
34142,Jordan,Williams
34143,Casey,Smith
34144,Casey,Johnson
34145,Morgan,Jones
34146,Morgan,Brown
34147,Casey,Jones
34148,Jordan,Williams
34149,Alex,Williams
34150,Casey,Brown
34151,Morgan,Williams
34152,Jordan,Johnson
34153,Casey,Williams
34154,Casey,Johnson
34155,Morgan,Williams
34156,Taylor,Jones
34157,Casey,Johnson
34158,Morgan,Johnson
34159,Taylor,Jones
34160,Alex,Smith
34161,Taylor,Johnson
34162,Jordan,Jones
34163,Alex,Williams
34164,Casey,Smith
34165,Alex,Jones
34166,Jordan,Johnson
34167,Alex,Smith
34168,Jordan,Jones
34169,Casey,Jones
34170,Morgan,Jones
34171,Taylor,Johnson
34172,Alex,Johnson
34173,Alex,Brown
34174,Jordan,Brown
34175,Casey,Williams
34176,Jordan,Brown
34177,Alex,Johnson
34178,Casey,Jones
34179,Jordan,Brown
34180,Taylor,Jones
34181,Casey,Smith
34182,Casey,Johnson
34183,Jordan,Brown
34184,Casey,Williams
34185,Taylor,Williams
34186,Jordan,Williams
34187,Alex,Williams
34188,Casey,Brown
34189,Casey,Johnson
34190,Casey,Smith
34191,Jordan,Brown
34192,Taylor,Jones
34193,Alex,Smith
34194,Casey,Smith
34195,Jordan,Williams
34196,Alex,Williams
34197,Taylor,Johnson
34198,Casey,Smith
34199,Jordan,Smith
34200,Morgan,Brown
34201,Morgan,Brown
34202,Alex,Williams
34203,Alex,Smith
34204,Morgan,Jones
34205,Taylor,Johnson
34206,Alex,Smith
34207,Alex,Jones
34208,Alex,Johnson
34209,Casey,Smith
34210,Taylor,Johnson
34211,Jordan,Brown
34212,Morgan,Brown
34213,Alex,Jones
34214,Morgan,Smith
34215,Morgan,Jones
34216,Alex,Brown
34217,Casey,Jones
34218,Morgan,Williams
34219,Jordan,Williams
34220,Morgan,Williams
34221,Alex,Williams
34222,Alex,Brown
34223,Casey,Williams
34224,Morgan,Brown
34225,Alex,Williams
34226,Alex,Williams
34227,Taylor,Smith
34228,Morgan,Jones
34229,Casey,Williams
34230,Morgan,Smith
34231,Taylor,Smith
34232,Alex,Jones
34233,Alex,Brown
34234,Alex,Williams
34235,Alex,Smith
34236,Taylor,Smith
34237,Morgan,Johnson
34238,Casey,Jones
34239,Jordan,Brown
34240,Jordan,Jones
34241,Alex,Johnson
34242,Casey,Smith
34243,Alex,Jones
34244,Taylor,Smith
34245,Morgan,Smith
34246,Taylor,Williams
34247,Jordan,Smith
34248,Alex,Williams
34249,Taylor,Johnson
34250,Alex,Jones
34251,Alex,Williams
34252,Casey,Johnson
34253,Casey,Williams
34254,Morgan,Williams
34255,Alex,Smith
34256,Alex,Johnson
34257,Alex,Smith
34258,Taylor,Smith
34259,Jordan,Williams
34260,Morgan,Williams
34261,Jordan,Smith
34262,Morgan,Johnson
34263,Taylor,Jones
34264,Taylor,Brown
34265,Morgan,Williams
34266,Alex,Johnson
34267,Jordan,Brown
34268,Taylor,Brown
34269,Alex,Johnson
34270,Jordan,Williams
34271,Casey,Williams
34272,Alex,Smith
34273,Alex,Johnson
34274,Morgan,Brown
34275,Morgan,Johnson
34276,Casey,Jones
34277,Alex,Jones
34278,Taylor,Johnson
34279,Casey,Smith
34280,Morgan,Williams
34281,Jordan,Smith
34282,Alex,Brown
34283,Casey,Brown
34284,Jordan,Smith
34285,Casey,Williams
34286,Morgan,Smith
34287,Alex,Brown
34288,Jordan,Brown
34289,Taylor,Williams
34290,Jordan,Williams
34291,Jordan,Williams
34292,Morgan,Jones
34293,Jordan,Jones
34294,Taylor,Johnson
34295,Morgan,Smith
34296,Morgan,Williams
34297,Jordan,Jones
34298,Casey,Smith
34299,Jordan,Brown
34300,Taylor,Smith
34301,Taylor,Brown
34302,Casey,Johnson
34303,Alex,Smith
34304,Jordan,Brown
34305,Casey,Smith
34306,Taylor,Brown
34307,Jordan,Jones
34308,Alex,Smith
34309,Taylor,Jones
34310,Jordan,Smith
34311,Morgan,Williams
34312,Jordan,Johnson
34313,Taylor,Williams
34314,Taylor,Brown
34315,Casey,Smith
34316,Jordan,Smith
34317,Casey,Brown
34318,Taylor,Jones
34319,Jordan,Smith
34320,Casey,Jones
34321,Morgan,Johnson
34322,Taylor,Smith
34323,Jordan,Johnson
34324,Taylor,Smith
34325,Morgan,Williams
34326,Casey,Smith
34327,Casey,Brown
34328,Morgan,Brown
34329,Alex,Brown
34330,Casey,Jones
34331,Jordan,Brown
34332,Morgan,Brown
34333,Alex,Johnson
34334,Casey,Jones
34335,Taylor,Smith
34336,Taylor,Williams
34337,Alex,Brown
34338,Jordan,Williams
34339,Casey,Brown
34340,Morgan,Jones
34341,Jordan,Jones
34342,Taylor,Johnson
34343,Taylor,Smith
34344,Casey,Williams
34345,Casey,Williams
34346,Taylor,Jones
34347,Jordan,Jones
34348,Jordan,Brown
34349,Jordan,Johnson
34350,Taylor,Brown
34351,Alex,Smith
34352,Taylor,Jones
34353,Casey,Johnson
34354,Casey,Johnson
34355,Taylor,Williams
34356,Taylor,Brown
34357,Taylor,Johnson
34358,Taylor,Brown
34359,Casey,Brown
34360,Jordan,Smith
34361,Morgan,Johnson
34362,Jordan,Williams
34363,Morgan,Jones
34364,Casey,Jones
34365,Jordan,Jones
34366,Jordan,Jones
34367,Casey,Brown
34368,Alex,Smith
34369,Morgan,Johnson
34370,Alex,Jones
34371,Casey,Jones
34372,Morgan,Smith
34373,Jordan,Jones
34374,Jordan,Jones
34375,Jordan,Brown
34376,Taylor,Brown
34377,Taylor,Williams
34378,Taylor,Williams
34379,Taylor,Williams
34380,Morgan,Williams
34381,Jordan,Smith
34382,Casey,Brown
34383,Morgan,Williams
34384,Casey,Brown
34385,Taylor,Johnson
34386,Taylor,Brown
34387,Morgan,Smith
34388,Morgan,Jones
34389,Casey,Smith
34390,Casey,Johnson
34391,Morgan,Jones
34392,Alex,Brown
34393,Alex,Smith
34394,Alex,Johnson
34395,Morgan,Johnson
34396,Morgan,Jones
34397,Casey,Jones
34398,Taylor,Williams
34399,Alex,Jones
34400,Alex,Brown
34401,Taylor,Williams
34402,Alex,Jones
34403,Casey,Brown
34404,Jordan,Williams
34405,Morgan,Smith
34406,Casey,Jones
34407,Alex,Smith
34408,Casey,Smith
34409,Morgan,Brown
34410,Jordan,Jones
34411,Alex,Brown
34412,Jordan,Williams
34413,Casey,Jones
34414,Alex,Brown
34415,Alex,Williams
34416,Taylor,Williams
34417,Alex,Williams
34418,Jordan,Smith
34419,Morgan,Williams
34420,Casey,Williams
34421,Morgan,Jones
34422,Jordan,Smith
34423,Alex,Johnson
34424,Alex,Smith
34425,Jordan,Jones
34426,Jordan,Jones
34427,Morgan,Johnson
34428,Taylor,Jones
34429,Morgan,Smith
34430,Morgan,Johnson
34431,Alex,Brown
34432,Taylor,Johnson
34433,Taylor,Jones
34434,Jordan,Brown
34435,Alex,Williams
34436,Jordan,Jones
34437,Casey,Jones
34438,Casey,Brown
34439,Alex,Smith
34440,Morgan,Smith
34441,Taylor,Johnson
34442,Alex,Smith
34443,Taylor,Smith
34444,Morgan,Williams
34445,Taylor,Brown
34446,Jordan,Williams
34447,Jordan,Johnson
34448,Jordan,Brown
34449,Taylor,Johnson
34450,Jordan,Williams
34451,Taylor,Brown
34452,Casey,Brown
34453,Alex,Smith
34454,Alex,Johnson
34455,Taylor,Johnson
34456,Morgan,Jones
34457,Casey,Brown
34458,Morgan,Jones
34459,Alex,Brown
34460,Casey,Johnson
34461,Taylor,Williams
34462,Alex,Williams
34463,Alex,Brown
34464,Jordan,Jones
34465,Taylor,Brown
34466,Alex,Smith
34467,Casey,Williams
34468,Taylor,Smith
34469,Jordan,Smith
34470,Morgan,Jones
34471,Jordan,Jones
34472,Taylor,Jones
34473,Taylor,Brown
34474,Jordan,Williams
34475,Jordan,Brown
34476,Alex,Jones
34477,Taylor,Johnson
34478,Alex,Jones
34479,Casey,Johnson
34480,Jordan,Williams
34481,Casey,Smith
34482,Morgan,Smith
34483,Alex,Brown
34484,Taylor,Smith
34485,Casey,Brown
34486,Casey,Williams
34487,Morgan,Brown
34488,Taylor,Smith
34489,Alex,Smith
34490,Alex,Williams
34491,Alex,Williams
34492,Morgan,Jones
34493,Casey,Brown
34494,Alex,Jones
34495,Taylor,Jones
34496,Casey,Johnson
34497,Morgan,Smith
34498,Jordan,Williams
34499,Casey,Smith
34500,Morgan,Smith
34501,Taylor,Jones
34502,Morgan,Smith
34503,Taylor,Smith
34504,Casey,Smith
34505,Casey,Johnson
34506,Morgan,Smith
34507,Casey,Williams
34508,Jordan,Brown
34509,Casey,Jones
34510,Casey,Williams
34511,Alex,Smith
34512,Jordan,Brown
34513,Jordan,Jones
34514,Taylor,Brown
34515,Jordan,Brown
34516,Jordan,Williams
34517,Taylor,Smith
34518,Taylor,Jones
34519,Taylor,Williams
34520,Morgan,Johnson
34521,Alex,Williams
34522,Alex,Brown
34523,Morgan,Smith
34524,Alex,Williams
34525,Alex,Williams
34526,Alex,Brown
34527,Taylor,Jones
34528,Taylor,Brown
34529,Taylor,Johnson
34530,Alex,Williams
34531,Alex,Johnson
34532,Morgan,Williams
34533,Taylor,Williams
34534,Alex,Jones
34535,Jordan,Williams
34536,Alex,Williams
34537,Alex,Johnson
34538,Jordan,Smith
34539,Taylor,Jones
34540,Morgan,Johnson
34541,Jordan,Williams
34542,Morgan,Jones
34543,Morgan,Brown
34544,Alex,Johnson
34545,Alex,Jones
34546,Casey,Williams
34547,Taylor,Smith
34548,Alex,Williams
34549,Alex,Williams
34550,Alex,Johnson
34551,Jordan,Johnson
34552,Alex,Williams
34553,Casey,Smith
34554,Casey,Williams
34555,Casey,Brown
34556,Morgan,Johnson
34557,Morgan,Smith
34558,Alex,Williams
34559,Jordan,Johnson
34560,Casey,Jones
34561,Jordan,Jones
34562,Casey,Johnson
34563,Jordan,Johnson
34564,Morgan,Johnson
34565,Casey,Brown
34566,Jordan,Johnson
34567,Casey,Brown
34568,Jordan,Johnson
34569,Casey,Jones
34570,Alex,Williams
34571,Morgan,Johnson
34572,Taylor,Brown
34573,Jordan,Smith
34574,Morgan,Smith
34575,Casey,Johnson
34576,Morgan,Williams
34577,Jordan,Brown
34578,Jordan,Williams
34579,Morgan,Smith
34580,Taylor,Johnson
34581,Jordan,Smith
34582,Morgan,Williams
34583,Jordan,Johnson
34584,Morgan,Brown
34585,Taylor,Jones
34586,Alex,Johnson
34587,Jordan,Smith
34588,Alex,Johnson
34589,Casey,Williams
34590,Casey,Johnson
34591,Morgan,Smith
34592,Jordan,Jones
34593,Alex,Smith
34594,Jordan,Smith
34595,Alex,Johnson
34596,Jordan,Brown
34597,Jordan,Brown
34598,Casey,Johnson
34599,Casey,Smith
34600,Casey,Smith
34601,Casey,Johnson
34602,Morgan,Johnson
34603,Taylor,Williams
34604,Taylor,Jones
34605,Jordan,Brown
34606,Taylor,Jones
34607,Jordan,Williams
34608,Casey,Brown
34609,Jordan,Johnson
34610,Taylor,Williams
34611,Taylor,Brown
34612,Alex,Jones
34613,Alex,Johnson
34614,Alex,Jones
34615,Morgan,Jones
34616,Alex,Jones
34617,Morgan,Smith
34618,Alex,Brown
34619,Casey,Brown
34620,Casey,Johnson
34621,Taylor,Williams
34622,Jordan,Johnson
34623,Alex,Smith
34624,Taylor,Williams
34625,Taylor,Johnson
34626,Alex,Williams
34627,Morgan,Williams
34628,Jordan,Jones
34629,Jordan,Johnson
34630,Jordan,Smith
34631,Taylor,Williams
34632,Jordan,Johnson
34633,Jordan,Smith
34634,Casey,Smith
34635,Casey,Johnson
34636,Alex,Jones
34637,Casey,Johnson
34638,Casey,Brown
34639,Taylor,Jones
34640,Morgan,Jones
34641,Casey,Johnson
34642,Taylor,Johnson
34643,Casey,Smith
34644,Morgan,Williams
34645,Taylor,Smith
34646,Taylor,Smith
34647,Jordan,Brown
34648,Alex,Jones
34649,Casey,Jones
34650,Taylor,Williams
34651,Taylor,Jones
34652,Jordan,Williams
34653,Taylor,Williams
34654,Morgan,Johnson
34655,Morgan,Smith
34656,Casey,Brown
34657,Casey,Jones
34658,Morgan,Williams
34659,Casey,Smith
34660,Alex,Williams
34661,Taylor,Jones
34662,Jordan,Williams
34663,Morgan,Johnson
34664,Taylor,Brown
34665,Taylor,Brown
34666,Jordan,Jones
34667,Morgan,Johnson
34668,Jordan,Johnson
34669,Taylor,Brown
34670,Taylor,Brown
34671,Casey,Johnson
34672,Alex,Johnson
34673,Alex,Smith
34674,Alex,Brown
34675,Jordan,Brown
34676,Taylor,Smith
34677,Jordan,Brown
34678,Jordan,Smith
34679,Taylor,Smith
34680,Alex,Brown
34681,Jordan,Williams
34682,Morgan,Brown
34683,Taylor,Brown
34684,Taylor,Jones
34685,Alex,Brown
34686,Alex,Johnson
34687,Taylor,Johnson
34688,Taylor,Brown
34689,Casey,Johnson
34690,Casey,Johnson
34691,Casey,Smith
34692,Casey,Williams
34693,Casey,Smith
34694,Taylor,Johnson
34695,Jordan,Johnson
34696,Alex,Johnson
34697,Taylor,Johnson
34698,Morgan,Smith
34699,Alex,Johnson
34700,Taylor,Brown
34701,Morgan,Smith
34702,Morgan,Johnson
34703,Morgan,Smith
34704,Jordan,Brown
34705,Casey,Brown
34706,Casey,Smith
34707,Casey,Williams
34708,Alex,Smith
34709,Jordan,Johnson
34710,Alex,Jones
34711,Alex,Brown
34712,Jordan,Smith
34713,Taylor,Jones
34714,Morgan,Jones
34715,Taylor,Brown
34716,Casey,Smith
34717,Alex,Smith
34718,Jordan,Brown
34719,Jordan,Brown
34720,Taylor,Williams
34721,Alex,Johnson
34722,Jordan,Johnson
34723,Taylor,Brown
34724,Taylor,Smith
34725,Taylor,Williams
34726,Morgan,Jones
34727,Alex,Williams
34728,Jordan,Brown
34729,Casey,Jones
34730,Alex,Williams
34731,Taylor,Johnson
34732,Jordan,Smith
34733,Morgan,Williams
34734,Jordan,Brown
34735,Casey,Johnson
34736,Casey,Smith
34737,Taylor,Johnson
34738,Taylor,Jones
34739,Jordan,Williams
34740,Alex,Smith
34741,Jordan,Jones
34742,Taylor,Brown
34743,Casey,Smith
34744,Casey,Williams
34745,Morgan,Smith
34746,Morgan,Williams
34747,Casey,Johnson
34748,Morgan,Johnson
34749,Taylor,Johnson
34750,Alex,Smith
34751,Alex,Johnson
34752,Alex,Brown
34753,Alex,Williams
34754,Casey,Smith
34755,Jordan,Williams
34756,Morgan,Williams
34757,Jordan,Brown
34758,Casey,Jones
34759,Taylor,Johnson
34760,Morgan,Williams
34761,Morgan,Johnson
34762,Casey,Williams
34763,Taylor,Johnson
34764,Alex,Williams
34765,Alex,Johnson
34766,Taylor,Smith
34767,Morgan,Johnson
34768,Morgan,Johnson
34769,Alex,Brown
34770,Morgan,Williams
34771,Taylor,Smith
34772,Alex,Brown
34773,Jordan,Smith
34774,Jordan,Johnson
34775,Jordan,Williams
34776,Alex,Smith
34777,Taylor,Brown
34778,Jordan,Smith
34779,Alex,Brown
34780,Alex,Johnson
34781,Alex,Jones
34782,Taylor,Brown
34783,Alex,Smith
34784,Taylor,Brown
34785,Taylor,Johnson
34786,Jordan,Smith
34787,Taylor,Brown
34788,Casey,Johnson
34789,Morgan,Smith
34790,Morgan,Johnson
34791,Taylor,Jones
34792,Jordan,Johnson
34793,Taylor,Johnson
34794,Alex,Jones
34795,Casey,Brown
34796,Casey,Williams
34797,Casey,Williams
34798,Casey,Johnson
34799,Alex,Jones
34800,Casey,Williams
34801,Alex,Johnson
34802,Alex,Smith
34803,Casey,Smith
34804,Casey,Smith
34805,Jordan,Williams
34806,Casey,Jones
34807,Casey,Williams
34808,Morgan,Smith
34809,Casey,Jones
34810,Alex,Johnson
34811,Casey,Brown
34812,Alex,Smith
34813,Jordan,Johnson
34814,Morgan,Williams
34815,Alex,Brown
34816,Alex,Brown
34817,Taylor,Johnson
34818,Jordan,Brown
34819,Morgan,Brown
34820,Alex,Johnson
34821,Casey,Brown
34822,Taylor,Smith
34823,Casey,Smith
34824,Jordan,Smith
34825,Morgan,Smith
34826,Taylor,Smith
34827,Morgan,Williams
34828,Casey,Jones
34829,Taylor,Jones
34830,Morgan,Williams
34831,Jordan,Williams
34832,Taylor,Johnson
34833,Alex,Johnson
34834,Casey,Williams
34835,Alex,Brown
34836,Alex,Brown
34837,Alex,Jones
34838,Morgan,Williams
34839,Casey,Brown
34840,Morgan,Williams
34841,Alex,Williams
34842,Jordan,Johnson
34843,Casey,Johnson
34844,Casey,Williams
34845,Taylor,Brown
34846,Taylor,Johnson
34847,Jordan,Brown
34848,Jordan,Jones
34849,Taylor,Johnson
34850,Morgan,Williams
34851,Taylor,Smith
34852,Taylor,Brown
34853,Taylor,Johnson
34854,Casey,Jones
34855,Casey,Brown
34856,Jordan,Johnson
34857,Jordan,Johnson
34858,Taylor,Williams
34859,Alex,Johnson
34860,Jordan,Williams
34861,Morgan,Brown
34862,Taylor,Brown
34863,Alex,Smith
34864,Morgan,Brown
34865,Alex,Smith
34866,Casey,Johnson
34867,Morgan,Jones
34868,Morgan,Johnson
34869,Alex,Smith
34870,Taylor,Williams
34871,Taylor,Johnson
34872,Jordan,Brown
34873,Jordan,Jones
34874,Jordan,Brown
34875,Alex,Johnson
34876,Morgan,Smith
34877,Jordan,Williams
34878,Alex,Brown
34879,Casey,Brown
34880,Casey,Johnson
34881,Casey,Jones
34882,Morgan,Smith
34883,Casey,Johnson
34884,Casey,Jones
34885,Morgan,Williams
34886,Taylor,Brown
34887,Alex,Smith
34888,Jordan,Williams
34889,Taylor,Jones
34890,Jordan,Brown
34891,Morgan,Williams
34892,Casey,Smith
34893,Taylor,Williams
34894,Jordan,Johnson
34895,Jordan,Johnson
34896,Taylor,Williams
34897,Morgan,Williams
34898,Alex,Johnson
34899,Taylor,Williams
34900,Alex,Williams
34901,Alex,Jones
34902,Taylor,Brown
34903,Taylor,Smith
34904,Alex,Williams
34905,Casey,Jones
34906,Jordan,Williams
34907,Jordan,Johnson
34908,Jordan,Williams
34909,Alex,Smith
34910,Jordan,Brown
34911,Alex,Brown
34912,Casey,Williams
34913,Morgan,Smith
34914,Morgan,Brown
34915,Alex,Jones
34916,Jordan,Williams
34917,Casey,Johnson
34918,Jordan,Brown
34919,Morgan,Williams
34920,Casey,Johnson
34921,Taylor,Williams
34922,Alex,Brown
34923,Morgan,Johnson
34924,Casey,Williams
34925,Jordan,Johnson
34926,Taylor,Smith
34927,Jordan,Brown
34928,Alex,Brown
34929,Taylor,Jones
34930,Jordan,Johnson
34931,Taylor,Johnson
34932,Alex,Jones
34933,Alex,Williams
34934,Taylor,Jones
34935,Alex,Jones
34936,Jordan,Smith
34937,Casey,Brown
34938,Jordan,Williams
34939,Casey,Brown
34940,Taylor,Brown
34941,Casey,Smith
34942,Taylor,Johnson
34943,Alex,Jones
34944,Taylor,Smith
34945,Alex,Brown
34946,Casey,Williams
34947,Taylor,Brown
34948,Morgan,Jones
34949,Casey,Johnson
34950,Jordan,Jones
34951,Alex,Johnson
34952,Jordan,Smith
34953,Casey,Smith
34954,Morgan,Brown
34955,Jordan,Jones
34956,Taylor,Jones
34957,Taylor,Smith
34958,Jordan,Brown
34959,Taylor,Johnson
34960,Morgan,Johnson
34961,Jordan,Williams
34962,Taylor,Johnson
34963,Jordan,Smith
34964,Taylor,Johnson
34965,Taylor,Brown
34966,Jordan,Brown
34967,Alex,Johnson
34968,Morgan,Jones
34969,Casey,Johnson
34970,Morgan,Brown
34971,Jordan,Smith
34972,Morgan,Johnson
34973,Taylor,Jones
34974,Taylor,Johnson
34975,Morgan,Jones
34976,Jordan,Brown
34977,Morgan,Williams
34978,Morgan,Johnson
34979,Morgan,Jones
34980,Alex,Smith
34981,Taylor,Williams
34982,Alex,Jones
34983,Jordan,Williams
34984,Taylor,Williams
34985,Morgan,Brown
34986,Morgan,Smith
34987,Taylor,Jones
34988,Casey,Brown
34989,Taylor,Johnson
34990,Taylor,Brown
34991,Alex,Brown
34992,Taylor,Jones
34993,Casey,Williams
34994,Alex,Williams
34995,Morgan,Williams
34996,Taylor,Smith
34997,Taylor,Smith
34998,Jordan,Johnson
34999,Alex,Brown
35000,Morgan,Williams
35001,Taylor,Brown
35002,Morgan,Brown
35003,Jordan,Smith
35004,Taylor,Smith
35005,Casey,Williams
35006,Casey,Smith
35007,Casey,Williams
35008,Morgan,Brown
35009,Taylor,Jones
35010,Taylor,Brown
35011,Taylor,Smith
35012,Morgan,Jones
35013,Morgan,Brown
35014,Jordan,Jones
35015,Jordan,Smith
35016,Alex,Jones
35017,Alex,Brown
35018,Alex,Smith
35019,Alex,Smith
35020,Alex,Johnson
35021,Casey,Jones
35022,Morgan,Smith
35023,Jordan,Smith
35024,Jordan,Smith
35025,Alex,Brown
35026,Taylor,Johnson
35027,Casey,Williams
35028,Morgan,Smith
35029,Alex,Johnson
35030,Alex,Smith
35031,Jordan,Smith
35032,Taylor,Brown
35033,Casey,Smith
35034,Jordan,Brown
35035,Alex,Smith
35036,Taylor,Williams
35037,Morgan,Brown
35038,Jordan,Williams
35039,Alex,Brown
35040,Alex,Brown
35041,Alex,Jones
35042,Morgan,Smith
35043,Casey,Smith
35044,Taylor,Williams
35045,Alex,Brown
35046,Taylor,Williams
35047,Jordan,Williams
35048,Alex,Jones
35049,Casey,Jones
35050,Alex,Williams
35051,Morgan,Williams
35052,Alex,Williams
35053,Taylor,Williams
35054,Alex,Johnson
35055,Taylor,Jones
35056,Morgan,Jones
35057,Jordan,Johnson
35058,Alex,Johnson
35059,Alex,Williams
35060,Morgan,Smith
35061,Casey,Smith
35062,Taylor,Jones
35063,Taylor,Johnson
35064,Casey,Smith
35065,Alex,Johnson
35066,Alex,Johnson
35067,Taylor,Smith
35068,Morgan,Brown
35069,Alex,Smith
35070,Alex,Williams
35071,Taylor,Johnson
35072,Casey,Jones
35073,Taylor,Jones
35074,Morgan,Johnson
35075,Morgan,Williams
35076,Taylor,Brown
35077,Casey,Brown
35078,Jordan,Smith
35079,Taylor,Brown
35080,Taylor,Smith
35081,Jordan,Smith
35082,Casey,Johnson
35083,Alex,Williams
35084,Jordan,Smith
35085,Casey,Brown
35086,Jordan,Jones
35087,Taylor,Smith
35088,Taylor,Smith
35089,Alex,Williams
35090,Casey,Williams
35091,Taylor,Brown
35092,Taylor,Johnson
35093,Jordan,Williams
35094,Alex,Johnson
35095,Casey,Brown
35096,Morgan,Brown
35097,Taylor,Smith
35098,Alex,Williams
35099,Morgan,Brown
35100,Alex,Williams
35101,Jordan,Jones
35102,Jordan,Brown
35103,Taylor,Johnson
35104,Morgan,Brown
35105,Morgan,Smith
35106,Alex,Brown
35107,Taylor,Johnson
35108,Casey,Jones
35109,Jordan,Jones
35110,Jordan,Brown
35111,Alex,Williams
35112,Casey,Johnson
35113,Jordan,Jones
35114,Morgan,Johnson
35115,Taylor,Williams
35116,Alex,Williams
35117,Alex,Smith
35118,Casey,Williams
35119,Jordan,Johnson
35120,Jordan,Jones
35121,Casey,Williams
35122,Jordan,Jones
35123,Taylor,Johnson
35124,Taylor,Smith
35125,Casey,Jones
35126,Taylor,Jones
35127,Jordan,Williams
35128,Jordan,Johnson
35129,Taylor,Smith
35130,Alex,Jones
35131,Morgan,Williams
35132,Morgan,Smith
35133,Taylor,Johnson
35134,Jordan,Williams
35135,Alex,Johnson
35136,Casey,Brown
35137,Jordan,Johnson
35138,Casey,Johnson
35139,Casey,Johnson
35140,Jordan,Williams
35141,Morgan,Williams
35142,Taylor,Williams
35143,Alex,Smith
35144,Alex,Williams
35145,Jordan,Jones
35146,Casey,Johnson
35147,Alex,Brown
35148,Jordan,Brown
35149,Casey,Johnson
35150,Alex,Jones
35151,Alex,Smith
35152,Casey,Brown
35153,Morgan,Smith
35154,Casey,Smith
35155,Jordan,Jones
35156,Morgan,Brown
35157,Taylor,Jones
35158,Taylor,Brown
35159,Casey,Brown
35160,Casey,Jones
35161,Casey,Williams
35162,Taylor,Brown
35163,Alex,Johnson
35164,Casey,Jones
35165,Jordan,Johnson
35166,Casey,Brown
35167,Taylor,Johnson
35168,Jordan,Williams
35169,Morgan,Brown
35170,Alex,Smith
35171,Taylor,Smith
35172,Taylor,Jones
35173,Jordan,Smith
35174,Morgan,Jones
35175,Alex,Brown
35176,Alex,Jones
35177,Alex,Brown
35178,Taylor,Jones
35179,Casey,Brown
35180,Alex,Johnson
35181,Alex,Williams
35182,Alex,Brown
35183,Taylor,Williams
35184,Alex,Smith
35185,Casey,Williams
35186,Taylor,Williams
35187,Casey,Williams
35188,Morgan,Jones
35189,Casey,Brown
35190,Taylor,Brown
35191,Jordan,Williams
35192,Alex,Brown
35193,Alex,Brown
35194,Morgan,Jones
35195,Taylor,Johnson
35196,Alex,Smith
35197,Taylor,Brown
35198,Jordan,Jones
35199,Casey,Brown
35200,Jordan,Jones
35201,Casey,Brown
35202,Taylor,Jones
35203,Alex,Smith
35204,Morgan,Brown
35205,Morgan,Williams
35206,Casey,Smith
35207,Taylor,Williams
35208,Alex,Brown
35209,Taylor,Brown
35210,Morgan,Johnson
35211,Taylor,Jones
35212,Morgan,Smith
35213,Morgan,Jones
35214,Alex,Jones
35215,Alex,Brown
35216,Alex,Brown
35217,Taylor,Smith
35218,Alex,Johnson
35219,Taylor,Brown
35220,Alex,Smith
35221,Alex,Jones
35222,Casey,Jones
35223,Morgan,Williams
35224,Alex,Jones
35225,Casey,Jones
35226,Casey,Brown
35227,Taylor,Williams
35228,Morgan,Smith
35229,Jordan,Smith
35230,Morgan,Williams
35231,Casey,Brown
35232,Jordan,Smith
35233,Alex,Jones
35234,Casey,Johnson
35235,Jordan,Johnson
35236,Alex,Smith
35237,Morgan,Williams
35238,Jordan,Brown
35239,Taylor,Jones
35240,Taylor,Brown
35241,Jordan,Brown
35242,Morgan,Brown
35243,Casey,Williams
35244,Morgan,Brown
35245,Jordan,Johnson
35246,Taylor,Brown
35247,Casey,Johnson
35248,Casey,Johnson
35249,Taylor,Brown
35250,Alex,Jones
35251,Casey,Jones
35252,Alex,Brown
35253,Casey,Brown
35254,Jordan,Smith
35255,Taylor,Jones
35256,Morgan,Smith
35257,Taylor,Johnson
35258,Morgan,Jones
35259,Morgan,Williams
35260,Taylor,Williams
35261,Morgan,Williams
35262,Jordan,Smith
35263,Morgan,Johnson
35264,Taylor,Jones
35265,Jordan,Smith
35266,Jordan,Brown
35267,Casey,Jones
35268,Jordan,Smith
35269,Jordan,Jones
35270,Taylor,Williams
35271,Alex,Jones
35272,Alex,Brown
35273,Morgan,Williams
35274,Morgan,Johnson
35275,Morgan,Brown
35276,Taylor,Smith
35277,Casey,Smith
35278,Jordan,Jones
35279,Taylor,Johnson
35280,Morgan,Williams
35281,Taylor,Johnson
35282,Morgan,Johnson
35283,Morgan,Johnson
35284,Morgan,Williams
35285,Morgan,Brown
35286,Morgan,Smith
35287,Jordan,Smith
35288,Alex,Johnson
35289,Jordan,Williams
35290,Alex,Jones
35291,Morgan,Smith
35292,Jordan,Johnson
35293,Jordan,Johnson
35294,Jordan,Johnson
35295,Morgan,Brown
35296,Jordan,Williams
35297,Alex,Brown
35298,Taylor,Johnson
35299,Alex,Brown
35300,Morgan,Johnson
35301,Taylor,Williams
35302,Morgan,Johnson
35303,Morgan,Brown
35304,Casey,Williams
35305,Alex,Brown
35306,Taylor,Johnson
35307,Jordan,Smith
35308,Morgan,Williams
35309,Alex,Smith
35310,Jordan,Smith
35311,Jordan,Smith
35312,Jordan,Williams
35313,Casey,Johnson
35314,Morgan,Brown
35315,Alex,Johnson
35316,Morgan,Jones
35317,Jordan,Johnson
35318,Jordan,Williams
35319,Jordan,Smith
35320,Casey,Williams
35321,Casey,Williams
35322,Jordan,Jones
35323,Taylor,Brown
35324,Morgan,Jones
35325,Morgan,Johnson
35326,Casey,Johnson
35327,Taylor,Johnson
35328,Casey,Johnson
35329,Jordan,Brown
35330,Casey,Smith
35331,Taylor,Brown
35332,Casey,Williams
35333,Alex,Jones
35334,Casey,Johnson
35335,Alex,Johnson
35336,Casey,Williams
35337,Casey,Jones
35338,Alex,Smith
35339,Taylor,Smith
35340,Alex,Smith
35341,Taylor,Johnson
35342,Taylor,Williams
35343,Morgan,Johnson
35344,Morgan,Brown
35345,Jordan,Smith
35346,Taylor,Johnson
35347,Morgan,Brown
35348,Taylor,Jones
35349,Taylor,Smith
35350,Taylor,Johnson
35351,Taylor,Jones
35352,Casey,Johnson
35353,Alex,Jones
35354,Jordan,Williams
35355,Alex,Jones
35356,Casey,Johnson
35357,Jordan,Johnson
35358,Jordan,Williams
35359,Jordan,Williams
35360,Taylor,Smith
35361,Taylor,Smith
35362,Morgan,Jones
35363,Taylor,Smith
35364,Jordan,Jones
35365,Casey,Williams
35366,Morgan,Johnson
35367,Jordan,Jones
35368,Taylor,Johnson
35369,Taylor,Johnson
35370,Jordan,Johnson
35371,Morgan,Jones
35372,Casey,Jones
35373,Morgan,Brown
35374,Morgan,Smith
35375,Morgan,Williams
35376,Jordan,Jones
35377,Taylor,Jones
35378,Taylor,Brown
35379,Morgan,Johnson
35380,Morgan,Smith
35381,Alex,Johnson
35382,Morgan,Williams
35383,Jordan,Johnson
35384,Casey,Johnson
35385,Morgan,Johnson
35386,Alex,Johnson
35387,Jordan,Johnson
35388,Taylor,Williams
35389,Morgan,Brown
35390,Morgan,Jones
35391,Alex,Smith
35392,Morgan,Smith
35393,Morgan,Jones
35394,Alex,Smith
35395,Morgan,Johnson
35396,Taylor,Williams
35397,Casey,Johnson
35398,Morgan,Williams
35399,Casey,Johnson
35400,Morgan,Jones
35401,Alex,Brown
35402,Taylor,Brown
35403,Casey,Jones
35404,Casey,Williams
35405,Jordan,Williams
35406,Jordan,Williams
35407,Morgan,Brown
35408,Morgan,Smith
35409,Taylor,Smith
35410,Jordan,Johnson
35411,Morgan,Brown
35412,Jordan,Smith
35413,Taylor,Johnson
35414,Alex,Smith
35415,Morgan,Johnson
35416,Morgan,Smith
35417,Casey,Williams
35418,Alex,Smith
35419,Morgan,Johnson
35420,Alex,Jones
35421,Jordan,Jones
35422,Morgan,Brown
35423,Jordan,Johnson
35424,Taylor,Jones
35425,Alex,Brown
35426,Morgan,Williams
35427,Alex,Brown
35428,Morgan,Jones
35429,Alex,Williams
35430,Morgan,Williams
35431,Casey,Williams
35432,Taylor,Smith
35433,Taylor,Smith
35434,Jordan,Smith
35435,Morgan,Brown
35436,Casey,Brown
35437,Casey,Brown
35438,Jordan,Jones
35439,Taylor,Johnson
35440,Jordan,Jones
35441,Taylor,Smith
35442,Casey,Smith
35443,Morgan,Williams
35444,Jordan,Smith
35445,Taylor,Smith
35446,Taylor,Johnson
35447,Morgan,Brown
35448,Alex,Johnson
35449,Taylor,Jones
35450,Jordan,Williams
35451,Morgan,Brown
35452,Taylor,Williams
35453,Casey,Smith
35454,Alex,Smith
35455,Morgan,Johnson
35456,Jordan,Brown
35457,Jordan,Smith
35458,Taylor,Smith
35459,Casey,Brown
35460,Morgan,Jones
35461,Casey,Williams
35462,Taylor,Brown
35463,Morgan,Jones
35464,Alex,Brown
35465,Jordan,Brown
35466,Alex,Johnson
35467,Casey,Smith
35468,Alex,Williams
35469,Jordan,Smith
35470,Morgan,Smith
35471,Morgan,Johnson
35472,Alex,Johnson
35473,Morgan,Smith
35474,Casey,Smith
35475,Casey,Williams
35476,Alex,Jones
35477,Morgan,Williams
35478,Casey,Smith
35479,Taylor,Johnson
35480,Taylor,Jones
35481,Alex,Johnson
35482,Alex,Johnson
35483,Taylor,Jones
35484,Casey,Smith
35485,Taylor,Jones
35486,Alex,Johnson
35487,Casey,Jones
35488,Taylor,Smith
35489,Jordan,Brown
35490,Casey,Williams
35491,Jordan,Brown
35492,Jordan,Smith
35493,Taylor,Johnson
35494,Casey,Johnson
35495,Jordan,Johnson
35496,Taylor,Smith
35497,Taylor,Johnson
35498,Taylor,Williams
35499,Morgan,Jones
35500,Taylor,Smith
35501,Casey,Johnson
35502,Alex,Brown
35503,Jordan,Johnson
35504,Taylor,Johnson
35505,Morgan,Jones
35506,Casey,Jones
35507,Morgan,Brown
35508,Jordan,Smith
35509,Taylor,Brown
35510,Casey,Johnson
35511,Casey,Smith
35512,Jordan,Smith
35513,Casey,Jones
35514,Taylor,Williams
35515,Alex,Jones
35516,Alex,Johnson
35517,Taylor,Brown
35518,Alex,Johnson
35519,Morgan,Smith
35520,Taylor,Williams
35521,Jordan,Williams
35522,Morgan,Jones
35523,Jordan,Jones
35524,Morgan,Smith
35525,Morgan,Brown
35526,Alex,Johnson
35527,Taylor,Jones
35528,Alex,Johnson
35529,Casey,Smith
35530,Morgan,Smith
35531,Jordan,Brown
35532,Taylor,Johnson
35533,Alex,Jones
35534,Alex,Smith
35535,Jordan,Smith
35536,Casey,Williams
35537,Taylor,Brown
35538,Morgan,Jones
35539,Casey,Smith
35540,Casey,Williams
35541,Jordan,Jones
35542,Alex,Jones
35543,Morgan,Jones
35544,Morgan,Williams
35545,Taylor,Johnson
35546,Morgan,Williams
35547,Jordan,Jones
35548,Casey,Jones
35549,Alex,Johnson
35550,Casey,Johnson
35551,Casey,Brown
35552,Taylor,Jones
35553,Taylor,Smith
35554,Casey,Jones
35555,Taylor,Brown
35556,Jordan,Brown
35557,Casey,Johnson
35558,Jordan,Jones
35559,Jordan,Brown
35560,Morgan,Smith
35561,Casey,Jones
35562,Casey,Smith
35563,Taylor,Johnson
35564,Taylor,Johnson
35565,Jordan,Brown
35566,Taylor,Smith
35567,Morgan,Smith
35568,Alex,Williams
35569,Morgan,Williams
35570,Casey,Brown
35571,Casey,Jones
35572,Taylor,Johnson
35573,Morgan,Brown
35574,Morgan,Jones
35575,Jordan,Jones
35576,Taylor,Jones
35577,Casey,Smith
35578,Taylor,Brown
35579,Jordan,Williams
35580,Casey,Jones
35581,Alex,Jones
35582,Taylor,Jones
35583,Taylor,Williams
35584,Casey,Jones
35585,Casey,Williams
35586,Jordan,Johnson
35587,Casey,Jones
35588,Jordan,Smith
35589,Alex,Jones
35590,Alex,Williams
35591,Jordan,Jones
35592,Casey,Johnson
35593,Casey,Brown
35594,Jordan,Brown
35595,Casey,Brown
35596,Alex,Williams
35597,Casey,Jones
35598,Taylor,Williams
35599,Taylor,Smith
35600,Morgan,Brown
35601,Taylor,Smith
35602,Jordan,Smith
35603,Alex,Johnson
35604,Jordan,Johnson
35605,Alex,Johnson
35606,Casey,Williams
35607,Casey,Johnson
35608,Casey,Williams
35609,Jordan,Smith
35610,Jordan,Williams
35611,Taylor,Jones
35612,Casey,Johnson
35613,Jordan,Brown
35614,Morgan,Smith
35615,Morgan,Williams
35616,Taylor,Williams
35617,Alex,Smith
35618,Alex,Brown
35619,Morgan,Smith
35620,Alex,Johnson
35621,Jordan,Williams
35622,Casey,Smith
35623,Morgan,Smith
35624,Taylor,Williams
35625,Jordan,Brown
35626,Morgan,Jones
35627,Alex,Williams
35628,Casey,Williams
35629,Alex,Smith
35630,Alex,Williams
35631,Alex,Jones
35632,Taylor,Williams
35633,Morgan,Johnson
35634,Taylor,Jones
35635,Jordan,Johnson
35636,Casey,Johnson
35637,Casey,Brown
35638,Morgan,Smith
35639,Taylor,Johnson
35640,Jordan,Brown
35641,Casey,Williams
35642,Alex,Smith
35643,Alex,Johnson
35644,Taylor,Jones
35645,Alex,Jones
35646,Alex,Brown
35647,Casey,Johnson
35648,Jordan,Williams
35649,Alex,Williams
35650,Morgan,Smith
35651,Jordan,Smith
35652,Casey,Williams
35653,Alex,Smith
35654,Alex,Brown
35655,Morgan,Jones
35656,Alex,Smith
35657,Morgan,Johnson
35658,Casey,Johnson
35659,Taylor,Jones
35660,Taylor,Williams
35661,Casey,Williams
35662,Morgan,Brown
35663,Taylor,Smith
35664,Casey,Williams
35665,Morgan,Smith
35666,Jordan,Smith
35667,Casey,Johnson
35668,Alex,Williams
35669,Casey,Jones
35670,Casey,Brown
35671,Jordan,Jones
35672,Taylor,Johnson
35673,Alex,Williams
35674,Taylor,Jones
35675,Alex,Smith
35676,Morgan,Smith
35677,Morgan,Smith
35678,Casey,Smith
35679,Jordan,Johnson
35680,Alex,Williams
35681,Taylor,Williams
35682,Taylor,Johnson
35683,Alex,Smith
35684,Jordan,Jones
35685,Jordan,Smith
35686,Jordan,Jones
35687,Jordan,Williams
35688,Jordan,Johnson
35689,Alex,Smith
35690,Taylor,Brown
35691,Jordan,Brown
35692,Casey,Williams
35693,Alex,Williams
35694,Taylor,Johnson
35695,Casey,Jones
35696,Taylor,Jones
35697,Taylor,Williams
35698,Casey,Johnson
35699,Morgan,Jones
35700,Morgan,Johnson
35701,Morgan,Smith
35702,Morgan,Brown
35703,Jordan,Johnson
35704,Morgan,Brown
35705,Alex,Smith
35706,Morgan,Smith
35707,Jordan,Smith
35708,Morgan,Jones
35709,Casey,Brown
35710,Morgan,Jones
35711,Casey,Jones
35712,Taylor,Williams
35713,Alex,Smith
35714,Alex,Johnson
35715,Jordan,Jones
35716,Alex,Jones
35717,Morgan,Williams
35718,Alex,Williams
35719,Casey,Johnson
35720,Jordan,Smith
35721,Jordan,Williams
35722,Alex,Johnson
35723,Casey,Williams
35724,Morgan,Jones
35725,Jordan,Smith
35726,Morgan,Jones
35727,Alex,Johnson
35728,Morgan,Smith
35729,Morgan,Smith
35730,Alex,Brown
35731,Casey,Smith
35732,Jordan,Williams
35733,Morgan,Smith
35734,Casey,Smith
35735,Casey,Johnson
35736,Morgan,Williams
35737,Taylor,Smith
35738,Jordan,Johnson
35739,Morgan,Williams
35740,Alex,Williams
35741,Casey,Jones
35742,Casey,Williams
35743,Alex,Williams
35744,Casey,Jones
35745,Jordan,Williams
35746,Alex,Williams
35747,Alex,Jones
35748,Morgan,Williams
35749,Casey,Johnson
35750,Alex,Jones
35751,Taylor,Williams
35752,Taylor,Jones
35753,Jordan,Johnson
35754,Alex,Smith
35755,Alex,Smith
35756,Alex,Jones
35757,Taylor,Johnson
35758,Casey,Smith
35759,Morgan,Brown
35760,Taylor,Williams
35761,Alex,Smith
35762,Casey,Johnson
35763,Alex,Brown
35764,Taylor,Brown
35765,Taylor,Williams
35766,Morgan,Smith
35767,Morgan,Smith
35768,Alex,Johnson
35769,Jordan,Brown
35770,Taylor,Smith
35771,Jordan,Jones
35772,Morgan,Williams
35773,Morgan,Smith
35774,Taylor,Smith
35775,Morgan,Smith
35776,Casey,Smith
35777,Alex,Williams
35778,Jordan,Johnson
35779,Alex,Brown
35780,Casey,Smith
35781,Taylor,Brown
35782,Casey,Johnson
35783,Taylor,Jones
35784,Alex,Johnson
35785,Jordan,Johnson
35786,Casey,Brown
35787,Morgan,Brown
35788,Alex,Jones
35789,Taylor,Williams
35790,Taylor,Johnson
35791,Alex,Brown
35792,Casey,Williams
35793,Jordan,Williams
35794,Jordan,Smith
35795,Alex,Smith
35796,Morgan,Brown
35797,Taylor,Brown
35798,Morgan,Jones
35799,Alex,Johnson
35800,Casey,Brown
35801,Taylor,Jones
35802,Taylor,Williams
35803,Casey,Smith
35804,Casey,Jones
35805,Casey,Smith
35806,Alex,Williams
35807,Jordan,Jones
35808,Taylor,Jones
35809,Alex,Smith
35810,Casey,Brown
35811,Morgan,Jones
35812,Casey,Johnson
35813,Taylor,Smith
35814,Jordan,Smith
35815,Jordan,Smith
35816,Casey,Johnson
35817,Jordan,Johnson
35818,Jordan,Smith
35819,Jordan,Smith
35820,Taylor,Williams
35821,Taylor,Johnson
35822,Taylor,Johnson
35823,Casey,Williams
35824,Taylor,Williams
35825,Alex,Johnson
35826,Alex,Jones
35827,Morgan,Smith
35828,Taylor,Jones
35829,Casey,Williams
35830,Morgan,Brown
35831,Jordan,Brown
35832,Jordan,Smith
35833,Taylor,Williams
35834,Casey,Williams
35835,Jordan,Jones
35836,Morgan,Jones
35837,Jordan,Jones
35838,Jordan,Smith
35839,Jordan,Smith
35840,Taylor,Jones
35841,Alex,Jones
35842,Taylor,Johnson
35843,Taylor,Smith
35844,Taylor,Williams
35845,Morgan,Brown
35846,Taylor,Brown
35847,Casey,Brown
35848,Morgan,Williams
35849,Casey,Jones
35850,Taylor,Johnson
35851,Casey,Johnson
35852,Taylor,Williams
35853,Jordan,Williams
35854,Jordan,Williams
35855,Casey,Smith
35856,Morgan,Jones
35857,Casey,Brown
35858,Alex,Brown
35859,Jordan,Williams
35860,Alex,Brown
35861,Jordan,Johnson
35862,Jordan,Williams
35863,Morgan,Williams
35864,Morgan,Williams
35865,Morgan,Williams
35866,Taylor,Johnson
35867,Casey,Brown
35868,Morgan,Brown
35869,Morgan,Smith
35870,Casey,Williams
35871,Casey,Smith
35872,Alex,Brown
35873,Jordan,Brown
35874,Taylor,Williams
35875,Casey,Jones
35876,Morgan,Johnson
35877,Morgan,Brown
35878,Taylor,Smith
35879,Morgan,Brown
35880,Taylor,Williams
35881,Morgan,Smith
35882,Jordan,Jones
35883,Alex,Smith
35884,Jordan,Williams
35885,Morgan,Johnson
35886,Jordan,Smith
35887,Taylor,Smith
35888,Alex,Johnson
35889,Jordan,Williams
35890,Alex,Jones
35891,Casey,Johnson
35892,Jordan,Jones
35893,Morgan,Brown
35894,Taylor,Brown
35895,Taylor,Jones
35896,Taylor,Williams
35897,Casey,Jones
35898,Alex,Williams
35899,Jordan,Jones
35900,Morgan,Williams
35901,Casey,Johnson
35902,Jordan,Williams
35903,Casey,Brown
35904,Alex,Williams
35905,Morgan,Johnson
35906,Alex,Johnson
35907,Jordan,Smith
35908,Alex,Brown
35909,Casey,Jones
35910,Jordan,Brown
35911,Jordan,Jones
35912,Morgan,Jones
35913,Morgan,Williams
35914,Alex,Smith
35915,Alex,Jones
35916,Morgan,Williams
35917,Morgan,Brown
35918,Taylor,Brown
35919,Morgan,Williams
35920,Casey,Johnson
35921,Taylor,Brown
35922,Morgan,Smith
35923,Morgan,Smith
35924,Casey,Jones
35925,Alex,Brown
35926,Casey,Jones
35927,Taylor,Smith
35928,Casey,Brown
35929,Jordan,Jones
35930,Alex,Johnson
35931,Morgan,Jones
35932,Casey,Johnson
35933,Casey,Johnson
35934,Casey,Smith
35935,Taylor,Williams
35936,Jordan,Jones
35937,Alex,Jones
35938,Alex,Jones
35939,Jordan,Jones
35940,Jordan,Williams
35941,Morgan,Jones
35942,Morgan,Smith
35943,Taylor,Brown
35944,Taylor,Jones
35945,Alex,Smith
35946,Casey,Smith
35947,Morgan,Jones
35948,Casey,Jones
35949,Alex,Brown
35950,Casey,Brown
35951,Jordan,Brown
35952,Casey,Jones
35953,Taylor,Johnson
35954,Morgan,Jones
35955,Casey,Jones
35956,Alex,Williams
35957,Casey,Smith
35958,Taylor,Johnson
35959,Jordan,Smith
35960,Morgan,Smith
35961,Taylor,Williams
35962,Jordan,Johnson
35963,Alex,Smith
35964,Casey,Johnson
35965,Taylor,Brown
35966,Jordan,Johnson
35967,Morgan,Jones
35968,Jordan,Jones
35969,Morgan,Jones
35970,Alex,Jones
35971,Morgan,Johnson
35972,Alex,Johnson
35973,Morgan,Smith
35974,Jordan,Williams
35975,Alex,Johnson
35976,Morgan,Williams
35977,Morgan,Jones
35978,Casey,Brown
35979,Morgan,Johnson
35980,Jordan,Brown
35981,Alex,Johnson
35982,Taylor,Jones
35983,Casey,Jones
35984,Casey,Johnson
35985,Jordan,Williams
35986,Morgan,Smith
35987,Casey,Brown
35988,Taylor,Johnson
35989,Taylor,Williams
35990,Jordan,Williams
35991,Jordan,Johnson
35992,Jordan,Brown
35993,Morgan,Jones
35994,Casey,Johnson
35995,Taylor,Jones
35996,Morgan,Johnson
35997,Taylor,Jones
35998,Taylor,Johnson
35999,Morgan,Smith
36000,Jordan,Brown
36001,Jordan,Brown
36002,Taylor,Brown
36003,Taylor,Williams
36004,Alex,Johnson
36005,Taylor,Smith
36006,Morgan,Williams
36007,Taylor,Jones
36008,Morgan,Smith
36009,Jordan,Williams
36010,Casey,Williams
36011,Morgan,Johnson
36012,Jordan,Johnson
36013,Alex,Brown
36014,Taylor,Brown
36015,Morgan,Johnson
36016,Casey,Brown
36017,Morgan,Johnson
36018,Casey,Smith
36019,Jordan,Smith
36020,Casey,Smith
36021,Casey,Williams
36022,Jordan,Williams
36023,Jordan,Brown
36024,Casey,Smith
36025,Taylor,Smith
36026,Jordan,Brown
36027,Taylor,Johnson
36028,Casey,Johnson
36029,Morgan,Smith
36030,Casey,Smith
36031,Taylor,Williams
36032,Taylor,Brown
36033,Morgan,Williams
36034,Morgan,Jones
36035,Casey,Jones
36036,Morgan,Smith
36037,Casey,Williams
36038,Taylor,Williams
36039,Jordan,Brown
36040,Jordan,Johnson
36041,Alex,Jones
36042,Morgan,Johnson
36043,Taylor,Smith
36044,Taylor,Smith
36045,Jordan,Brown
36046,Jordan,Brown
36047,Casey,Jones
36048,Taylor,Smith
36049,Morgan,Williams
36050,Morgan,Brown
36051,Casey,Brown
36052,Taylor,Johnson
36053,Morgan,Jones
36054,Taylor,Smith
36055,Alex,Williams
36056,Casey,Williams
36057,Casey,Brown
36058,Alex,Brown
36059,Jordan,Williams
36060,Jordan,Johnson
36061,Morgan,Smith
36062,Casey,Brown
36063,Jordan,Williams
36064,Jordan,Smith
36065,Morgan,Brown
36066,Alex,Brown
36067,Morgan,Williams
36068,Jordan,Williams
36069,Alex,Williams
36070,Jordan,Smith
36071,Taylor,Smith
36072,Morgan,Williams
36073,Taylor,Williams
36074,Alex,Smith
36075,Jordan,Brown
36076,Alex,Brown
36077,Casey,Brown
36078,Jordan,Smith
36079,Jordan,Williams
36080,Morgan,Johnson
36081,Taylor,Johnson
36082,Alex,Johnson
36083,Morgan,Brown
36084,Alex,Johnson
36085,Morgan,Jones
36086,Alex,Williams
36087,Jordan,Johnson
36088,Jordan,Jones
36089,Morgan,Williams
36090,Taylor,Brown
36091,Jordan,Johnson
36092,Jordan,Brown
36093,Morgan,Brown
36094,Jordan,Jones
36095,Morgan,Brown
36096,Taylor,Smith
36097,Alex,Jones
36098,Jordan,Johnson
36099,Casey,Brown
36100,Morgan,Johnson
36101,Casey,Jones
36102,Morgan,Smith
36103,Morgan,Brown
36104,Morgan,Brown
36105,Taylor,Williams
36106,Casey,Johnson
36107,Morgan,Brown
36108,Taylor,Jones
36109,Alex,Brown
36110,Jordan,Williams
36111,Alex,Smith
36112,Casey,Johnson
36113,Taylor,Brown
36114,Alex,Smith
36115,Alex,Johnson
36116,Casey,Smith
36117,Alex,Jones
36118,Morgan,Williams
36119,Alex,Brown
36120,Jordan,Jones
36121,Casey,Williams
36122,Alex,Jones
36123,Morgan,Smith
36124,Alex,Smith
36125,Jordan,Smith
36126,Morgan,Williams
36127,Taylor,Smith
36128,Jordan,Johnson
36129,Alex,Jones
36130,Morgan,Williams
36131,Alex,Brown
36132,Jordan,Brown
36133,Jordan,Jones
36134,Morgan,Jones
36135,Jordan,Brown
36136,Jordan,Johnson
36137,Taylor,Johnson
36138,Casey,Smith
36139,Taylor,Jones
36140,Jordan,Williams
36141,Alex,Johnson
36142,Taylor,Brown
36143,Morgan,Williams
36144,Taylor,Johnson
36145,Jordan,Smith
36146,Morgan,Smith
36147,Taylor,Williams
36148,Casey,Brown
36149,Jordan,Johnson
36150,Morgan,Johnson
36151,Morgan,Brown
36152,Morgan,Brown
36153,Casey,Smith
36154,Casey,Smith
36155,Taylor,Brown
36156,Jordan,Jones
36157,Alex,Smith
36158,Jordan,Williams
36159,Casey,Jones
36160,Casey,Johnson
36161,Taylor,Johnson
36162,Alex,Johnson
36163,Jordan,Williams
36164,Alex,Williams
36165,Jordan,Jones
36166,Jordan,Smith
36167,Taylor,Jones
36168,Taylor,Johnson
36169,Jordan,Williams
36170,Alex,Jones
36171,Casey,Smith
36172,Taylor,Jones
36173,Casey,Jones
36174,Alex,Johnson
36175,Taylor,Smith
36176,Taylor,Johnson
36177,Jordan,Smith
36178,Casey,Jones
36179,Jordan,Williams
36180,Morgan,Brown
36181,Jordan,Johnson
36182,Alex,Williams
36183,Jordan,Johnson
36184,Jordan,Williams
36185,Jordan,Johnson
36186,Casey,Jones
36187,Morgan,Brown
36188,Alex,Brown
36189,Casey,Jones
36190,Alex,Johnson
36191,Jordan,Brown
36192,Morgan,Brown
36193,Taylor,Williams
36194,Casey,Smith
36195,Alex,Smith
36196,Jordan,Smith
36197,Jordan,Brown
36198,Alex,Brown
36199,Jordan,Williams
36200,Jordan,Brown
36201,Alex,Williams
36202,Morgan,Smith
36203,Casey,Brown
36204,Jordan,Williams
36205,Alex,Williams
36206,Morgan,Brown
36207,Casey,Johnson
36208,Jordan,Johnson
36209,Morgan,Brown
36210,Morgan,Jones
36211,Morgan,Jones
36212,Taylor,Smith
36213,Jordan,Johnson
36214,Jordan,Williams
36215,Casey,Smith
36216,Casey,Williams
36217,Alex,Brown
36218,Jordan,Williams
36219,Taylor,Johnson
36220,Taylor,Jones
36221,Casey,Johnson
36222,Taylor,Johnson
36223,Alex,Brown
36224,Casey,Smith
36225,Jordan,Smith
36226,Jordan,Brown
36227,Casey,Johnson
36228,Morgan,Williams
36229,Morgan,Jones
36230,Taylor,Smith
36231,Taylor,Brown
36232,Taylor,Smith
36233,Morgan,Jones
36234,Casey,Johnson
36235,Morgan,Jones
36236,Alex,Brown
36237,Taylor,Jones
36238,Alex,Johnson
36239,Morgan,Jones
36240,Alex,Jones
36241,Alex,Johnson
36242,Alex,Brown
36243,Jordan,Williams
36244,Alex,Johnson
36245,Morgan,Smith
36246,Casey,Jones
36247,Morgan,Johnson
36248,Jordan,Jones
36249,Jordan,Brown
36250,Taylor,Williams
36251,Morgan,Brown
36252,Alex,Johnson
36253,Taylor,Johnson
36254,Casey,Smith
36255,Casey,Williams
36256,Alex,Smith
36257,Alex,Brown
36258,Alex,Johnson
36259,Morgan,Brown
36260,Morgan,Williams
36261,Taylor,Jones
36262,Taylor,Williams
36263,Casey,Smith
36264,Casey,Brown
36265,Jordan,Jones
36266,Alex,Brown
36267,Casey,Jones
36268,Morgan,Williams
36269,Alex,Jones
36270,Jordan,Jones
36271,Alex,Williams
36272,Jordan,Brown
36273,Casey,Johnson
36274,Jordan,Williams
36275,Casey,Williams
36276,Morgan,Johnson
36277,Morgan,Jones
36278,Alex,Johnson
36279,Alex,Smith
36280,Alex,Jones
36281,Casey,Johnson
36282,Alex,Williams
36283,Casey,Williams
36284,Alex,Johnson
36285,Jordan,Smith
36286,Jordan,Williams
36287,Alex,Jones
36288,Morgan,Williams
36289,Alex,Brown
36290,Alex,Brown
36291,Taylor,Jones
36292,Alex,Brown
36293,Casey,Williams
36294,Casey,Johnson
36295,Morgan,Smith
36296,Casey,Smith
36297,Jordan,Smith
36298,Casey,Smith
36299,Morgan,Johnson
36300,Morgan,Smith
36301,Alex,Johnson
36302,Taylor,Johnson
36303,Taylor,Jones
36304,Alex,Jones
36305,Alex,Jones
36306,Morgan,Smith
36307,Morgan,Johnson
36308,Morgan,Jones
36309,Casey,Williams
36310,Casey,Johnson
36311,Morgan,Williams
36312,Jordan,Smith
36313,Alex,Smith
36314,Morgan,Brown
36315,Casey,Brown
36316,Morgan,Williams
36317,Casey,Brown
36318,Taylor,Williams
36319,Casey,Johnson
36320,Alex,Johnson
36321,Taylor,Brown
36322,Morgan,Smith
36323,Jordan,Smith
36324,Morgan,Jones
36325,Morgan,Smith
36326,Taylor,Jones
36327,Morgan,Brown
36328,Taylor,Johnson
36329,Alex,Johnson
36330,Casey,Brown
36331,Taylor,Brown
36332,Casey,Williams
36333,Jordan,Brown
36334,Taylor,Smith
36335,Jordan,Smith
36336,Morgan,Smith
36337,Morgan,Johnson
36338,Taylor,Williams
36339,Alex,Williams
36340,Morgan,Smith
36341,Casey,Williams
36342,Morgan,Williams
36343,Morgan,Johnson
36344,Taylor,Brown
36345,Jordan,Smith
36346,Alex,Brown
36347,Morgan,Jones
36348,Taylor,Williams
36349,Alex,Williams
36350,Alex,Brown
36351,Alex,Brown
36352,Casey,Williams
36353,Alex,Smith
36354,Jordan,Brown
36355,Morgan,Johnson
36356,Jordan,Smith
36357,Alex,Brown
36358,Taylor,Jones
36359,Casey,Smith
36360,Morgan,Smith
36361,Alex,Smith
36362,Jordan,Williams
36363,Taylor,Williams
36364,Alex,Smith
36365,Casey,Smith
36366,Jordan,Williams
36367,Morgan,Brown
36368,Taylor,Brown
36369,Taylor,Johnson
36370,Alex,Smith
36371,Jordan,Williams
36372,Taylor,Williams
36373,Morgan,Smith
36374,Alex,Williams
36375,Morgan,Jones
36376,Casey,Williams
36377,Morgan,Johnson
36378,Casey,Smith
36379,Taylor,Johnson
36380,Morgan,Williams
36381,Jordan,Jones
36382,Taylor,Jones
36383,Jordan,Brown
36384,Morgan,Johnson
36385,Alex,Smith
36386,Morgan,Johnson
36387,Taylor,Smith
36388,Taylor,Johnson
36389,Casey,Smith
36390,Morgan,Johnson
36391,Taylor,Johnson
36392,Morgan,Jones
36393,Jordan,Johnson
36394,Morgan,Jones
36395,Morgan,Smith
36396,Jordan,Johnson
36397,Alex,Williams
36398,Taylor,Jones
36399,Jordan,Jones
36400,Jordan,Smith
36401,Alex,Johnson
36402,Jordan,Jones
36403,Alex,Brown
36404,Morgan,Jones
36405,Alex,Jones
36406,Alex,Jones
36407,Casey,Johnson
36408,Casey,Smith
36409,Alex,Williams
36410,Alex,Johnson
36411,Alex,Smith
36412,Alex,Jones
36413,Jordan,Smith
36414,Casey,Smith
36415,Alex,Smith
36416,Jordan,Smith
36417,Taylor,Jones
36418,Jordan,Williams
36419,Morgan,Smith
36420,Alex,Johnson
36421,Jordan,Jones
36422,Morgan,Brown
36423,Morgan,Williams
36424,Alex,Johnson
36425,Taylor,Smith
36426,Morgan,Smith
36427,Alex,Smith
36428,Casey,Smith
36429,Alex,Johnson
36430,Jordan,Brown
36431,Jordan,Jones
36432,Alex,Brown
36433,Casey,Jones
36434,Casey,Brown
36435,Morgan,Jones
36436,Casey,Williams
36437,Alex,Johnson
36438,Jordan,Williams
36439,Morgan,Williams
36440,Morgan,Brown
36441,Taylor,Brown
36442,Taylor,Johnson
36443,Morgan,Johnson
36444,Casey,Brown
36445,Jordan,Brown
36446,Jordan,Smith
36447,Casey,Smith
36448,Taylor,Jones
36449,Taylor,Jones
36450,Taylor,Brown
36451,Alex,Jones
36452,Morgan,Smith
36453,Casey,Williams
36454,Jordan,Jones
36455,Taylor,Johnson
36456,Morgan,Jones
36457,Alex,Johnson
36458,Taylor,Johnson
36459,Jordan,Johnson
36460,Taylor,Johnson
36461,Alex,Johnson
36462,Jordan,Jones
36463,Casey,Williams
36464,Morgan,Brown
36465,Jordan,Jones
36466,Jordan,Williams
36467,Jordan,Smith
36468,Jordan,Williams
36469,Jordan,Jones
36470,Jordan,Jones
36471,Taylor,Jones
36472,Alex,Brown
36473,Alex,Brown
36474,Alex,Williams
36475,Alex,Johnson
36476,Taylor,Jones
36477,Morgan,Brown
36478,Jordan,Brown
36479,Jordan,Brown
36480,Taylor,Williams
36481,Morgan,Smith
36482,Casey,Brown
36483,Morgan,Williams
36484,Morgan,Brown
36485,Taylor,Smith
36486,Alex,Brown
36487,Taylor,Johnson
36488,Casey,Williams
36489,Casey,Brown
36490,Morgan,Williams
36491,Morgan,Johnson
36492,Alex,Johnson
36493,Alex,Brown
36494,Alex,Jones
36495,Morgan,Williams
36496,Taylor,Jones
36497,Jordan,Williams
36498,Jordan,Johnson
36499,Jordan,Johnson
36500,Morgan,Smith
36501,Morgan,Smith
36502,Morgan,Jones
36503,Morgan,Smith
36504,Taylor,Jones
36505,Casey,Williams
36506,Jordan,Smith
36507,Casey,Jones
36508,Taylor,Williams
36509,Jordan,Jones
36510,Jordan,Jones
36511,Casey,Brown
36512,Jordan,Jones
36513,Morgan,Jones
36514,Morgan,Smith
36515,Alex,Jones
36516,Casey,Williams
36517,Jordan,Jones
36518,Alex,Smith
36519,Jordan,Brown
36520,Jordan,Brown
36521,Jordan,Williams
36522,Taylor,Brown
36523,Alex,Smith
36524,Taylor,Jones
36525,Taylor,Smith
36526,Taylor,Williams
36527,Jordan,Smith
36528,Morgan,Williams
36529,Taylor,Johnson
36530,Casey,Johnson
36531,Jordan,Smith
36532,Morgan,Brown
36533,Jordan,Williams
36534,Taylor,Brown
36535,Morgan,Smith
36536,Alex,Jones
36537,Morgan,Williams
36538,Jordan,Johnson
36539,Taylor,Williams
36540,Jordan,Johnson
36541,Jordan,Jones
36542,Morgan,Jones
36543,Morgan,Jones
36544,Morgan,Jones
36545,Morgan,Brown
36546,Alex,Smith
36547,Morgan,Johnson
36548,Jordan,Jones
36549,Jordan,Smith
36550,Morgan,Smith
36551,Casey,Smith
36552,Alex,Jones
36553,Casey,Jones
36554,Jordan,Brown
36555,Alex,Jones
36556,Jordan,Brown
36557,Casey,Williams
36558,Taylor,Johnson
36559,Alex,Williams
36560,Taylor,Johnson
36561,Casey,Brown
36562,Jordan,Brown
36563,Taylor,Johnson
36564,Jordan,Williams
36565,Alex,Johnson
36566,Morgan,Williams
36567,Morgan,Johnson
36568,Casey,Brown
36569,Alex,Brown
36570,Casey,Johnson
36571,Casey,Williams
36572,Taylor,Jones
36573,Jordan,Williams
36574,Taylor,Williams
36575,Casey,Williams
36576,Casey,Brown
36577,Jordan,Johnson
36578,Casey,Jones
36579,Jordan,Brown
36580,Taylor,Smith
36581,Morgan,Brown
36582,Jordan,Smith
36583,Morgan,Jones
36584,Alex,Jones
36585,Casey,Smith
36586,Taylor,Jones
36587,Taylor,Johnson
36588,Morgan,Jones
36589,Casey,Williams
36590,Morgan,Williams
36591,Casey,Williams
36592,Jordan,Jones
36593,Casey,Smith
36594,Alex,Jones
36595,Alex,Brown
36596,Casey,Jones
36597,Morgan,Johnson
36598,Jordan,Smith
36599,Morgan,Smith
36600,Jordan,Johnson
36601,Morgan,Smith
36602,Taylor,Smith
36603,Taylor,Brown
36604,Casey,Johnson
36605,Casey,Smith
36606,Morgan,Johnson
36607,Casey,Johnson
36608,Alex,Brown
36609,Morgan,Jones
36610,Jordan,Brown
36611,Alex,Smith
36612,Jordan,Williams
36613,Casey,Johnson
36614,Jordan,Johnson
36615,Taylor,Brown
36616,Morgan,Williams
36617,Morgan,Johnson
36618,Casey,Brown
36619,Jordan,Jones
36620,Alex,Jones
36621,Jordan,Jones
36622,Jordan,Smith
36623,Jordan,Johnson
36624,Taylor,Williams
36625,Taylor,Smith
36626,Morgan,Johnson
36627,Casey,Johnson
36628,Jordan,Johnson
36629,Jordan,Williams
36630,Alex,Johnson
36631,Taylor,Jones
36632,Morgan,Brown
36633,Taylor,Williams
36634,Alex,Williams
36635,Jordan,Johnson
36636,Taylor,Johnson
36637,Jordan,Williams
36638,Alex,Williams
36639,Casey,Johnson
36640,Morgan,Smith
36641,Taylor,Jones
36642,Alex,Williams
36643,Morgan,Brown
36644,Morgan,Brown
36645,Jordan,Johnson
36646,Casey,Brown
36647,Jordan,Jones
36648,Taylor,Smith
36649,Casey,Smith
36650,Jordan,Johnson
36651,Jordan,Smith
36652,Morgan,Jones
36653,Alex,Jones
36654,Alex,Jones
36655,Casey,Jones
36656,Alex,Jones
36657,Casey,Williams
36658,Jordan,Brown
36659,Morgan,Brown
36660,Jordan,Brown
36661,Taylor,Johnson
36662,Casey,Williams
36663,Casey,Brown
36664,Jordan,Smith
36665,Morgan,Jones
36666,Casey,Smith
36667,Jordan,Smith
36668,Taylor,Brown
36669,Taylor,Smith
36670,Jordan,Jones
36671,Casey,Smith
36672,Jordan,Jones
36673,Jordan,Williams
36674,Morgan,Smith
36675,Casey,Brown
36676,Morgan,Jones
36677,Jordan,Brown
36678,Taylor,Smith
36679,Morgan,Williams
36680,Casey,Jones
36681,Morgan,Brown
36682,Morgan,Smith
36683,Casey,Smith
36684,Casey,Smith
36685,Jordan,Williams
36686,Morgan,Brown
36687,Alex,Williams
36688,Taylor,Smith
36689,Alex,Jones
36690,Taylor,Johnson
36691,Jordan,Brown
36692,Alex,Brown
36693,Jordan,Brown
36694,Morgan,Johnson
36695,Casey,Jones
36696,Casey,Brown
36697,Taylor,Williams
36698,Morgan,Brown
36699,Morgan,Brown
36700,Casey,Johnson
36701,Taylor,Jones
36702,Morgan,Jones
36703,Jordan,Johnson
36704,Alex,Brown
36705,Jordan,Jones
36706,Jordan,Williams
36707,Alex,Smith
36708,Casey,Brown
36709,Morgan,Johnson
36710,Alex,Brown
36711,Jordan,Johnson
36712,Casey,Smith
36713,Jordan,Brown
36714,Taylor,Smith
36715,Alex,Smith
36716,Jordan,Brown
36717,Morgan,Brown
36718,Taylor,Williams
36719,Alex,Smith
36720,Taylor,Smith
36721,Taylor,Johnson
36722,Morgan,Smith
36723,Morgan,Johnson
36724,Jordan,Jones
36725,Alex,Williams
36726,Taylor,Brown
36727,Taylor,Jones
36728,Casey,Smith
36729,Taylor,Johnson
36730,Morgan,Williams
36731,Alex,Brown
36732,Casey,Johnson
36733,Morgan,Williams
36734,Casey,Johnson
36735,Jordan,Jones
36736,Morgan,Williams
36737,Casey,Smith
36738,Jordan,Smith
36739,Casey,Smith
36740,Morgan,Smith
36741,Morgan,Jones
36742,Casey,Brown
36743,Taylor,Jones
36744,Morgan,Williams
36745,Morgan,Jones
36746,Morgan,Williams
36747,Alex,Williams
36748,Alex,Jones
36749,Alex,Johnson
36750,Morgan,Smith
36751,Morgan,Johnson
36752,Morgan,Jones
36753,Taylor,Johnson
36754,Alex,Jones
36755,Taylor,Brown
36756,Casey,Smith
36757,Alex,Jones
36758,Jordan,Jones
36759,Casey,Smith
36760,Morgan,Jones
36761,Casey,Brown
36762,Taylor,Brown
36763,Jordan,Jones
36764,Taylor,Johnson
36765,Casey,Brown
36766,Morgan,Brown
36767,Morgan,Johnson
36768,Taylor,Smith
36769,Casey,Williams
36770,Taylor,Jones
36771,Casey,Jones
36772,Morgan,Brown
36773,Alex,Brown
36774,Alex,Brown
36775,Alex,Smith
36776,Alex,Brown
36777,Jordan,Jones
36778,Jordan,Smith
36779,Casey,Williams
36780,Casey,Johnson
36781,Taylor,Jones
36782,Morgan,Johnson
36783,Jordan,Brown
36784,Taylor,Williams
36785,Jordan,Brown
36786,Casey,Jones
36787,Casey,Smith
36788,Alex,Smith
36789,Alex,Williams
36790,Taylor,Brown
36791,Jordan,Johnson
36792,Jordan,Smith
36793,Jordan,Brown
36794,Taylor,Brown
36795,Taylor,Brown
36796,Taylor,Williams
36797,Alex,Brown
36798,Taylor,Johnson
36799,Alex,Johnson
36800,Taylor,Jones
36801,Morgan,Williams
36802,Alex,Brown
36803,Taylor,Smith
36804,Taylor,Jones
36805,Alex,Williams
36806,Morgan,Jones
36807,Alex,Jones
36808,Taylor,Jones
36809,Jordan,Jones
36810,Morgan,Smith
36811,Alex,Williams
36812,Taylor,Johnson
36813,Taylor,Brown
36814,Jordan,Smith
36815,Taylor,Brown
36816,Alex,Smith
36817,Jordan,Johnson
36818,Morgan,Williams
36819,Morgan,Jones
36820,Casey,Smith
36821,Taylor,Williams
36822,Jordan,Johnson
36823,Jordan,Brown
36824,Casey,Brown
36825,Taylor,Williams
36826,Alex,Williams
36827,Morgan,Johnson
36828,Jordan,Johnson
36829,Taylor,Smith
36830,Morgan,Smith
36831,Morgan,Williams
36832,Alex,Brown
36833,Morgan,Jones
36834,Morgan,Williams
36835,Alex,Smith
36836,Jordan,Jones
36837,Morgan,Smith
36838,Taylor,Jones
36839,Morgan,Johnson
36840,Jordan,Smith
36841,Casey,Johnson
36842,Alex,Brown
36843,Casey,Williams
36844,Jordan,Jones
36845,Jordan,Williams
36846,Jordan,Johnson
36847,Alex,Williams
36848,Alex,Smith
36849,Jordan,Brown
36850,Jordan,Johnson
36851,Morgan,Jones
36852,Jordan,Jones
36853,Morgan,Smith
36854,Jordan,Johnson
36855,Taylor,Brown
36856,Casey,Brown
36857,Morgan,Jones
36858,Jordan,Brown
36859,Casey,Brown
36860,Casey,Brown
36861,Alex,Brown
36862,Jordan,Williams
36863,Jordan,Brown
36864,Taylor,Brown
36865,Alex,Johnson
36866,Alex,Brown
36867,Taylor,Jones
36868,Taylor,Johnson
36869,Jordan,Brown
36870,Alex,Brown
36871,Taylor,Brown
36872,Taylor,Smith
36873,Casey,Smith
36874,Morgan,Johnson
36875,Taylor,Jones
36876,Alex,Johnson
36877,Jordan,Smith
36878,Taylor,Smith
36879,Morgan,Smith
36880,Jordan,Smith
36881,Jordan,Brown
36882,Jordan,Jones
36883,Taylor,Jones
36884,Morgan,Brown
36885,Jordan,Jones
36886,Jordan,Jones
36887,Morgan,Jones
36888,Jordan,Smith
36889,Morgan,Jones
36890,Jordan,Johnson
36891,Morgan,Jones
36892,Alex,Johnson
36893,Morgan,Williams
36894,Alex,Brown
36895,Casey,Williams
36896,Morgan,Smith
36897,Casey,Smith
36898,Jordan,Johnson
36899,Morgan,Brown
36900,Taylor,Brown
36901,Taylor,Johnson
36902,Jordan,Jones
36903,Casey,Brown
36904,Jordan,Jones
36905,Taylor,Williams
36906,Taylor,Smith
36907,Jordan,Smith
36908,Casey,Smith
36909,Casey,Williams
36910,Casey,Johnson
36911,Morgan,Johnson
36912,Jordan,Smith
36913,Alex,Jones
36914,Taylor,Williams
36915,Jordan,Brown
36916,Morgan,Smith
36917,Taylor,Brown
36918,Taylor,Smith
36919,Casey,Jones
36920,Alex,Brown
36921,Alex,Johnson
36922,Taylor,Smith
36923,Casey,Johnson
36924,Casey,Williams
36925,Alex,Johnson
36926,Alex,Brown
36927,Alex,Smith
36928,Morgan,Smith
36929,Casey,Jones
36930,Morgan,Brown
36931,Alex,Williams
36932,Jordan,Williams
36933,Casey,Brown
36934,Taylor,Brown
36935,Casey,Johnson
36936,Taylor,Williams
36937,Jordan,Johnson
36938,Taylor,Johnson
36939,Casey,Johnson
36940,Casey,Brown
36941,Morgan,Smith
36942,Casey,Brown
36943,Alex,Jones
36944,Alex,Brown
36945,Casey,Brown
36946,Taylor,Williams
36947,Alex,Williams
36948,Morgan,Williams
36949,Taylor,Brown
36950,Jordan,Jones
36951,Taylor,Williams
36952,Morgan,Smith
36953,Morgan,Brown
36954,Taylor,Jones
36955,Jordan,Smith
36956,Morgan,Jones
36957,Jordan,Johnson
36958,Jordan,Williams
36959,Jordan,Johnson
36960,Taylor,Brown
36961,Jordan,Johnson
36962,Alex,Smith
36963,Jordan,Jones
36964,Morgan,Williams
36965,Casey,Williams
36966,Morgan,Johnson
36967,Casey,Jones
36968,Casey,Smith
36969,Taylor,Williams
36970,Casey,Smith
36971,Alex,Johnson
36972,Casey,Smith
36973,Morgan,Brown
36974,Morgan,Johnson
36975,Alex,Brown
36976,Alex,Jones
36977,Alex,Jones
36978,Casey,Smith
36979,Jordan,Brown
36980,Taylor,Williams
36981,Jordan,Smith
36982,Morgan,Brown
36983,Taylor,Smith
36984,Taylor,Smith
36985,Taylor,Johnson
36986,Morgan,Johnson
36987,Jordan,Brown
36988,Casey,Smith
36989,Alex,Brown
36990,Jordan,Jones
36991,Taylor,Johnson
36992,Taylor,Williams
36993,Alex,Williams
36994,Alex,Johnson
36995,Casey,Jones
36996,Taylor,Johnson
36997,Alex,Johnson
36998,Taylor,Johnson
36999,Casey,Williams
37000,Alex,Smith
37001,Jordan,Williams
37002,Taylor,Smith
37003,Casey,Johnson
37004,Morgan,Brown
37005,Alex,Smith
37006,Alex,Williams
37007,Casey,Johnson
37008,Casey,Williams
37009,Taylor,Jones
37010,Taylor,Jones
37011,Alex,Smith
37012,Casey,Jones
37013,Taylor,Johnson
37014,Alex,Smith
37015,Taylor,Williams
37016,Casey,Jones
37017,Alex,Brown
37018,Alex,Johnson
37019,Morgan,Brown
37020,Jordan,Brown
37021,Jordan,Jones
37022,Taylor,Johnson
37023,Alex,Williams
37024,Alex,Johnson
37025,Alex,Johnson
37026,Alex,Johnson
37027,Alex,Johnson
37028,Alex,Johnson
37029,Taylor,Smith
37030,Jordan,Williams
37031,Taylor,Williams
37032,Jordan,Williams
37033,Alex,Williams
37034,Alex,Johnson
37035,Alex,Brown
37036,Jordan,Jones
37037,Jordan,Jones
37038,Jordan,Brown
37039,Jordan,Williams
37040,Taylor,Jones
37041,Morgan,Brown
37042,Morgan,Johnson
37043,Jordan,Williams
37044,Morgan,Jones
37045,Morgan,Johnson
37046,Taylor,Williams
37047,Taylor,Johnson
37048,Alex,Johnson
37049,Alex,Smith
37050,Casey,Williams
37051,Jordan,Smith
37052,Casey,Jones
37053,Taylor,Williams
37054,Morgan,Johnson
37055,Jordan,Brown
37056,Casey,Smith
37057,Taylor,Smith
37058,Casey,Smith
37059,Taylor,Jones
37060,Jordan,Johnson
37061,Casey,Williams
37062,Morgan,Jones
37063,Casey,Smith
37064,Morgan,Johnson
37065,Casey,Johnson
37066,Casey,Smith
37067,Jordan,Smith
37068,Casey,Williams
37069,Taylor,Brown
37070,Jordan,Jones
37071,Taylor,Williams
37072,Jordan,Johnson
37073,Alex,Brown
37074,Morgan,Johnson
37075,Taylor,Brown
37076,Alex,Brown
37077,Morgan,Williams
37078,Alex,Williams
37079,Taylor,Jones
37080,Jordan,Johnson
37081,Morgan,Williams
37082,Jordan,Williams
37083,Taylor,Smith
37084,Jordan,Brown
37085,Taylor,Brown
37086,Taylor,Williams
37087,Morgan,Brown
37088,Taylor,Smith
37089,Casey,Jones
37090,Casey,Jones
37091,Jordan,Smith
37092,Jordan,Jones
37093,Morgan,Smith
37094,Casey,Williams
37095,Casey,Johnson
37096,Alex,Johnson
37097,Alex,Brown
37098,Casey,Brown
37099,Taylor,Johnson
37100,Taylor,Jones
37101,Casey,Smith
37102,Taylor,Smith
37103,Morgan,Jones
37104,Alex,Jones
37105,Morgan,Smith
37106,Alex,Williams
37107,Taylor,Jones
37108,Taylor,Smith
37109,Alex,Johnson
37110,Jordan,Williams
37111,Alex,Smith
37112,Alex,Brown
37113,Morgan,Johnson
37114,Alex,Jones
37115,Morgan,Brown
37116,Alex,Jones
37117,Morgan,Johnson
37118,Morgan,Jones
37119,Jordan,Smith
37120,Taylor,Jones
37121,Alex,Jones
37122,Morgan,Williams
37123,Taylor,Smith
37124,Morgan,Johnson
37125,Jordan,Brown
37126,Alex,Brown
37127,Alex,Brown
37128,Taylor,Brown
37129,Morgan,Smith
37130,Casey,Williams
37131,Morgan,Williams
37132,Alex,Brown
37133,Jordan,Brown
37134,Jordan,Williams
37135,Morgan,Smith
37136,Taylor,Johnson
37137,Morgan,Brown
37138,Morgan,Brown
37139,Morgan,Jones
37140,Taylor,Williams
37141,Jordan,Smith
37142,Alex,Smith
37143,Alex,Smith
37144,Casey,Smith
37145,Morgan,Williams
37146,Casey,Williams
37147,Jordan,Williams
37148,Alex,Jones
37149,Taylor,Brown
37150,Alex,Jones
37151,Morgan,Jones
37152,Taylor,Brown
37153,Jordan,Jones
37154,Alex,Brown
37155,Morgan,Williams
37156,Taylor,Johnson
37157,Morgan,Smith
37158,Alex,Smith
37159,Alex,Johnson
37160,Taylor,Brown
37161,Taylor,Smith
37162,Jordan,Smith
37163,Jordan,Jones
37164,Taylor,Smith
37165,Casey,Brown
37166,Casey,Brown
37167,Morgan,Jones
37168,Alex,Jones
37169,Alex,Brown
37170,Morgan,Jones
37171,Morgan,Jones
37172,Casey,Johnson
37173,Casey,Brown
37174,Morgan,Smith
37175,Jordan,Johnson
37176,Morgan,Brown
37177,Jordan,Smith
37178,Jordan,Brown
37179,Taylor,Brown
37180,Taylor,Brown
37181,Taylor,Brown
37182,Taylor,Johnson
37183,Casey,Smith
37184,Alex,Jones
37185,Alex,Smith
37186,Jordan,Jones
37187,Jordan,Johnson
37188,Jordan,Brown
37189,Alex,Johnson
37190,Alex,Williams
37191,Taylor,Williams
37192,Jordan,Jones
37193,Taylor,Jones
37194,Morgan,Williams
37195,Alex,Johnson
37196,Morgan,Johnson
37197,Taylor,Jones
37198,Morgan,Smith
37199,Morgan,Brown
37200,Alex,Williams
37201,Taylor,Williams
37202,Jordan,Smith
37203,Casey,Williams
37204,Jordan,Williams
37205,Casey,Williams
37206,Morgan,Brown
37207,Jordan,Johnson
37208,Taylor,Smith
37209,Jordan,Jones
37210,Jordan,Williams
37211,Jordan,Williams
37212,Alex,Jones
37213,Casey,Brown
37214,Jordan,Johnson
37215,Casey,Williams
37216,Alex,Brown
37217,Jordan,Jones
37218,Jordan,Smith
37219,Morgan,Johnson
37220,Morgan,Smith
37221,Morgan,Williams
37222,Alex,Williams
37223,Morgan,Williams
37224,Alex,Smith
37225,Casey,Jones
37226,Morgan,Smith
37227,Casey,Johnson
37228,Alex,Williams
37229,Casey,Jones
37230,Taylor,Brown
37231,Alex,Williams
37232,Morgan,Jones
37233,Morgan,Williams
37234,Casey,Williams
37235,Casey,Smith
37236,Morgan,Johnson
37237,Casey,Brown
37238,Morgan,Smith
37239,Casey,Smith
37240,Alex,Brown
37241,Morgan,Smith
37242,Morgan,Brown
37243,Jordan,Johnson
37244,Casey,Johnson
37245,Jordan,Johnson
37246,Taylor,Williams
37247,Morgan,Smith
37248,Jordan,Williams
37249,Taylor,Smith
37250,Jordan,Williams
37251,Jordan,Smith
37252,Morgan,Smith
37253,Alex,Brown
37254,Morgan,Johnson
37255,Alex,Williams
37256,Jordan,Brown
37257,Casey,Williams
37258,Alex,Smith
37259,Taylor,Brown
37260,Taylor,Williams
37261,Jordan,Jones
37262,Jordan,Jones
37263,Morgan,Williams
37264,Casey,Jones
37265,Alex,Smith
37266,Casey,Williams
37267,Alex,Johnson
37268,Taylor,Jones
37269,Morgan,Jones
37270,Taylor,Smith
37271,Morgan,Johnson
37272,Alex,Brown
37273,Morgan,Johnson
37274,Alex,Brown
37275,Jordan,Jones
37276,Morgan,Brown
37277,Morgan,Johnson
37278,Alex,Williams
37279,Jordan,Johnson
37280,Alex,Smith
37281,Morgan,Smith
37282,Alex,Jones
37283,Taylor,Brown
37284,Jordan,Johnson
37285,Morgan,Johnson
37286,Taylor,Johnson
37287,Casey,Smith
37288,Jordan,Williams
37289,Morgan,Brown
37290,Casey,Williams
37291,Taylor,Jones
37292,Alex,Smith
37293,Jordan,Williams
37294,Alex,Smith
37295,Taylor,Brown
37296,Taylor,Smith
37297,Taylor,Smith
37298,Casey,Brown
37299,Alex,Brown
37300,Morgan,Johnson
37301,Taylor,Brown
37302,Jordan,Brown
37303,Taylor,Jones
37304,Alex,Williams
37305,Taylor,Brown
37306,Casey,Brown
37307,Casey,Smith
37308,Jordan,Williams
37309,Jordan,Smith
37310,Alex,Williams
37311,Alex,Jones
37312,Alex,Jones
37313,Casey,Williams
37314,Taylor,Williams
37315,Morgan,Brown
37316,Taylor,Johnson
37317,Jordan,Williams
37318,Jordan,Williams
37319,Casey,Johnson
37320,Taylor,Brown
37321,Casey,Johnson
37322,Alex,Johnson
37323,Taylor,Brown
37324,Morgan,Williams
37325,Casey,Williams
37326,Morgan,Johnson
37327,Alex,Jones
37328,Taylor,Brown
37329,Alex,Brown
37330,Casey,Smith
37331,Morgan,Brown
37332,Casey,Johnson
37333,Jordan,Williams
37334,Casey,Johnson
37335,Alex,Jones
37336,Taylor,Williams
37337,Jordan,Jones
37338,Jordan,Brown
37339,Taylor,Smith
37340,Casey,Williams
37341,Morgan,Johnson
37342,Jordan,Smith
37343,Casey,Williams
37344,Casey,Brown
37345,Casey,Smith
37346,Taylor,Jones
37347,Alex,Brown
37348,Jordan,Smith
37349,Jordan,Williams
37350,Morgan,Jones
37351,Jordan,Jones
37352,Alex,Williams
37353,Jordan,Williams
37354,Jordan,Smith
37355,Alex,Brown
37356,Casey,Johnson
37357,Alex,Johnson
37358,Taylor,Brown
37359,Alex,Johnson
37360,Taylor,Johnson
37361,Casey,Jones
37362,Jordan,Smith
37363,Morgan,Williams
37364,Jordan,Jones
37365,Casey,Brown
37366,Taylor,Smith
37367,Taylor,Johnson
37368,Morgan,Brown
37369,Taylor,Smith
37370,Morgan,Jones
37371,Casey,Brown
37372,Alex,Brown
37373,Alex,Williams
37374,Taylor,Johnson
37375,Jordan,Smith
37376,Morgan,Smith
37377,Morgan,Jones
37378,Morgan,Smith
37379,Morgan,Williams
37380,Alex,Williams
37381,Jordan,Johnson
37382,Casey,Smith
37383,Morgan,Brown
37384,Morgan,Smith
37385,Casey,Smith
37386,Jordan,Williams
37387,Alex,Williams
37388,Morgan,Johnson
37389,Jordan,Smith
37390,Morgan,Johnson
37391,Morgan,Jones
37392,Morgan,Smith
37393,Taylor,Johnson
37394,Morgan,Jones
37395,Alex,Brown
37396,Morgan,Johnson
37397,Jordan,Johnson
37398,Alex,Brown
37399,Jordan,Williams
37400,Casey,Williams
37401,Taylor,Williams
37402,Morgan,Jones
37403,Alex,Jones
37404,Taylor,Williams
37405,Casey,Williams
37406,Taylor,Smith
37407,Taylor,Jones
37408,Alex,Brown
37409,Morgan,Williams
37410,Casey,Johnson
37411,Alex,Jones
37412,Taylor,Brown
37413,Taylor,Jones
37414,Morgan,Williams
37415,Casey,Williams
37416,Morgan,Smith
37417,Taylor,Williams
37418,Taylor,Jones
37419,Taylor,Williams
37420,Casey,Jones
37421,Morgan,Johnson
37422,Taylor,Williams
37423,Taylor,Jones
37424,Casey,Williams
37425,Casey,Brown
37426,Jordan,Brown
37427,Jordan,Smith
37428,Morgan,Brown
37429,Alex,Brown
37430,Casey,Brown
37431,Jordan,Williams
37432,Taylor,Williams
37433,Alex,Jones
37434,Jordan,Brown
37435,Jordan,Jones
37436,Taylor,Johnson
37437,Casey,Smith
37438,Casey,Smith
37439,Jordan,Brown
37440,Morgan,Williams
37441,Alex,Johnson
37442,Morgan,Brown
37443,Alex,Williams
37444,Taylor,Johnson
37445,Alex,Williams
37446,Alex,Smith
37447,Alex,Brown
37448,Casey,Brown
37449,Taylor,Jones
37450,Jordan,Brown
37451,Taylor,Brown
37452,Taylor,Brown
37453,Taylor,Smith
37454,Morgan,Brown
37455,Taylor,Brown
37456,Alex,Smith
37457,Alex,Jones
37458,Casey,Smith
37459,Alex,Jones
37460,Jordan,Johnson
37461,Taylor,Johnson
37462,Casey,Jones
37463,Alex,Smith
37464,Morgan,Brown
37465,Alex,Brown
37466,Alex,Brown
37467,Casey,Johnson
37468,Jordan,Jones
37469,Taylor,Jones
37470,Jordan,Johnson
37471,Jordan,Brown
37472,Casey,Johnson
37473,Jordan,Jones
37474,Morgan,Jones
37475,Taylor,Williams
37476,Casey,Smith
37477,Jordan,Williams
37478,Taylor,Smith
37479,Jordan,Williams
37480,Casey,Smith
37481,Casey,Brown
37482,Alex,Williams
37483,Alex,Smith
37484,Morgan,Smith
37485,Jordan,Brown
37486,Alex,Johnson
37487,Morgan,Jones
37488,Morgan,Williams
37489,Morgan,Jones
37490,Taylor,Johnson
37491,Casey,Johnson
37492,Alex,Williams
37493,Alex,Jones
37494,Casey,Johnson
37495,Alex,Jones
37496,Jordan,Johnson
37497,Morgan,Brown
37498,Taylor,Johnson
37499,Morgan,Johnson
37500,Jordan,Williams
37501,Taylor,Smith
37502,Casey,Jones
37503,Jordan,Brown
37504,Casey,Williams
37505,Morgan,Williams
37506,Taylor,Williams
37507,Alex,Brown
37508,Casey,Jones
37509,Alex,Jones
37510,Casey,Johnson
37511,Taylor,Smith
37512,Morgan,Smith
37513,Casey,Johnson
37514,Morgan,Smith
37515,Morgan,Smith
37516,Casey,Brown
37517,Casey,Johnson
37518,Alex,Williams
37519,Taylor,Williams
37520,Jordan,Brown
37521,Alex,Jones
37522,Jordan,Johnson
37523,Jordan,Jones
37524,Taylor,Brown
37525,Taylor,Jones
37526,Jordan,Smith
37527,Taylor,Williams
37528,Morgan,Brown
37529,Alex,Jones
37530,Taylor,Johnson
37531,Morgan,Johnson
37532,Morgan,Brown
37533,Morgan,Smith
37534,Taylor,Johnson
37535,Casey,Smith
37536,Alex,Johnson
37537,Taylor,Smith
37538,Taylor,Johnson
37539,Morgan,Brown
37540,Alex,Jones
37541,Alex,Johnson
37542,Taylor,Johnson
37543,Taylor,Johnson
37544,Morgan,Jones
37545,Taylor,Jones
37546,Alex,Jones
37547,Taylor,Williams
37548,Taylor,Johnson
37549,Casey,Johnson
37550,Taylor,Brown
37551,Alex,Johnson
37552,Alex,Brown
37553,Jordan,Jones
37554,Taylor,Johnson
37555,Alex,Smith
37556,Morgan,Williams
37557,Jordan,Johnson
37558,Taylor,Smith
37559,Casey,Johnson
37560,Alex,Smith
37561,Casey,Smith
37562,Alex,Smith
37563,Taylor,Jones
37564,Taylor,Johnson
37565,Alex,Jones
37566,Taylor,Johnson
37567,Taylor,Smith
37568,Casey,Williams
37569,Alex,Jones
37570,Jordan,Johnson
37571,Alex,Jones
37572,Taylor,Johnson
37573,Casey,Johnson
37574,Jordan,Johnson
37575,Alex,Williams
37576,Jordan,Brown
37577,Jordan,Williams
37578,Taylor,Johnson
37579,Alex,Smith
37580,Taylor,Williams
37581,Morgan,Williams
37582,Casey,Brown
37583,Morgan,Johnson
37584,Jordan,Johnson
37585,Jordan,Brown
37586,Taylor,Smith
37587,Taylor,Jones
37588,Taylor,Williams
37589,Alex,Brown
37590,Casey,Smith
37591,Jordan,Jones
37592,Taylor,Smith
37593,Taylor,Brown
37594,Morgan,Williams
37595,Jordan,Brown
37596,Taylor,Jones
37597,Casey,Jones
37598,Casey,Williams
37599,Alex,Smith
37600,Alex,Jones
37601,Taylor,Smith
37602,Taylor,Smith
37603,Morgan,Jones
37604,Morgan,Jones
37605,Morgan,Smith
37606,Casey,Williams
37607,Morgan,Jones
37608,Morgan,Williams
37609,Morgan,Smith
37610,Taylor,Brown
37611,Alex,Williams
37612,Alex,Jones
37613,Jordan,Williams
37614,Morgan,Jones
37615,Morgan,Brown
37616,Morgan,Jones
37617,Casey,Brown
37618,Jordan,Johnson
37619,Morgan,Williams
37620,Casey,Smith
37621,Jordan,Jones
37622,Morgan,Smith
37623,Jordan,Jones
37624,Casey,Brown
37625,Taylor,Johnson
37626,Alex,Williams
37627,Casey,Jones
37628,Morgan,Johnson
37629,Casey,Williams
37630,Casey,Smith
37631,Taylor,Jones
37632,Taylor,Williams
37633,Casey,Johnson
37634,Morgan,Williams
37635,Taylor,Johnson
37636,Morgan,Jones
37637,Alex,Williams
37638,Alex,Jones
37639,Morgan,Smith
37640,Casey,Brown
37641,Jordan,Smith
37642,Casey,Brown
37643,Taylor,Jones
37644,Taylor,Jones
37645,Morgan,Williams
37646,Morgan,Smith
37647,Taylor,Smith
37648,Jordan,Brown
37649,Casey,Williams
37650,Morgan,Jones
37651,Jordan,Brown
37652,Morgan,Williams
37653,Jordan,Williams
37654,Alex,Jones
37655,Casey,Johnson
37656,Morgan,Jones
37657,Alex,Jones
37658,Casey,Williams
37659,Taylor,Jones
37660,Taylor,Johnson
37661,Alex,Smith
37662,Casey,Smith
37663,Casey,Johnson
37664,Casey,Jones
37665,Morgan,Williams
37666,Morgan,Williams
37667,Morgan,Johnson
37668,Morgan,Brown
37669,Taylor,Jones
37670,Alex,Williams
37671,Jordan,Smith
37672,Morgan,Johnson
37673,Jordan,Jones
37674,Casey,Johnson
37675,Morgan,Johnson
37676,Jordan,Brown
37677,Alex,Johnson
37678,Casey,Brown
37679,Morgan,Johnson
37680,Morgan,Brown
37681,Alex,Williams
37682,Taylor,Jones
37683,Alex,Smith
37684,Casey,Johnson
37685,Morgan,Brown
37686,Alex,Smith
37687,Casey,Jones
37688,Casey,Smith
37689,Jordan,Johnson
37690,Morgan,Brown
37691,Casey,Johnson
37692,Casey,Brown
37693,Jordan,Williams
37694,Jordan,Johnson
37695,Morgan,Brown
37696,Alex,Smith
37697,Jordan,Brown
37698,Morgan,Brown
37699,Alex,Jones
37700,Taylor,Jones
37701,Casey,Williams
37702,Casey,Williams
37703,Alex,Johnson
37704,Casey,Brown
37705,Taylor,Johnson
37706,Taylor,Brown
37707,Alex,Brown
37708,Taylor,Johnson
37709,Casey,Brown
37710,Taylor,Smith
37711,Jordan,Johnson
37712,Casey,Brown
37713,Casey,Johnson
37714,Morgan,Jones
37715,Taylor,Smith
37716,Taylor,Williams
37717,Taylor,Jones
37718,Morgan,Jones
37719,Morgan,Jones
37720,Morgan,Johnson
37721,Taylor,Johnson
37722,Alex,Jones
37723,Casey,Johnson
37724,Alex,Johnson
37725,Taylor,Brown
37726,Taylor,Brown
37727,Taylor,Williams
37728,Morgan,Williams
37729,Morgan,Jones
37730,Taylor,Brown
37731,Alex,Smith
37732,Jordan,Williams
37733,Morgan,Smith
37734,Jordan,Jones
37735,Alex,Brown
37736,Alex,Jones
37737,Jordan,Johnson
37738,Alex,Brown
37739,Morgan,Smith
37740,Casey,Williams
37741,Taylor,Smith
37742,Casey,Brown
37743,Alex,Smith
37744,Casey,Smith
37745,Jordan,Brown
37746,Casey,Williams
37747,Morgan,Johnson
37748,Alex,Smith
37749,Casey,Smith
37750,Casey,Jones
37751,Taylor,Jones
37752,Morgan,Johnson
37753,Casey,Williams
37754,Taylor,Johnson
37755,Casey,Brown
37756,Morgan,Williams
37757,Alex,Johnson
37758,Jordan,Williams
37759,Casey,Brown
37760,Casey,Brown
37761,Taylor,Johnson
37762,Alex,Johnson
37763,Morgan,Brown
37764,Jordan,Smith
37765,Jordan,Johnson
37766,Casey,Brown
37767,Taylor,Brown
37768,Alex,Jones
37769,Taylor,Johnson
37770,Jordan,Brown
37771,Alex,Williams
37772,Taylor,Brown
37773,Taylor,Johnson
37774,Alex,Jones
37775,Casey,Johnson
37776,Casey,Jones
37777,Taylor,Johnson
37778,Morgan,Smith
37779,Morgan,Johnson
37780,Jordan,Brown
37781,Taylor,Johnson
37782,Jordan,Smith
37783,Jordan,Jones
37784,Taylor,Smith
37785,Jordan,Smith
37786,Casey,Jones
37787,Taylor,Smith
37788,Alex,Johnson
37789,Taylor,Johnson
37790,Jordan,Brown
37791,Alex,Jones
37792,Casey,Jones
37793,Morgan,Brown
37794,Alex,Williams
37795,Morgan,Brown
37796,Alex,Brown
37797,Taylor,Jones
37798,Casey,Johnson
37799,Casey,Brown
37800,Jordan,Williams
37801,Taylor,Williams
37802,Taylor,Williams
37803,Alex,Brown
37804,Jordan,Smith
37805,Jordan,Williams
37806,Taylor,Smith
37807,Alex,Johnson
37808,Morgan,Williams
37809,Alex,Smith
37810,Casey,Brown
37811,Casey,Smith
37812,Alex,Jones
37813,Taylor,Williams
37814,Alex,Johnson
37815,Casey,Jones
37816,Jordan,Smith
37817,Alex,Jones
37818,Alex,Williams
37819,Morgan,Johnson
37820,Jordan,Johnson
37821,Morgan,Williams
37822,Casey,Jones
37823,Taylor,Brown
37824,Casey,Brown
37825,Taylor,Williams
37826,Jordan,Johnson
37827,Taylor,Johnson
37828,Taylor,Johnson
37829,Taylor,Williams
37830,Taylor,Jones
37831,Taylor,Jones
37832,Taylor,Jones
37833,Casey,Brown
37834,Morgan,Jones
37835,Alex,Williams
37836,Jordan,Brown
37837,Casey,Smith
37838,Morgan,Brown
37839,Jordan,Smith
37840,Casey,Smith
37841,Taylor,Johnson
37842,Morgan,Williams
37843,Casey,Johnson
37844,Casey,Smith
37845,Alex,Smith
37846,Taylor,Jones
37847,Morgan,Jones
37848,Jordan,Smith
37849,Jordan,Smith
37850,Jordan,Johnson
37851,Taylor,Jones
37852,Jordan,Johnson
37853,Alex,Smith
37854,Morgan,Jones
37855,Alex,Jones
37856,Taylor,Johnson
37857,Morgan,Jones
37858,Casey,Brown
37859,Morgan,Jones
37860,Taylor,Jones
37861,Morgan,Smith
37862,Alex,Johnson
37863,Jordan,Johnson
37864,Alex,Jones
37865,Alex,Williams
37866,Morgan,Brown
37867,Taylor,Williams
37868,Alex,Smith
37869,Alex,Johnson
37870,Casey,Johnson
37871,Taylor,Williams
37872,Casey,Brown
37873,Alex,Johnson
37874,Casey,Williams
37875,Alex,Smith
37876,Morgan,Williams
37877,Casey,Smith
37878,Alex,Brown
37879,Morgan,Jones
37880,Morgan,Jones
37881,Jordan,Jones
37882,Morgan,Williams
37883,Taylor,Johnson
37884,Casey,Williams
37885,Casey,Smith
37886,Taylor,Johnson
37887,Morgan,Jones
37888,Alex,Smith
37889,Jordan,Williams
37890,Casey,Smith
37891,Morgan,Brown
37892,Casey,Brown
37893,Casey,Brown
37894,Jordan,Johnson
37895,Taylor,Jones
37896,Taylor,Johnson
37897,Taylor,Williams
37898,Casey,Williams
37899,Taylor,Brown
37900,Jordan,Smith
37901,Morgan,Johnson
37902,Morgan,Brown
37903,Alex,Jones
37904,Morgan,Jones
37905,Casey,Johnson
37906,Jordan,Williams
37907,Jordan,Johnson
37908,Morgan,Johnson
37909,Jordan,Williams
37910,Taylor,Brown
37911,Taylor,Smith
37912,Jordan,Smith
37913,Taylor,Jones
37914,Alex,Jones
37915,Morgan,Brown
37916,Jordan,Williams
37917,Alex,Williams
37918,Jordan,Jones
37919,Taylor,Johnson
37920,Taylor,Smith
37921,Alex,Williams
37922,Taylor,Williams
37923,Morgan,Brown
37924,Casey,Johnson
37925,Taylor,Jones
37926,Alex,Williams
37927,Casey,Williams
37928,Jordan,Jones
37929,Alex,Smith
37930,Taylor,Smith
37931,Taylor,Johnson
37932,Taylor,Jones
37933,Casey,Johnson
37934,Jordan,Brown
37935,Taylor,Brown
37936,Morgan,Johnson
37937,Jordan,Brown
37938,Casey,Williams
37939,Casey,Johnson
37940,Alex,Williams
37941,Alex,Johnson
37942,Jordan,Jones
37943,Morgan,Johnson
37944,Taylor,Jones
37945,Morgan,Johnson
37946,Morgan,Johnson
37947,Casey,Brown
37948,Casey,Smith
37949,Morgan,Brown
37950,Alex,Williams
37951,Morgan,Jones
37952,Casey,Brown
37953,Casey,Brown
37954,Taylor,Williams
37955,Taylor,Williams
37956,Alex,Smith
37957,Morgan,Williams
37958,Casey,Johnson
37959,Jordan,Jones
37960,Morgan,Williams
37961,Taylor,Brown
37962,Taylor,Williams
37963,Taylor,Smith
37964,Alex,Smith
37965,Morgan,Jones
37966,Alex,Smith
37967,Morgan,Brown
37968,Morgan,Johnson
37969,Casey,Johnson
37970,Casey,Smith
37971,Morgan,Williams
37972,Alex,Smith
37973,Morgan,Brown
37974,Morgan,Smith
37975,Casey,Johnson
37976,Alex,Brown
37977,Casey,Smith
37978,Casey,Jones
37979,Taylor,Smith
37980,Taylor,Jones
37981,Alex,Johnson
37982,Alex,Smith
37983,Morgan,Brown
37984,Jordan,Williams
37985,Morgan,Johnson
37986,Taylor,Johnson
37987,Alex,Jones
37988,Casey,Williams
37989,Alex,Williams
37990,Jordan,Smith
37991,Jordan,Jones
37992,Casey,Jones
37993,Jordan,Johnson
37994,Morgan,Brown
37995,Jordan,Johnson
37996,Taylor,Williams
37997,Morgan,Williams
37998,Taylor,Brown
37999,Alex,Smith
38000,Alex,Jones
38001,Morgan,Johnson
38002,Jordan,Smith
38003,Alex,Brown
38004,Taylor,Williams
38005,Morgan,Smith
38006,Taylor,Smith
38007,Alex,Brown
38008,Morgan,Williams
38009,Morgan,Williams
38010,Casey,Johnson
38011,Taylor,Johnson
38012,Morgan,Smith
38013,Alex,Williams
38014,Jordan,Smith
38015,Casey,Brown
38016,Morgan,Brown
38017,Alex,Williams
38018,Taylor,Smith
38019,Taylor,Williams
38020,Casey,Johnson
38021,Alex,Brown
38022,Casey,Jones
38023,Casey,Smith
38024,Alex,Johnson
38025,Casey,Williams
38026,Casey,Jones
38027,Alex,Williams
38028,Alex,Johnson
38029,Morgan,Smith
38030,Alex,Johnson
38031,Morgan,Williams
38032,Taylor,Jones
38033,Casey,Jones
38034,Casey,Jones
38035,Jordan,Johnson
38036,Jordan,Smith
38037,Alex,Johnson
38038,Alex,Johnson
38039,Alex,Jones
38040,Alex,Jones
38041,Casey,Williams
38042,Jordan,Brown
38043,Morgan,Johnson
38044,Taylor,Jones
38045,Morgan,Jones
38046,Alex,Williams
38047,Taylor,Smith
38048,Taylor,Jones
38049,Alex,Williams
38050,Morgan,Brown
38051,Jordan,Smith
38052,Jordan,Williams
38053,Casey,Johnson
38054,Jordan,Jones
38055,Casey,Jones
38056,Jordan,Johnson
38057,Taylor,Johnson
38058,Taylor,Jones
38059,Jordan,Johnson
38060,Morgan,Williams
38061,Alex,Johnson
38062,Taylor,Johnson
38063,Alex,Williams
38064,Alex,Williams
38065,Alex,Brown
38066,Casey,Jones
38067,Alex,Smith
38068,Taylor,Johnson
38069,Jordan,Jones
38070,Alex,Johnson
38071,Morgan,Johnson
38072,Alex,Williams
38073,Jordan,Johnson
38074,Alex,Smith
38075,Morgan,Brown
38076,Taylor,Jones
38077,Jordan,Johnson
38078,Alex,Williams
38079,Jordan,Johnson
38080,Jordan,Williams
38081,Jordan,Williams
38082,Jordan,Brown
38083,Jordan,Johnson
38084,Taylor,Williams
38085,Casey,Johnson
38086,Alex,Williams
38087,Taylor,Johnson
38088,Alex,Williams
38089,Alex,Jones
38090,Casey,Smith
38091,Casey,Williams
38092,Morgan,Smith
38093,Jordan,Jones
38094,Alex,Williams
38095,Jordan,Williams
38096,Morgan,Smith
38097,Jordan,Smith
38098,Morgan,Smith
38099,Jordan,Brown
38100,Alex,Brown
38101,Jordan,Smith
38102,Taylor,Smith
38103,Morgan,Jones
38104,Jordan,Smith
38105,Morgan,Brown
38106,Taylor,Williams
38107,Casey,Williams
38108,Morgan,Johnson
38109,Casey,Johnson
38110,Alex,Johnson
38111,Jordan,Johnson
38112,Alex,Brown
38113,Morgan,Williams
38114,Casey,Brown
38115,Taylor,Johnson
38116,Taylor,Johnson
38117,Alex,Williams
38118,Taylor,Jones
38119,Taylor,Jones
38120,Taylor,Jones
38121,Taylor,Williams
38122,Casey,Smith
38123,Casey,Jones
38124,Casey,Johnson
38125,Jordan,Smith
38126,Taylor,Smith
38127,Morgan,Smith
38128,Casey,Johnson
38129,Jordan,Williams
38130,Morgan,Johnson
38131,Casey,Williams
38132,Jordan,Smith
38133,Casey,Jones
38134,Taylor,Johnson
38135,Morgan,Johnson
38136,Alex,Williams
38137,Taylor,Jones
38138,Taylor,Williams
38139,Jordan,Jones
38140,Taylor,Brown
38141,Morgan,Smith
38142,Jordan,Jones
38143,Taylor,Williams
38144,Casey,Smith
38145,Casey,Johnson
38146,Jordan,Jones
38147,Taylor,Brown
38148,Jordan,Johnson
38149,Alex,Brown
38150,Taylor,Williams
38151,Taylor,Jones
38152,Taylor,Jones
38153,Jordan,Smith
38154,Alex,Johnson
38155,Jordan,Williams
38156,Casey,Williams
38157,Casey,Jones
38158,Morgan,Smith
38159,Alex,Williams
38160,Taylor,Jones
38161,Casey,Williams
38162,Alex,Johnson
38163,Alex,Brown
38164,Alex,Brown
38165,Taylor,Williams
38166,Morgan,Johnson
38167,Alex,Smith
38168,Alex,Smith
38169,Casey,Johnson
38170,Jordan,Brown
38171,Casey,Jones
38172,Taylor,Johnson
38173,Taylor,Jones
38174,Taylor,Brown
38175,Jordan,Johnson
38176,Casey,Jones
38177,Taylor,Williams
38178,Taylor,Smith
38179,Alex,Smith
38180,Alex,Smith
38181,Morgan,Brown
38182,Alex,Brown
38183,Casey,Johnson
38184,Taylor,Brown
38185,Casey,Johnson
38186,Alex,Smith
38187,Jordan,Brown
38188,Morgan,Williams
38189,Alex,Brown
38190,Casey,Williams
38191,Alex,Brown
38192,Alex,Williams
38193,Morgan,Williams
38194,Casey,Johnson
38195,Alex,Johnson
38196,Taylor,Johnson
38197,Taylor,Brown
38198,Alex,Williams
38199,Casey,Williams
38200,Taylor,Williams
38201,Casey,Smith
38202,Jordan,Williams
38203,Taylor,Williams
38204,Alex,Williams
38205,Morgan,Smith
38206,Jordan,Jones
38207,Alex,Williams
38208,Casey,Johnson
38209,Alex,Williams
38210,Jordan,Johnson
38211,Taylor,Smith
38212,Taylor,Johnson
38213,Jordan,Jones
38214,Taylor,Jones
38215,Casey,Johnson
38216,Morgan,Smith
38217,Casey,Johnson
38218,Casey,Williams
38219,Jordan,Johnson
38220,Alex,Smith
38221,Morgan,Brown
38222,Morgan,Jones
38223,Jordan,Smith
38224,Taylor,Jones
38225,Jordan,Brown
38226,Taylor,Brown
38227,Casey,Williams
38228,Casey,Smith
38229,Jordan,Johnson
38230,Casey,Jones
38231,Casey,Smith
38232,Alex,Johnson
38233,Alex,Brown
38234,Morgan,Brown
38235,Taylor,Smith
38236,Jordan,Brown
38237,Alex,Johnson
38238,Casey,Jones
38239,Alex,Williams
38240,Casey,Williams
38241,Casey,Johnson
38242,Morgan,Smith
38243,Morgan,Johnson
38244,Morgan,Jones
38245,Jordan,Brown
38246,Morgan,Brown
38247,Alex,Jones
38248,Alex,Brown
38249,Jordan,Williams
38250,Casey,Smith
38251,Morgan,Jones
38252,Morgan,Williams
38253,Morgan,Brown
38254,Morgan,Jones
38255,Morgan,Jones
38256,Morgan,Johnson
38257,Morgan,Johnson
38258,Alex,Williams
38259,Jordan,Williams
38260,Taylor,Johnson
38261,Jordan,Smith
38262,Jordan,Smith
38263,Casey,Brown
38264,Casey,Brown
38265,Alex,Jones
38266,Taylor,Jones
38267,Alex,Jones
38268,Jordan,Williams
38269,Morgan,Smith
38270,Alex,Jones
38271,Jordan,Jones
38272,Jordan,Williams
38273,Casey,Johnson
38274,Taylor,Jones
38275,Casey,Brown
38276,Taylor,Brown
38277,Taylor,Johnson
38278,Casey,Williams
38279,Jordan,Brown
38280,Alex,Jones
38281,Taylor,Williams
38282,Casey,Jones
38283,Casey,Johnson
38284,Morgan,Jones
38285,Jordan,Brown
38286,Casey,Johnson
38287,Morgan,Brown
38288,Taylor,Brown
38289,Alex,Smith
38290,Jordan,Jones
38291,Morgan,Williams
38292,Morgan,Jones
38293,Jordan,Smith
38294,Alex,Johnson
38295,Taylor,Smith
38296,Taylor,Williams
38297,Morgan,Jones
38298,Alex,Brown
38299,Taylor,Smith
38300,Alex,Smith
38301,Morgan,Brown
38302,Casey,Brown
38303,Alex,Johnson
38304,Taylor,Johnson
38305,Casey,Williams
38306,Jordan,Johnson
38307,Morgan,Johnson
38308,Morgan,Brown
38309,Jordan,Johnson
38310,Casey,Smith
38311,Alex,Williams
38312,Morgan,Williams
38313,Casey,Jones
38314,Morgan,Williams
38315,Taylor,Brown
38316,Casey,Smith
38317,Morgan,Jones
38318,Morgan,Johnson
38319,Alex,Johnson
38320,Morgan,Smith
38321,Morgan,Brown
38322,Jordan,Williams
38323,Taylor,Johnson
38324,Morgan,Brown
38325,Taylor,Jones
38326,Morgan,Williams
38327,Morgan,Brown
38328,Alex,Jones
38329,Jordan,Johnson
38330,Casey,Brown
38331,Taylor,Johnson
38332,Taylor,Jones
38333,Jordan,Williams
38334,Jordan,Brown
38335,Jordan,Johnson
38336,Jordan,Williams
38337,Morgan,Johnson
38338,Taylor,Smith
38339,Casey,Johnson
38340,Alex,Jones
38341,Jordan,Jones
38342,Morgan,Jones
38343,Morgan,Brown
38344,Jordan,Johnson
38345,Morgan,Johnson
38346,Jordan,Williams
38347,Taylor,Jones
38348,Jordan,Smith
38349,Alex,Brown
38350,Taylor,Brown
38351,Alex,Johnson
38352,Casey,Brown
38353,Taylor,Williams
38354,Alex,Johnson
38355,Taylor,Williams
38356,Taylor,Brown
38357,Morgan,Johnson
38358,Casey,Johnson
38359,Jordan,Smith
38360,Alex,Williams
38361,Jordan,Brown
38362,Jordan,Jones
38363,Taylor,Johnson
38364,Alex,Smith
38365,Casey,Johnson
38366,Casey,Jones
38367,Jordan,Brown
38368,Jordan,Brown
38369,Taylor,Johnson
38370,Alex,Brown
38371,Alex,Smith
38372,Taylor,Brown
38373,Casey,Brown
38374,Jordan,Jones
38375,Morgan,Jones
38376,Taylor,Smith
38377,Jordan,Smith
38378,Jordan,Jones
38379,Taylor,Williams
38380,Jordan,Smith
38381,Casey,Williams
38382,Casey,Williams
38383,Jordan,Johnson
38384,Morgan,Smith
38385,Taylor,Brown
38386,Jordan,Brown
38387,Alex,Brown
38388,Jordan,Williams
38389,Alex,Smith
38390,Casey,Williams
38391,Taylor,Jones
38392,Jordan,Jones
38393,Morgan,Jones
38394,Taylor,Smith
38395,Alex,Johnson
38396,Casey,Jones
38397,Alex,Johnson
38398,Casey,Johnson
38399,Alex,Jones
38400,Jordan,Smith
38401,Alex,Williams
38402,Taylor,Jones
38403,Morgan,Williams
38404,Casey,Jones
38405,Jordan,Johnson
38406,Taylor,Williams
38407,Alex,Williams
38408,Alex,Williams
38409,Jordan,Smith
38410,Jordan,Williams
38411,Morgan,Johnson
38412,Morgan,Jones
38413,Jordan,Johnson
38414,Morgan,Jones
38415,Alex,Williams
38416,Alex,Brown
38417,Casey,Johnson
38418,Jordan,Jones
38419,Morgan,Johnson
38420,Jordan,Johnson
38421,Morgan,Williams
38422,Morgan,Williams
38423,Alex,Smith
38424,Taylor,Brown
38425,Jordan,Williams
38426,Casey,Jones
38427,Alex,Brown
38428,Casey,Jones
38429,Taylor,Smith
38430,Casey,Smith
38431,Jordan,Smith
38432,Jordan,Brown
38433,Jordan,Brown
38434,Jordan,Smith
38435,Alex,Smith
38436,Casey,Jones
38437,Alex,Jones
38438,Jordan,Jones
38439,Jordan,Brown
38440,Alex,Jones
38441,Morgan,Smith
38442,Morgan,Smith
38443,Jordan,Brown
38444,Jordan,Jones
38445,Alex,Williams
38446,Casey,Johnson
38447,Alex,Johnson
38448,Casey,Jones
38449,Jordan,Brown
38450,Casey,Johnson
38451,Morgan,Johnson
38452,Taylor,Williams
38453,Alex,Smith
38454,Morgan,Johnson
38455,Casey,Johnson
38456,Casey,Brown
38457,Morgan,Williams
38458,Alex,Jones
38459,Morgan,Johnson
38460,Alex,Williams
38461,Casey,Johnson
38462,Alex,Johnson
38463,Jordan,Jones
38464,Jordan,Brown
38465,Casey,Williams
38466,Morgan,Williams
38467,Casey,Johnson
38468,Morgan,Williams
38469,Alex,Brown
38470,Casey,Williams
38471,Casey,Brown
38472,Casey,Jones
38473,Morgan,Jones
38474,Morgan,Brown
38475,Casey,Brown
38476,Alex,Johnson
38477,Taylor,Brown
38478,Casey,Williams
38479,Morgan,Johnson
38480,Casey,Smith
38481,Taylor,Smith
38482,Jordan,Johnson
38483,Alex,Smith
38484,Alex,Brown
38485,Alex,Johnson
38486,Jordan,Williams
38487,Alex,Johnson
38488,Alex,Smith
38489,Taylor,Brown
38490,Jordan,Williams
38491,Alex,Jones
38492,Alex,Jones
38493,Morgan,Williams
38494,Jordan,Smith
38495,Casey,Smith
38496,Taylor,Smith
38497,Jordan,Smith
38498,Casey,Jones
38499,Jordan,Johnson
38500,Casey,Brown
38501,Jordan,Jones
38502,Taylor,Smith
38503,Morgan,Williams
38504,Alex,Williams
38505,Jordan,Johnson
38506,Taylor,Johnson
38507,Taylor,Smith
38508,Taylor,Brown
38509,Taylor,Brown
38510,Alex,Johnson
38511,Alex,Smith
38512,Morgan,Smith
38513,Jordan,Smith
38514,Casey,Williams
38515,Morgan,Jones
38516,Morgan,Smith
38517,Casey,Jones
38518,Taylor,Brown
38519,Jordan,Williams
38520,Casey,Jones
38521,Alex,Williams
38522,Alex,Brown
38523,Jordan,Johnson
38524,Morgan,Williams
38525,Taylor,Smith
38526,Morgan,Williams
38527,Taylor,Brown
38528,Taylor,Johnson
38529,Jordan,Smith
38530,Morgan,Smith
38531,Jordan,Johnson
38532,Taylor,Williams
38533,Alex,Williams
38534,Morgan,Williams
38535,Casey,Williams
38536,Alex,Johnson
38537,Morgan,Williams
38538,Jordan,Johnson
38539,Jordan,Smith
38540,Morgan,Brown
38541,Morgan,Jones
38542,Casey,Jones
38543,Morgan,Williams
38544,Taylor,Smith
38545,Morgan,Smith
38546,Alex,Smith
38547,Alex,Jones
38548,Taylor,Johnson
38549,Jordan,Williams
38550,Morgan,Jones
38551,Casey,Brown
38552,Alex,Williams
38553,Casey,Smith
38554,Jordan,Brown
38555,Taylor,Jones
38556,Jordan,Williams
38557,Morgan,Jones
38558,Alex,Jones
38559,Jordan,Jones
38560,Morgan,Brown
38561,Alex,Jones
38562,Morgan,Smith
38563,Alex,Williams
38564,Morgan,Williams
38565,Jordan,Williams
38566,Morgan,Williams
38567,Morgan,Smith
38568,Jordan,Jones
38569,Morgan,Brown
38570,Jordan,Johnson
38571,Alex,Williams
38572,Jordan,Smith
38573,Alex,Brown
38574,Jordan,Smith
38575,Jordan,Smith
38576,Taylor,Williams
38577,Alex,Johnson
38578,Morgan,Smith
38579,Morgan,Johnson
38580,Casey,Williams
38581,Jordan,Brown
38582,Morgan,Jones
38583,Morgan,Brown
38584,Casey,Johnson
38585,Casey,Smith
38586,Casey,Williams
38587,Casey,Williams
38588,Taylor,Jones
38589,Casey,Jones
38590,Alex,Williams
38591,Taylor,Johnson
38592,Taylor,Williams
38593,Morgan,Johnson
38594,Jordan,Smith
38595,Alex,Brown
38596,Jordan,Williams
38597,Alex,Johnson
38598,Taylor,Johnson
38599,Alex,Smith
38600,Taylor,Smith
38601,Alex,Jones
38602,Casey,Brown
38603,Casey,Brown
38604,Casey,Johnson
38605,Taylor,Jones
38606,Morgan,Smith
38607,Taylor,Jones
38608,Alex,Smith
38609,Casey,Johnson
38610,Alex,Jones
38611,Taylor,Smith
38612,Jordan,Williams
38613,Jordan,Johnson
38614,Casey,Brown
38615,Jordan,Brown
38616,Morgan,Smith
38617,Morgan,Brown
38618,Casey,Williams
38619,Taylor,Johnson
38620,Morgan,Williams
38621,Taylor,Brown
38622,Casey,Brown
38623,Morgan,Smith
38624,Alex,Williams
38625,Jordan,Johnson
38626,Taylor,Brown
38627,Casey,Smith
38628,Alex,Williams
38629,Jordan,Brown
38630,Morgan,Jones
38631,Morgan,Smith
38632,Morgan,Williams
38633,Alex,Johnson
38634,Morgan,Johnson
38635,Taylor,Johnson
38636,Jordan,Johnson
38637,Alex,Brown
38638,Jordan,Johnson
38639,Casey,Smith
38640,Taylor,Williams
38641,Jordan,Williams
38642,Taylor,Williams
38643,Jordan,Williams
38644,Alex,Williams
38645,Casey,Johnson
38646,Taylor,Johnson
38647,Alex,Brown
38648,Taylor,Johnson
38649,Taylor,Williams
38650,Taylor,Johnson
38651,Morgan,Jones
38652,Jordan,Jones
38653,Taylor,Brown
38654,Taylor,Johnson
38655,Jordan,Brown
38656,Alex,Johnson
38657,Alex,Brown
38658,Morgan,Williams
38659,Jordan,Jones
38660,Taylor,Williams
38661,Jordan,Williams
38662,Morgan,Williams
38663,Jordan,Johnson
38664,Morgan,Williams
38665,Taylor,Smith
38666,Alex,Brown
38667,Alex,Williams
38668,Alex,Brown
38669,Jordan,Smith
38670,Alex,Brown
38671,Alex,Brown
38672,Morgan,Smith
38673,Taylor,Jones
38674,Jordan,Williams
38675,Morgan,Johnson
38676,Morgan,Jones
38677,Morgan,Smith
38678,Morgan,Brown
38679,Morgan,Brown
38680,Taylor,Williams
38681,Casey,Jones
38682,Casey,Jones
38683,Casey,Johnson
38684,Taylor,Williams
38685,Jordan,Smith
38686,Alex,Brown
38687,Jordan,Williams
38688,Jordan,Johnson
38689,Taylor,Brown
38690,Casey,Smith
38691,Taylor,Johnson
38692,Taylor,Brown
38693,Morgan,Williams
38694,Alex,Johnson
38695,Morgan,Smith
38696,Jordan,Smith
38697,Alex,Brown
38698,Taylor,Jones
38699,Alex,Brown
38700,Morgan,Jones
38701,Jordan,Smith
38702,Jordan,Williams
38703,Taylor,Williams
38704,Taylor,Smith
38705,Casey,Brown
38706,Morgan,Williams
38707,Jordan,Johnson
38708,Jordan,Brown
38709,Taylor,Williams
38710,Casey,Smith
38711,Morgan,Williams
38712,Alex,Johnson
38713,Morgan,Brown
38714,Alex,Brown
38715,Morgan,Williams
38716,Alex,Williams
38717,Alex,Brown
38718,Taylor,Jones
38719,Morgan,Brown
38720,Morgan,Brown
38721,Alex,Brown
38722,Casey,Brown
38723,Jordan,Williams
38724,Taylor,Williams
38725,Casey,Jones
38726,Alex,Johnson
38727,Morgan,Jones
38728,Taylor,Smith
38729,Morgan,Brown
38730,Alex,Johnson
38731,Alex,Brown
38732,Casey,Jones
38733,Jordan,Jones
38734,Morgan,Smith
38735,Taylor,Williams
38736,Alex,Brown
38737,Morgan,Smith
38738,Alex,Smith
38739,Alex,Johnson
38740,Alex,Williams
38741,Jordan,Brown
38742,Casey,Smith
38743,Casey,Smith
38744,Taylor,Smith
38745,Taylor,Smith
38746,Morgan,Williams
38747,Morgan,Williams
38748,Casey,Williams
38749,Casey,Smith
38750,Jordan,Johnson
38751,Morgan,Smith
38752,Alex,Johnson
38753,Taylor,Smith
38754,Alex,Johnson
38755,Morgan,Brown
38756,Taylor,Jones
38757,Jordan,Smith
38758,Morgan,Smith
38759,Alex,Johnson
38760,Taylor,Williams
38761,Taylor,Jones
38762,Alex,Jones
38763,Taylor,Johnson
38764,Jordan,Jones
38765,Jordan,Williams
38766,Alex,Jones
38767,Taylor,Smith
38768,Morgan,Brown
38769,Jordan,Smith
38770,Casey,Williams
38771,Casey,Smith
38772,Casey,Brown
38773,Casey,Johnson
38774,Morgan,Jones
38775,Casey,Williams
38776,Taylor,Jones
38777,Taylor,Johnson
38778,Casey,Johnson
38779,Taylor,Johnson
38780,Taylor,Williams
38781,Casey,Johnson
38782,Alex,Johnson
38783,Jordan,Brown
38784,Casey,Williams
38785,Morgan,Smith
38786,Taylor,Jones
38787,Jordan,Smith
38788,Casey,Jones
38789,Casey,Brown
38790,Casey,Williams
38791,Casey,Smith
38792,Casey,Jones
38793,Jordan,Johnson
38794,Alex,Johnson
38795,Taylor,Smith
38796,Jordan,Williams
38797,Casey,Williams
38798,Taylor,Brown
38799,Morgan,Williams
38800,Alex,Jones
38801,Alex,Brown
38802,Casey,Johnson
38803,Morgan,Jones
38804,Casey,Johnson
38805,Alex,Smith
38806,Taylor,Smith
38807,Alex,Johnson
38808,Alex,Williams
38809,Jordan,Brown
38810,Alex,Williams
38811,Taylor,Jones
38812,Jordan,Jones
38813,Morgan,Williams
38814,Casey,Jones
38815,Alex,Smith
38816,Taylor,Smith
38817,Morgan,Jones
38818,Casey,Williams
38819,Casey,Smith
38820,Morgan,Williams
38821,Casey,Johnson
38822,Morgan,Jones
38823,Jordan,Brown
38824,Casey,Williams
38825,Jordan,Johnson
38826,Casey,Williams
38827,Jordan,Johnson
38828,Alex,Jones
38829,Casey,Jones
38830,Alex,Williams
38831,Jordan,Williams
38832,Taylor,Brown
38833,Jordan,Johnson
38834,Casey,Johnson
38835,Alex,Johnson
38836,Casey,Johnson
38837,Taylor,Smith
38838,Taylor,Brown
38839,Alex,Jones
38840,Casey,Brown
38841,Taylor,Williams
38842,Morgan,Smith
38843,Morgan,Jones
38844,Casey,Brown
38845,Casey,Johnson
38846,Casey,Jones
38847,Jordan,Johnson
38848,Alex,Jones
38849,Morgan,Jones
38850,Jordan,Smith
38851,Morgan,Brown
38852,Alex,Jones
38853,Taylor,Williams
38854,Alex,Jones
38855,Casey,Johnson
38856,Casey,Brown
38857,Taylor,Williams
38858,Alex,Brown
38859,Taylor,Jones
38860,Jordan,Smith
38861,Jordan,Williams
38862,Morgan,Williams
38863,Morgan,Brown
38864,Alex,Brown
38865,Alex,Jones
38866,Alex,Johnson
38867,Morgan,Johnson
38868,Jordan,Smith
38869,Jordan,Jones
38870,Jordan,Williams
38871,Morgan,Brown
38872,Taylor,Jones
38873,Alex,Jones
38874,Taylor,Brown
38875,Taylor,Jones
38876,Jordan,Brown
38877,Morgan,Williams
38878,Casey,Williams
38879,Jordan,Johnson
38880,Casey,Williams
38881,Alex,Jones
38882,Taylor,Jones
38883,Jordan,Williams
38884,Taylor,Williams
38885,Jordan,Jones
38886,Morgan,Brown
38887,Jordan,Johnson
38888,Taylor,Johnson
38889,Taylor,Jones
38890,Taylor,Jones
38891,Casey,Jones
38892,Alex,Jones
38893,Morgan,Jones
38894,Jordan,Jones
38895,Alex,Williams
38896,Alex,Williams
38897,Casey,Brown
38898,Jordan,Williams
38899,Morgan,Jones
38900,Jordan,Jones
38901,Jordan,Johnson
38902,Casey,Smith
38903,Morgan,Jones
38904,Jordan,Johnson
38905,Alex,Jones
38906,Casey,Smith
38907,Alex,Johnson
38908,Casey,Jones
38909,Morgan,Williams
38910,Alex,Johnson
38911,Morgan,Johnson
38912,Casey,Smith
38913,Morgan,Williams
38914,Morgan,Brown
38915,Alex,Brown
38916,Jordan,Johnson
38917,Alex,Smith
38918,Alex,Johnson
38919,Taylor,Johnson
38920,Taylor,Williams
38921,Jordan,Johnson
38922,Morgan,Williams
38923,Alex,Jones
38924,Alex,Williams
38925,Alex,Johnson
38926,Morgan,Williams
38927,Taylor,Williams
38928,Taylor,Johnson
38929,Taylor,Williams
38930,Alex,Smith
38931,Morgan,Smith
38932,Jordan,Smith
38933,Jordan,Brown
38934,Jordan,Johnson
38935,Morgan,Smith
38936,Taylor,Jones
38937,Jordan,Williams
38938,Jordan,Johnson
38939,Casey,Brown
38940,Jordan,Brown
38941,Taylor,Johnson
38942,Taylor,Brown
38943,Jordan,Williams
38944,Morgan,Johnson
38945,Alex,Johnson
38946,Jordan,Williams
38947,Jordan,Williams
38948,Alex,Williams
38949,Taylor,Williams
38950,Alex,Jones
38951,Morgan,Brown
38952,Casey,Jones
38953,Casey,Jones
38954,Alex,Smith
38955,Casey,Jones
38956,Jordan,Johnson
38957,Alex,Williams
38958,Morgan,Jones
38959,Alex,Williams
38960,Casey,Jones
38961,Alex,Williams
38962,Taylor,Williams
38963,Casey,Brown
38964,Morgan,Brown
38965,Casey,Brown
38966,Casey,Brown
38967,Morgan,Smith
38968,Morgan,Jones
38969,Jordan,Brown
38970,Alex,Smith
38971,Jordan,Jones
38972,Jordan,Jones
38973,Taylor,Jones
38974,Alex,Williams
38975,Alex,Jones
38976,Taylor,Johnson
38977,Casey,Brown
38978,Taylor,Smith
38979,Morgan,Smith
38980,Alex,Williams
38981,Taylor,Smith
38982,Morgan,Johnson
38983,Morgan,Johnson
38984,Taylor,Smith
38985,Morgan,Smith
38986,Jordan,Johnson
38987,Jordan,Williams
38988,Taylor,Johnson
38989,Jordan,Jones
38990,Taylor,Smith
38991,Alex,Williams
38992,Alex,Johnson
38993,Alex,Williams
38994,Taylor,Johnson
38995,Morgan,Smith
38996,Taylor,Johnson
38997,Casey,Johnson
38998,Jordan,Brown
38999,Taylor,Williams
39000,Casey,Smith
39001,Jordan,Johnson
39002,Jordan,Smith
39003,Jordan,Williams
39004,Casey,Johnson
39005,Taylor,Brown
39006,Jordan,Johnson
39007,Morgan,Jones
39008,Casey,Brown
39009,Taylor,Brown
39010,Alex,Brown
39011,Jordan,Williams
39012,Alex,Brown
39013,Jordan,Johnson
39014,Morgan,Smith
39015,Taylor,Jones
39016,Casey,Smith
39017,Morgan,Brown
39018,Morgan,Jones
39019,Morgan,Smith
39020,Alex,Brown
39021,Taylor,Williams
39022,Taylor,Jones
39023,Casey,Brown
39024,Morgan,Brown
39025,Jordan,Brown
39026,Taylor,Johnson
39027,Alex,Johnson
39028,Alex,Williams
39029,Morgan,Brown
39030,Taylor,Johnson
39031,Taylor,Brown
39032,Morgan,Williams
39033,Morgan,Williams
39034,Taylor,Brown
39035,Taylor,Smith
39036,Jordan,Johnson
39037,Jordan,Jones
39038,Taylor,Smith
39039,Alex,Johnson
39040,Taylor,Brown
39041,Alex,Williams
39042,Alex,Smith
39043,Alex,Johnson
39044,Casey,Brown
39045,Alex,Smith
39046,Taylor,Jones
39047,Casey,Johnson
39048,Morgan,Johnson
39049,Alex,Jones
39050,Casey,Brown
39051,Jordan,Smith
39052,Morgan,Williams
39053,Alex,Williams
39054,Jordan,Smith
39055,Jordan,Smith
39056,Alex,Williams
39057,Morgan,Johnson
39058,Jordan,Jones
39059,Alex,Jones
39060,Morgan,Smith
39061,Casey,Williams
39062,Jordan,Williams
39063,Jordan,Brown
39064,Alex,Smith
39065,Jordan,Johnson
39066,Taylor,Williams
39067,Alex,Williams
39068,Taylor,Brown
39069,Alex,Johnson
39070,Alex,Brown
39071,Casey,Smith
39072,Alex,Johnson
39073,Casey,Williams
39074,Taylor,Williams
39075,Casey,Johnson
39076,Casey,Jones
39077,Alex,Brown
39078,Casey,Johnson
39079,Morgan,Brown
39080,Casey,Williams
39081,Morgan,Johnson
39082,Taylor,Jones
39083,Taylor,Brown
39084,Taylor,Brown
39085,Taylor,Jones
39086,Jordan,Jones
39087,Morgan,Jones
39088,Alex,Smith
39089,Jordan,Johnson
39090,Morgan,Jones
39091,Casey,Brown
39092,Casey,Johnson
39093,Taylor,Brown
39094,Taylor,Smith
39095,Casey,Brown
39096,Alex,Brown
39097,Alex,Williams
39098,Jordan,Smith
39099,Casey,Williams
39100,Alex,Brown
39101,Alex,Johnson
39102,Casey,Jones
39103,Morgan,Jones
39104,Jordan,Johnson
39105,Morgan,Jones
39106,Morgan,Williams
39107,Alex,Jones
39108,Taylor,Jones
39109,Taylor,Williams
39110,Taylor,Jones
39111,Morgan,Jones
39112,Morgan,Williams
39113,Taylor,Smith
39114,Taylor,Smith
39115,Alex,Williams
39116,Taylor,Jones
39117,Casey,Johnson
39118,Jordan,Brown
39119,Casey,Williams
39120,Taylor,Jones
39121,Jordan,Johnson
39122,Morgan,Brown
39123,Casey,Brown
39124,Jordan,Brown
39125,Morgan,Brown
39126,Taylor,Smith
39127,Morgan,Williams
39128,Alex,Smith
39129,Morgan,Brown
39130,Alex,Brown
39131,Casey,Johnson
39132,Casey,Smith
39133,Jordan,Brown
39134,Casey,Jones
39135,Jordan,Brown
39136,Jordan,Brown
39137,Casey,Smith
39138,Morgan,Johnson
39139,Jordan,Smith
39140,Taylor,Smith
39141,Morgan,Smith
39142,Casey,Jones
39143,Taylor,Brown
39144,Jordan,Smith
39145,Casey,Johnson
39146,Alex,Williams
39147,Jordan,Brown
39148,Taylor,Johnson
39149,Jordan,Jones
39150,Taylor,Brown
39151,Jordan,Johnson
39152,Jordan,Johnson
39153,Casey,Smith
39154,Morgan,Jones
39155,Jordan,Williams
39156,Taylor,Smith
39157,Jordan,Brown
39158,Jordan,Brown
39159,Alex,Williams
39160,Morgan,Williams
39161,Alex,Johnson
39162,Jordan,Smith
39163,Jordan,Brown
39164,Taylor,Jones
39165,Jordan,Brown
39166,Morgan,Smith
39167,Alex,Jones
39168,Alex,Johnson
39169,Casey,Williams
39170,Taylor,Williams
39171,Jordan,Williams
39172,Casey,Brown
39173,Casey,Williams
39174,Jordan,Smith
39175,Taylor,Jones
39176,Alex,Williams
39177,Taylor,Smith
39178,Alex,Williams
39179,Morgan,Williams
39180,Morgan,Smith
39181,Morgan,Jones
39182,Morgan,Williams
39183,Morgan,Johnson
39184,Taylor,Williams
39185,Casey,Brown
39186,Taylor,Jones
39187,Taylor,Brown
39188,Jordan,Johnson
39189,Casey,Johnson
39190,Taylor,Jones
39191,Taylor,Johnson
39192,Taylor,Williams
39193,Taylor,Johnson
39194,Jordan,Williams
39195,Taylor,Williams
39196,Casey,Jones
39197,Taylor,Johnson
39198,Taylor,Williams
39199,Casey,Brown
39200,Alex,Williams
39201,Alex,Johnson
39202,Jordan,Johnson
39203,Jordan,Smith
39204,Taylor,Jones
39205,Taylor,Smith
39206,Casey,Smith
39207,Morgan,Smith
39208,Jordan,Brown
39209,Morgan,Williams
39210,Morgan,Brown
39211,Casey,Johnson
39212,Alex,Johnson
39213,Taylor,Smith
39214,Morgan,Brown
39215,Casey,Williams
39216,Alex,Johnson
39217,Taylor,Brown
39218,Casey,Williams
39219,Alex,Johnson
39220,Taylor,Jones
39221,Casey,Brown
39222,Jordan,Brown
39223,Jordan,Johnson
39224,Alex,Brown
39225,Casey,Jones
39226,Taylor,Williams
39227,Alex,Jones
39228,Alex,Johnson
39229,Taylor,Brown
39230,Jordan,Johnson
39231,Casey,Johnson
39232,Jordan,Williams
39233,Jordan,Smith
39234,Taylor,Smith
39235,Alex,Williams
39236,Alex,Jones
39237,Morgan,Brown
39238,Taylor,Jones
39239,Casey,Jones
39240,Casey,Brown
39241,Jordan,Williams
39242,Taylor,Smith
39243,Alex,Johnson
39244,Jordan,Jones
39245,Morgan,Jones
39246,Alex,Smith
39247,Casey,Smith
39248,Morgan,Jones
39249,Morgan,Williams
39250,Jordan,Williams
39251,Alex,Brown
39252,Morgan,Johnson
39253,Morgan,Johnson
39254,Taylor,Smith
39255,Taylor,Smith
39256,Taylor,Johnson
39257,Morgan,Williams
39258,Morgan,Johnson
39259,Taylor,Johnson
39260,Morgan,Williams
39261,Alex,Smith
39262,Jordan,Jones
39263,Morgan,Johnson
39264,Casey,Williams
39265,Taylor,Brown
39266,Alex,Smith
39267,Taylor,Williams
39268,Taylor,Jones
39269,Alex,Jones
39270,Jordan,Brown
39271,Taylor,Jones
39272,Morgan,Smith
39273,Casey,Jones
39274,Jordan,Smith
39275,Alex,Williams
39276,Taylor,Johnson
39277,Casey,Johnson
39278,Alex,Williams
39279,Jordan,Smith
39280,Casey,Williams
39281,Taylor,Williams
39282,Casey,Jones
39283,Casey,Jones
39284,Alex,Brown
39285,Taylor,Smith
39286,Jordan,Johnson
39287,Morgan,Johnson
39288,Morgan,Brown
39289,Jordan,Jones
39290,Casey,Smith
39291,Morgan,Williams
39292,Jordan,Jones
39293,Morgan,Williams
39294,Jordan,Brown
39295,Alex,Williams
39296,Jordan,Brown
39297,Morgan,Johnson
39298,Jordan,Williams
39299,Taylor,Johnson
39300,Casey,Smith
39301,Casey,Brown
39302,Taylor,Williams
39303,Alex,Johnson
39304,Taylor,Williams
39305,Alex,Smith
39306,Jordan,Johnson
39307,Morgan,Williams
39308,Morgan,Williams
39309,Casey,Jones
39310,Jordan,Williams
39311,Alex,Jones
39312,Alex,Jones
39313,Morgan,Smith
39314,Casey,Johnson
39315,Jordan,Brown
39316,Morgan,Williams
39317,Alex,Jones
39318,Taylor,Smith
39319,Morgan,Brown
39320,Morgan,Williams
39321,Casey,Brown
39322,Taylor,Williams
39323,Alex,Johnson
39324,Morgan,Brown
39325,Jordan,Smith
39326,Jordan,Jones
39327,Taylor,Williams
39328,Casey,Brown
39329,Jordan,Smith
39330,Morgan,Jones
39331,Alex,Jones
39332,Alex,Jones
39333,Casey,Brown
39334,Jordan,Johnson
39335,Taylor,Williams
39336,Taylor,Brown
39337,Alex,Brown
39338,Casey,Jones
39339,Morgan,Johnson
39340,Jordan,Smith
39341,Jordan,Williams
39342,Morgan,Jones
39343,Alex,Johnson
39344,Taylor,Smith
39345,Taylor,Smith
39346,Morgan,Johnson
39347,Alex,Williams
39348,Casey,Smith
39349,Alex,Johnson
39350,Casey,Brown
39351,Alex,Smith
39352,Jordan,Brown
39353,Morgan,Smith
39354,Casey,Brown
39355,Morgan,Johnson
39356,Taylor,Smith
39357,Taylor,Brown
39358,Morgan,Williams
39359,Jordan,Smith
39360,Casey,Brown
39361,Casey,Brown
39362,Alex,Brown
39363,Casey,Johnson
39364,Casey,Jones
39365,Jordan,Brown
39366,Alex,Smith
39367,Jordan,Brown
39368,Morgan,Johnson
39369,Jordan,Williams
39370,Alex,Williams
39371,Alex,Williams
39372,Casey,Jones
39373,Taylor,Johnson
39374,Jordan,Smith
39375,Jordan,Johnson
39376,Taylor,Williams
39377,Morgan,Williams
39378,Morgan,Johnson
39379,Jordan,Williams
39380,Morgan,Brown
39381,Casey,Jones
39382,Alex,Jones
39383,Casey,Smith
39384,Taylor,Williams
39385,Casey,Brown
39386,Taylor,Johnson
39387,Taylor,Johnson
39388,Jordan,Jones
39389,Alex,Johnson
39390,Taylor,Johnson
39391,Morgan,Johnson
39392,Taylor,Smith
39393,Taylor,Jones
39394,Jordan,Brown
39395,Taylor,Williams
39396,Casey,Smith
39397,Morgan,Jones
39398,Taylor,Jones
39399,Morgan,Williams
39400,Morgan,Williams
39401,Casey,Smith
39402,Morgan,Brown
39403,Taylor,Smith
39404,Taylor,Brown
39405,Jordan,Williams
39406,Casey,Johnson
39407,Casey,Smith
39408,Taylor,Brown
39409,Jordan,Williams
39410,Alex,Williams
39411,Morgan,Smith
39412,Morgan,Williams
39413,Jordan,Smith
39414,Jordan,Williams
39415,Alex,Jones
39416,Jordan,Johnson
39417,Morgan,Brown
39418,Casey,Johnson
39419,Alex,Brown
39420,Alex,Johnson
39421,Casey,Brown
39422,Taylor,Brown
39423,Morgan,Williams
39424,Jordan,Johnson
39425,Casey,Brown
39426,Alex,Johnson
39427,Alex,Brown
39428,Casey,Brown
39429,Jordan,Johnson
39430,Casey,Williams
39431,Alex,Jones
39432,Jordan,Williams
39433,Casey,Smith
39434,Alex,Johnson
39435,Casey,Smith
39436,Jordan,Smith
39437,Casey,Williams
39438,Alex,Brown
39439,Morgan,Brown
39440,Jordan,Brown
39441,Casey,Smith
39442,Morgan,Johnson
39443,Casey,Williams
39444,Casey,Williams
39445,Morgan,Brown
39446,Taylor,Williams
39447,Alex,Williams
39448,Casey,Brown
39449,Casey,Smith
39450,Taylor,Jones
39451,Jordan,Williams
39452,Jordan,Smith
39453,Morgan,Johnson
39454,Casey,Smith
39455,Taylor,Johnson
39456,Alex,Johnson
39457,Jordan,Smith
39458,Alex,Brown
39459,Casey,Johnson
39460,Alex,Johnson
39461,Alex,Williams
39462,Morgan,Jones
39463,Jordan,Brown
39464,Taylor,Williams
39465,Alex,Williams
39466,Jordan,Williams
39467,Jordan,Smith
39468,Jordan,Johnson
39469,Casey,Brown
39470,Alex,Johnson
39471,Alex,Jones
39472,Jordan,Smith
39473,Taylor,Williams
39474,Casey,Brown
39475,Alex,Smith
39476,Alex,Williams
39477,Jordan,Smith
39478,Casey,Jones
39479,Taylor,Williams
39480,Casey,Jones
39481,Casey,Jones
39482,Jordan,Brown
39483,Casey,Williams
39484,Alex,Williams
39485,Morgan,Johnson
39486,Alex,Jones
39487,Casey,Johnson
39488,Alex,Johnson
39489,Jordan,Brown
39490,Alex,Williams
39491,Alex,Johnson
39492,Jordan,Johnson
39493,Casey,Williams
39494,Casey,Jones
39495,Morgan,Brown
39496,Jordan,Jones
39497,Morgan,Johnson
39498,Casey,Smith
39499,Taylor,Smith
39500,Morgan,Williams
39501,Casey,Smith
39502,Jordan,Johnson
39503,Jordan,Smith
39504,Alex,Smith
39505,Jordan,Brown
39506,Jordan,Williams
39507,Casey,Smith
39508,Alex,Williams
39509,Casey,Williams
39510,Casey,Johnson
39511,Taylor,Smith
39512,Morgan,Jones
39513,Alex,Jones
39514,Jordan,Brown
39515,Morgan,Smith
39516,Alex,Brown
39517,Casey,Smith
39518,Alex,Smith
39519,Casey,Brown
39520,Taylor,Johnson
39521,Casey,Johnson
39522,Alex,Smith
39523,Alex,Jones
39524,Jordan,Williams
39525,Jordan,Jones
39526,Morgan,Smith
39527,Alex,Brown
39528,Casey,Smith
39529,Casey,Brown
39530,Casey,Smith
39531,Morgan,Johnson
39532,Jordan,Johnson
39533,Alex,Brown
39534,Morgan,Johnson
39535,Casey,Brown
39536,Casey,Jones
39537,Jordan,Smith
39538,Jordan,Brown
39539,Morgan,Williams
39540,Alex,Johnson
39541,Jordan,Williams
39542,Taylor,Johnson
39543,Casey,Johnson
39544,Taylor,Jones
39545,Taylor,Jones
39546,Jordan,Williams
39547,Casey,Jones
39548,Jordan,Brown
39549,Alex,Smith
39550,Casey,Williams
39551,Jordan,Williams
39552,Jordan,Smith
39553,Taylor,Brown
39554,Jordan,Williams
39555,Alex,Jones
39556,Jordan,Brown
39557,Casey,Jones
39558,Taylor,Johnson
39559,Alex,Brown
39560,Casey,Jones
39561,Jordan,Smith
39562,Taylor,Johnson
39563,Taylor,Smith
39564,Alex,Williams
39565,Alex,Brown
39566,Morgan,Jones
39567,Morgan,Williams
39568,Taylor,Jones
39569,Taylor,Brown
39570,Morgan,Johnson
39571,Jordan,Johnson
39572,Morgan,Smith
39573,Casey,Brown
39574,Morgan,Jones
39575,Casey,Brown
39576,Alex,Smith
39577,Casey,Jones
39578,Morgan,Smith
39579,Casey,Jones
39580,Morgan,Jones
39581,Taylor,Smith
39582,Morgan,Johnson
39583,Casey,Brown
39584,Alex,Johnson
39585,Casey,Williams
39586,Taylor,Jones
39587,Taylor,Williams
39588,Casey,Smith
39589,Alex,Williams
39590,Taylor,Jones
39591,Morgan,Brown
39592,Alex,Brown
39593,Casey,Williams
39594,Taylor,Smith
39595,Alex,Jones
39596,Jordan,Brown
39597,Morgan,Williams
39598,Morgan,Smith
39599,Taylor,Williams
39600,Morgan,Brown
39601,Jordan,Williams
39602,Jordan,Johnson
39603,Taylor,Johnson
39604,Jordan,Williams
39605,Jordan,Williams
39606,Alex,Jones
39607,Morgan,Smith
39608,Taylor,Smith
39609,Casey,Smith
39610,Morgan,Smith
39611,Taylor,Jones
39612,Jordan,Williams
39613,Taylor,Williams
39614,Morgan,Johnson
39615,Jordan,Jones
39616,Jordan,Johnson
39617,Casey,Williams
39618,Jordan,Smith
39619,Taylor,Brown
39620,Jordan,Jones
39621,Alex,Jones
39622,Casey,Smith
39623,Jordan,Brown
39624,Alex,Williams
39625,Taylor,Johnson
39626,Morgan,Smith
39627,Jordan,Williams
39628,Alex,Jones
39629,Alex,Johnson
39630,Jordan,Brown
39631,Casey,Smith
39632,Alex,Smith
39633,Taylor,Jones
39634,Morgan,Brown
39635,Taylor,Brown
39636,Taylor,Williams
39637,Jordan,Williams
39638,Casey,Williams
39639,Casey,Brown
39640,Casey,Smith
39641,Casey,Johnson
39642,Morgan,Jones
39643,Morgan,Smith
39644,Taylor,Smith
39645,Casey,Brown
39646,Alex,Jones
39647,Casey,Brown
39648,Taylor,Williams
39649,Jordan,Smith
39650,Casey,Brown
39651,Jordan,Smith
39652,Jordan,Smith
39653,Morgan,Jones
39654,Taylor,Brown
39655,Morgan,Jones
39656,Taylor,Williams
39657,Taylor,Jones
39658,Casey,Brown
39659,Jordan,Johnson
39660,Casey,Williams
39661,Taylor,Brown
39662,Casey,Smith
39663,Alex,Williams
39664,Casey,Jones
39665,Taylor,Smith
39666,Jordan,Johnson
39667,Taylor,Williams
39668,Alex,Brown
39669,Alex,Williams
39670,Jordan,Johnson
39671,Alex,Williams
39672,Taylor,Johnson
39673,Jordan,Brown
39674,Jordan,Johnson
39675,Casey,Johnson
39676,Taylor,Brown
39677,Casey,Jones
39678,Morgan,Smith
39679,Jordan,Williams
39680,Jordan,Johnson
39681,Taylor,Jones
39682,Morgan,Williams
39683,Jordan,Jones
39684,Taylor,Brown
39685,Casey,Smith
39686,Taylor,Williams
39687,Alex,Williams
39688,Casey,Smith
39689,Morgan,Brown
39690,Alex,Brown
39691,Taylor,Johnson
39692,Jordan,Johnson
39693,Casey,Smith
39694,Taylor,Jones
39695,Morgan,Smith
39696,Morgan,Williams
39697,Taylor,Jones
39698,Casey,Smith
39699,Morgan,Williams
39700,Alex,Jones
39701,Alex,Jones
39702,Alex,Johnson
39703,Taylor,Williams
39704,Casey,Johnson
39705,Alex,Johnson
39706,Casey,Brown
39707,Morgan,Williams
39708,Jordan,Jones
39709,Casey,Brown
39710,Alex,Smith
39711,Taylor,Williams
39712,Alex,Smith
39713,Casey,Jones
39714,Morgan,Johnson
39715,Alex,Jones
39716,Casey,Johnson
39717,Morgan,Williams
39718,Jordan,Brown
39719,Taylor,Brown
39720,Jordan,Johnson
39721,Jordan,Smith
39722,Jordan,Brown
39723,Casey,Johnson
39724,Taylor,Johnson
39725,Alex,Johnson
39726,Taylor,Johnson
39727,Jordan,Johnson
39728,Jordan,Smith
39729,Taylor,Jones
39730,Jordan,Williams
39731,Taylor,Johnson
39732,Taylor,Brown
39733,Alex,Jones
39734,Taylor,Brown
39735,Alex,Williams
39736,Jordan,Jones
39737,Morgan,Williams
39738,Morgan,Williams
39739,Morgan,Brown
39740,Taylor,Brown
39741,Taylor,Williams
39742,Casey,Jones
39743,Taylor,Smith
39744,Alex,Williams
39745,Casey,Williams
39746,Casey,Williams
39747,Alex,Johnson
39748,Alex,Brown
39749,Alex,Brown
39750,Alex,Williams
39751,Alex,Brown
39752,Alex,Johnson
39753,Alex,Smith
39754,Morgan,Johnson
39755,Morgan,Jones
39756,Taylor,Smith
39757,Alex,Brown
39758,Alex,Brown
39759,Jordan,Smith
39760,Taylor,Brown
39761,Jordan,Brown
39762,Casey,Smith
39763,Taylor,Smith
39764,Morgan,Jones
39765,Taylor,Johnson
39766,Jordan,Williams
39767,Casey,Brown
39768,Casey,Jones
39769,Jordan,Smith
39770,Alex,Brown
39771,Morgan,Jones
39772,Taylor,Johnson
39773,Jordan,Brown
39774,Casey,Johnson
39775,Casey,Williams
39776,Morgan,Jones
39777,Morgan,Williams
39778,Casey,Brown
39779,Jordan,Johnson
39780,Jordan,Smith
39781,Alex,Williams
39782,Morgan,Brown
39783,Taylor,Johnson
39784,Alex,Johnson
39785,Taylor,Johnson
39786,Casey,Smith
39787,Morgan,Williams
39788,Casey,Brown
39789,Taylor,Brown
39790,Casey,Williams
39791,Jordan,Johnson
39792,Alex,Jones
39793,Morgan,Jones
39794,Jordan,Williams
39795,Taylor,Johnson
39796,Casey,Brown
39797,Alex,Smith
39798,Jordan,Johnson
39799,Alex,Brown
39800,Alex,Jones
39801,Taylor,Williams
39802,Taylor,Smith
39803,Morgan,Brown
39804,Taylor,Jones
39805,Morgan,Williams
39806,Taylor,Smith
39807,Taylor,Williams
39808,Taylor,Williams
39809,Taylor,Smith
39810,Casey,Johnson
39811,Alex,Jones
39812,Casey,Smith
39813,Morgan,Johnson
39814,Jordan,Smith
39815,Jordan,Brown
39816,Morgan,Johnson
39817,Jordan,Brown
39818,Jordan,Johnson
39819,Casey,Smith
39820,Morgan,Williams
39821,Jordan,Smith
39822,Taylor,Brown
39823,Alex,Johnson
39824,Alex,Williams
39825,Jordan,Williams
39826,Casey,Johnson
39827,Jordan,Jones
39828,Taylor,Smith
39829,Taylor,Jones
39830,Alex,Williams
39831,Alex,Johnson
39832,Jordan,Williams
39833,Jordan,Smith
39834,Morgan,Williams
39835,Casey,Jones
39836,Morgan,Brown
39837,Morgan,Jones
39838,Taylor,Smith
39839,Morgan,Williams
39840,Taylor,Williams
39841,Casey,Johnson
39842,Alex,Jones
39843,Taylor,Smith
39844,Alex,Jones
39845,Morgan,Brown
39846,Taylor,Brown
39847,Alex,Smith
39848,Morgan,Williams
39849,Taylor,Williams
39850,Taylor,Brown
39851,Jordan,Williams
39852,Jordan,Jones
39853,Morgan,Brown
39854,Alex,Smith
39855,Morgan,Brown
39856,Jordan,Brown
39857,Alex,Johnson
39858,Morgan,Jones
39859,Taylor,Johnson
39860,Jordan,Johnson
39861,Taylor,Smith
39862,Taylor,Smith
39863,Casey,Brown
39864,Morgan,Johnson
39865,Jordan,Smith
39866,Casey,Jones
39867,Morgan,Johnson
39868,Taylor,Smith
39869,Casey,Brown
39870,Morgan,Williams
39871,Alex,Brown
39872,Morgan,Brown
39873,Jordan,Johnson
39874,Taylor,Brown
39875,Jordan,Smith
39876,Morgan,Brown
39877,Alex,Williams
39878,Jordan,Brown
39879,Jordan,Williams
39880,Jordan,Jones
39881,Casey,Jones
39882,Jordan,Johnson
39883,Jordan,Jones
39884,Jordan,Johnson
39885,Morgan,Brown
39886,Taylor,Jones
39887,Taylor,Johnson
39888,Morgan,Williams
39889,Taylor,Smith
39890,Morgan,Smith
39891,Taylor,Jones
39892,Morgan,Williams
39893,Casey,Smith
39894,Morgan,Jones
39895,Jordan,Johnson
39896,Morgan,Jones
39897,Taylor,Brown
39898,Jordan,Jones
39899,Taylor,Smith
39900,Alex,Johnson
39901,Morgan,Johnson
39902,Jordan,Johnson
39903,Taylor,Williams
39904,Casey,Williams
39905,Taylor,Smith
39906,Alex,Jones
39907,Taylor,Jones
39908,Taylor,Brown
39909,Casey,Williams
39910,Jordan,Smith
39911,Jordan,Williams
39912,Morgan,Jones
39913,Morgan,Williams
39914,Casey,Jones
39915,Alex,Johnson
39916,Casey,Johnson
39917,Casey,Smith
39918,Morgan,Williams
39919,Morgan,Smith
39920,Jordan,Williams
39921,Alex,Jones
39922,Alex,Brown
39923,Jordan,Jones
39924,Morgan,Williams
39925,Taylor,Brown
39926,Casey,Jones
39927,Alex,Johnson
39928,Casey,Williams
39929,Alex,Williams
39930,Jordan,Brown
39931,Jordan,Jones
39932,Casey,Smith
39933,Jordan,Brown
39934,Alex,Brown
39935,Morgan,Brown
39936,Morgan,Williams
39937,Taylor,Brown
39938,Taylor,Johnson
39939,Taylor,Brown
39940,Casey,Smith
39941,Casey,Williams
39942,Morgan,Brown
39943,Jordan,Jones
39944,Jordan,Brown
39945,Alex,Williams
39946,Taylor,Johnson
39947,Alex,Johnson
39948,Alex,Jones
39949,Morgan,Brown
39950,Morgan,Brown
39951,Taylor,Williams
39952,Jordan,Smith
39953,Morgan,Williams
39954,Morgan,Smith
39955,Morgan,Brown
39956,Alex,Smith
39957,Alex,Brown
39958,Morgan,Brown
39959,Taylor,Johnson
39960,Jordan,Williams
39961,Casey,Smith
39962,Morgan,Brown
39963,Alex,Smith
39964,Alex,Johnson
39965,Casey,Johnson
39966,Morgan,Smith
39967,Casey,Brown
39968,Casey,Johnson
39969,Morgan,Johnson
39970,Alex,Williams
39971,Taylor,Johnson
39972,Alex,Smith
39973,Morgan,Williams
39974,Jordan,Jones
39975,Taylor,Williams
39976,Taylor,Smith
39977,Jordan,Williams
39978,Alex,Johnson
39979,Alex,Brown
39980,Casey,Jones
39981,Casey,Williams
39982,Taylor,Smith
39983,Morgan,Jones
39984,Morgan,Johnson
39985,Taylor,Jones
39986,Taylor,Williams
39987,Taylor,Brown
39988,Casey,Williams
39989,Casey,Smith
39990,Alex,Smith
39991,Alex,Johnson
39992,Alex,Jones
39993,Jordan,Johnson
39994,Taylor,Smith
39995,Morgan,Brown
39996,Taylor,Brown
39997,Morgan,Johnson
39998,Casey,Johnson
39999,Alex,Jones
40000,Morgan,Brown
40001,Morgan,Johnson
40002,Casey,Jones
40003,Casey,Williams
40004,Alex,Brown
40005,Morgan,Jones
40006,Casey,Jones
40007,Alex,Johnson
40008,Alex,Smith
40009,Alex,Jones
40010,Alex,Johnson
40011,Morgan,Johnson
40012,Alex,Smith
40013,Casey,Williams
40014,Casey,Williams
40015,Morgan,Smith
40016,Taylor,Johnson
40017,Taylor,Williams
40018,Morgan,Smith
40019,Taylor,Jones
40020,Alex,Smith
40021,Taylor,Smith
40022,Morgan,Johnson
40023,Alex,Williams
40024,Casey,Smith
40025,Casey,Jones
40026,Jordan,Johnson
40027,Morgan,Brown
40028,Alex,Johnson
40029,Morgan,Williams
40030,Taylor,Williams
40031,Jordan,Brown
40032,Taylor,Brown
40033,Morgan,Smith
40034,Casey,Williams
40035,Jordan,Johnson
40036,Casey,Williams
40037,Casey,Williams
40038,Jordan,Smith
40039,Alex,Brown
40040,Morgan,Jones
40041,Alex,Brown
40042,Casey,Williams
40043,Morgan,Williams
40044,Alex,Williams
40045,Casey,Johnson
40046,Taylor,Brown
40047,Taylor,Williams
40048,Taylor,Brown
40049,Jordan,Smith
40050,Alex,Brown
40051,Alex,Brown
40052,Alex,Smith
40053,Jordan,Smith
40054,Alex,Williams
40055,Casey,Jones
40056,Morgan,Jones
40057,Casey,Johnson
40058,Alex,Jones
40059,Morgan,Smith
40060,Taylor,Williams
40061,Jordan,Jones
40062,Taylor,Williams
40063,Taylor,Jones
40064,Jordan,Smith
40065,Jordan,Johnson
40066,Alex,Williams
40067,Taylor,Jones
40068,Alex,Brown
40069,Taylor,Brown
40070,Jordan,Brown
40071,Casey,Smith
40072,Alex,Johnson
40073,Taylor,Johnson
40074,Alex,Brown
40075,Jordan,Jones
40076,Taylor,Johnson
40077,Taylor,Brown
40078,Taylor,Jones
40079,Casey,Jones
40080,Jordan,Jones
40081,Alex,Williams
40082,Casey,Williams
40083,Taylor,Jones
40084,Morgan,Jones
40085,Alex,Brown
40086,Alex,Jones
40087,Taylor,Smith
40088,Casey,Smith
40089,Alex,Johnson
40090,Taylor,Smith
40091,Alex,Smith
40092,Alex,Smith
40093,Casey,Smith
40094,Alex,Brown
40095,Alex,Johnson
40096,Taylor,Johnson
40097,Taylor,Johnson
40098,Morgan,Brown
40099,Jordan,Williams
40100,Taylor,Johnson
40101,Morgan,Jones
40102,Alex,Johnson
40103,Casey,Johnson
40104,Morgan,Jones
40105,Casey,Johnson
40106,Jordan,Smith
40107,Taylor,Williams
40108,Alex,Johnson
40109,Jordan,Smith
40110,Morgan,Jones
40111,Jordan,Brown
40112,Jordan,Smith
40113,Morgan,Jones
40114,Taylor,Johnson
40115,Jordan,Johnson
40116,Alex,Smith
40117,Taylor,Johnson
40118,Casey,Smith
40119,Jordan,Williams
40120,Morgan,Johnson
40121,Casey,Brown
40122,Morgan,Johnson
40123,Alex,Smith
40124,Morgan,Smith
40125,Alex,Jones
40126,Taylor,Smith
40127,Morgan,Jones
40128,Jordan,Williams
40129,Morgan,Smith
40130,Alex,Smith
40131,Alex,Jones
40132,Casey,Smith
40133,Jordan,Jones
40134,Jordan,Johnson
40135,Casey,Smith
40136,Morgan,Johnson
40137,Alex,Smith
40138,Taylor,Brown
40139,Alex,Smith
40140,Taylor,Brown
40141,Taylor,Jones
40142,Casey,Smith
40143,Morgan,Williams
40144,Taylor,Jones
40145,Morgan,Williams
40146,Casey,Jones
40147,Taylor,Williams
40148,Casey,Williams
40149,Casey,Jones
40150,Morgan,Johnson
40151,Casey,Johnson
40152,Alex,Smith
40153,Taylor,Jones
40154,Alex,Johnson
40155,Alex,Brown
40156,Jordan,Brown
40157,Morgan,Smith
40158,Taylor,Jones
40159,Casey,Jones
40160,Alex,Williams
40161,Taylor,Jones
40162,Jordan,Williams
40163,Taylor,Smith
40164,Jordan,Smith
40165,Morgan,Johnson
40166,Casey,Johnson
40167,Alex,Brown
40168,Alex,Brown
40169,Casey,Jones
40170,Jordan,Johnson
40171,Casey,Brown
40172,Morgan,Williams
40173,Taylor,Smith
40174,Alex,Smith
40175,Jordan,Brown
40176,Taylor,Johnson
40177,Jordan,Williams
40178,Morgan,Jones
40179,Alex,Brown
40180,Casey,Brown
40181,Alex,Jones
40182,Alex,Williams
40183,Jordan,Jones
40184,Taylor,Williams
40185,Alex,Brown
40186,Morgan,Smith
40187,Jordan,Smith
40188,Casey,Jones
40189,Jordan,Smith
40190,Taylor,Jones
40191,Jordan,Williams
40192,Jordan,Williams
40193,Taylor,Johnson
40194,Alex,Brown
40195,Taylor,Smith
40196,Taylor,Williams
40197,Taylor,Johnson
40198,Morgan,Smith
40199,Jordan,Brown
40200,Jordan,Smith
40201,Jordan,Johnson
40202,Morgan,Jones
40203,Casey,Williams
40204,Taylor,Smith
40205,Alex,Brown
40206,Taylor,Williams
40207,Alex,Brown
40208,Morgan,Johnson
40209,Jordan,Johnson
40210,Jordan,Brown
40211,Morgan,Brown
40212,Alex,Brown
40213,Taylor,Williams
40214,Casey,Brown
40215,Jordan,Johnson
40216,Taylor,Smith
40217,Taylor,Jones
40218,Taylor,Williams
40219,Jordan,Smith
40220,Jordan,Johnson
40221,Jordan,Williams
40222,Morgan,Johnson
40223,Casey,Johnson
40224,Casey,Brown
40225,Taylor,Williams
40226,Casey,Johnson
40227,Jordan,Johnson
40228,Jordan,Brown
40229,Taylor,Johnson
40230,Alex,Jones
40231,Morgan,Williams
40232,Morgan,Johnson
40233,Alex,Smith
40234,Casey,Johnson
40235,Casey,Williams
40236,Jordan,Jones
40237,Taylor,Brown
40238,Alex,Smith
40239,Jordan,Brown
40240,Casey,Johnson
40241,Taylor,Brown
40242,Morgan,Williams
40243,Casey,Jones
40244,Alex,Johnson
40245,Morgan,Brown
40246,Taylor,Smith
40247,Morgan,Brown
40248,Jordan,Johnson
40249,Jordan,Jones
40250,Taylor,Williams
40251,Morgan,Jones
40252,Morgan,Williams
40253,Morgan,Williams
40254,Taylor,Williams
40255,Jordan,Smith
40256,Morgan,Brown
40257,Morgan,Johnson
40258,Taylor,Williams
40259,Casey,Williams
40260,Casey,Brown
40261,Jordan,Williams
40262,Alex,Johnson
40263,Casey,Johnson
40264,Alex,Brown
40265,Jordan,Smith
40266,Alex,Johnson
40267,Casey,Smith
40268,Taylor,Johnson
40269,Jordan,Smith
40270,Jordan,Jones
40271,Morgan,Johnson
40272,Jordan,Brown
40273,Morgan,Williams
40274,Casey,Jones
40275,Morgan,Williams
40276,Casey,Williams
40277,Casey,Jones
40278,Casey,Johnson
40279,Alex,Brown
40280,Taylor,Brown
40281,Taylor,Williams
40282,Morgan,Brown
40283,Jordan,Jones
40284,Morgan,Johnson
40285,Jordan,Johnson
40286,Jordan,Williams
40287,Casey,Smith
40288,Casey,Smith
40289,Taylor,Jones
40290,Morgan,Brown
40291,Casey,Brown
40292,Morgan,Jones
40293,Casey,Smith
40294,Taylor,Jones
40295,Morgan,Johnson
40296,Morgan,Johnson
40297,Alex,Johnson
40298,Jordan,Smith
40299,Taylor,Smith
40300,Casey,Williams
40301,Casey,Williams
40302,Morgan,Williams
40303,Jordan,Johnson
40304,Casey,Jones
40305,Morgan,Jones
40306,Morgan,Smith
40307,Taylor,Jones
40308,Morgan,Johnson
40309,Casey,Brown
40310,Morgan,Brown
40311,Jordan,Smith
40312,Jordan,Smith
40313,Taylor,Brown
40314,Jordan,Smith
40315,Alex,Brown
40316,Morgan,Jones
40317,Taylor,Williams
40318,Jordan,Brown
40319,Casey,Smith
40320,Taylor,Jones
40321,Alex,Smith
40322,Morgan,Williams
40323,Alex,Johnson
40324,Alex,Williams
40325,Casey,Jones
40326,Jordan,Jones
40327,Morgan,Jones
40328,Morgan,Williams
40329,Alex,Johnson
40330,Taylor,Williams
40331,Taylor,Smith
40332,Taylor,Brown
40333,Taylor,Williams
40334,Alex,Brown
40335,Jordan,Williams
40336,Jordan,Smith
40337,Jordan,Williams
40338,Alex,Smith
40339,Morgan,Smith
40340,Morgan,Williams
40341,Alex,Williams
40342,Alex,Jones
40343,Jordan,Jones
40344,Alex,Brown
40345,Morgan,Brown
40346,Casey,Williams
40347,Jordan,Williams
40348,Jordan,Brown
40349,Casey,Johnson
40350,Alex,Johnson
40351,Casey,Williams
40352,Jordan,Smith
40353,Jordan,Johnson
40354,Morgan,Williams
40355,Morgan,Johnson
40356,Taylor,Williams
40357,Alex,Williams
40358,Taylor,Brown
40359,Casey,Williams
40360,Taylor,Williams
40361,Morgan,Smith
40362,Taylor,Jones
40363,Morgan,Johnson
40364,Morgan,Smith
40365,Morgan,Johnson
40366,Casey,Johnson
40367,Taylor,Brown
40368,Taylor,Williams
40369,Alex,Williams
40370,Taylor,Jones
40371,Morgan,Johnson
40372,Jordan,Brown
40373,Alex,Johnson
40374,Morgan,Brown
40375,Jordan,Brown
40376,Taylor,Smith
40377,Casey,Jones
40378,Alex,Williams
40379,Jordan,Johnson
40380,Casey,Jones
40381,Jordan,Smith
40382,Casey,Smith
40383,Alex,Jones
40384,Casey,Jones
40385,Alex,Johnson
40386,Jordan,Williams
40387,Casey,Johnson
40388,Casey,Brown
40389,Morgan,Johnson
40390,Alex,Williams
40391,Taylor,Jones
40392,Alex,Smith
40393,Jordan,Johnson
40394,Jordan,Jones
40395,Taylor,Williams
40396,Morgan,Jones
40397,Casey,Jones
40398,Morgan,Johnson
40399,Morgan,Jones
40400,Taylor,Johnson
40401,Casey,Smith
40402,Jordan,Smith
40403,Morgan,Johnson
40404,Morgan,Williams
40405,Jordan,Johnson
40406,Jordan,Brown
40407,Taylor,Smith
40408,Alex,Brown
40409,Alex,Brown
40410,Taylor,Smith
40411,Taylor,Brown
40412,Jordan,Williams
40413,Alex,Johnson
40414,Casey,Jones
40415,Morgan,Johnson
40416,Taylor,Johnson
40417,Morgan,Williams
40418,Taylor,Williams
40419,Morgan,Smith
40420,Alex,Williams
40421,Morgan,Smith
40422,Morgan,Smith
40423,Alex,Williams
40424,Taylor,Jones
40425,Taylor,Williams
40426,Taylor,Brown
40427,Casey,Williams
40428,Casey,Brown
40429,Casey,Williams
40430,Jordan,Williams
40431,Morgan,Brown
40432,Alex,Williams
40433,Morgan,Williams
40434,Morgan,Jones
40435,Taylor,Williams
40436,Morgan,Jones
40437,Casey,Johnson
40438,Taylor,Williams
40439,Taylor,Brown
40440,Jordan,Smith
40441,Casey,Jones
40442,Taylor,Smith
40443,Casey,Johnson
40444,Alex,Jones
40445,Jordan,Jones
40446,Alex,Williams
40447,Jordan,Williams
40448,Morgan,Smith
40449,Casey,Johnson
40450,Morgan,Jones
40451,Jordan,Johnson
40452,Morgan,Smith
40453,Morgan,Brown
40454,Morgan,Jones
40455,Alex,Brown
40456,Alex,Brown
40457,Jordan,Jones
40458,Jordan,Smith
40459,Alex,Brown
40460,Jordan,Williams
40461,Jordan,Jones
40462,Jordan,Johnson
40463,Morgan,Smith
40464,Jordan,Smith
40465,Casey,Brown
40466,Alex,Brown
40467,Morgan,Jones
40468,Jordan,Jones
40469,Jordan,Jones
40470,Taylor,Johnson
40471,Morgan,Brown
40472,Taylor,Johnson
40473,Jordan,Smith
40474,Taylor,Williams
40475,Casey,Smith
40476,Morgan,Brown
40477,Alex,Johnson
40478,Jordan,Smith
40479,Alex,Smith
40480,Casey,Williams
40481,Morgan,Brown
40482,Morgan,Williams
40483,Morgan,Williams
40484,Taylor,Williams
40485,Casey,Jones
40486,Taylor,Brown
40487,Alex,Smith
40488,Jordan,Brown
40489,Jordan,Jones
40490,Alex,Williams
40491,Casey,Johnson
40492,Morgan,Williams
40493,Taylor,Brown
40494,Jordan,Smith
40495,Casey,Brown
40496,Casey,Brown
40497,Taylor,Jones
40498,Casey,Williams
40499,Alex,Brown
40500,Alex,Smith
40501,Taylor,Johnson
40502,Morgan,Smith
40503,Casey,Smith
40504,Jordan,Jones
40505,Alex,Williams
40506,Taylor,Jones
40507,Alex,Smith
40508,Taylor,Jones
40509,Casey,Williams
40510,Jordan,Brown
40511,Morgan,Brown
40512,Casey,Williams
40513,Jordan,Smith
40514,Alex,Williams
40515,Morgan,Brown
40516,Alex,Jones
40517,Casey,Johnson
40518,Alex,Brown
40519,Taylor,Williams
40520,Alex,Johnson
40521,Jordan,Smith
40522,Taylor,Smith
40523,Morgan,Johnson
40524,Jordan,Williams
40525,Casey,Smith
40526,Jordan,Jones
40527,Taylor,Brown
40528,Casey,Williams
40529,Jordan,Smith
40530,Casey,Johnson
40531,Jordan,Brown
40532,Alex,Smith
40533,Casey,Brown
40534,Jordan,Jones
40535,Morgan,Jones
40536,Morgan,Smith
40537,Taylor,Johnson
40538,Morgan,Jones
40539,Casey,Jones
40540,Jordan,Johnson
40541,Jordan,Smith
40542,Morgan,Johnson
40543,Alex,Smith
40544,Jordan,Jones
40545,Taylor,Williams
40546,Alex,Jones
40547,Taylor,Jones
40548,Taylor,Johnson
40549,Casey,Jones
40550,Morgan,Williams
40551,Jordan,Smith
40552,Morgan,Jones
40553,Morgan,Jones
40554,Taylor,Brown
40555,Morgan,Williams
40556,Morgan,Jones
40557,Morgan,Williams
40558,Alex,Johnson
40559,Morgan,Williams
40560,Casey,Brown
40561,Jordan,Johnson
40562,Jordan,Smith
40563,Jordan,Williams
40564,Jordan,Williams
40565,Morgan,Williams
40566,Taylor,Brown
40567,Casey,Jones
40568,Taylor,Jones
40569,Jordan,Smith
40570,Taylor,Johnson
40571,Casey,Jones
40572,Alex,Jones
40573,Morgan,Brown
40574,Taylor,Brown
40575,Taylor,Brown
40576,Morgan,Williams
40577,Jordan,Williams
40578,Taylor,Brown
40579,Jordan,Brown
40580,Casey,Johnson
40581,Jordan,Williams
40582,Jordan,Smith
40583,Jordan,Jones
40584,Jordan,Brown
40585,Morgan,Smith
40586,Jordan,Johnson
40587,Jordan,Smith
40588,Casey,Smith
40589,Morgan,Johnson
40590,Morgan,Johnson
40591,Taylor,Smith
40592,Casey,Smith
40593,Casey,Brown
40594,Alex,Smith
40595,Jordan,Johnson
40596,Morgan,Williams
40597,Jordan,Brown
40598,Jordan,Williams
40599,Morgan,Johnson
40600,Taylor,Williams
40601,Alex,Smith
40602,Alex,Jones
40603,Taylor,Jones
40604,Morgan,Jones
40605,Casey,Jones
40606,Jordan,Brown
40607,Morgan,Johnson
40608,Morgan,Jones
40609,Alex,Brown
40610,Morgan,Smith
40611,Morgan,Smith
40612,Morgan,Williams
40613,Morgan,Johnson
40614,Casey,Smith
40615,Alex,Johnson
40616,Jordan,Smith
40617,Taylor,Johnson
40618,Jordan,Williams
40619,Casey,Johnson
40620,Alex,Smith
40621,Morgan,Jones
40622,Jordan,Williams
40623,Jordan,Jones
40624,Taylor,Williams
40625,Alex,Jones
40626,Morgan,Brown
40627,Jordan,Smith
40628,Alex,Smith
40629,Taylor,Williams
40630,Casey,Smith
40631,Taylor,Johnson
40632,Jordan,Smith
40633,Jordan,Smith
40634,Alex,Jones
40635,Morgan,Smith
40636,Casey,Jones
40637,Casey,Williams
40638,Jordan,Smith
40639,Taylor,Jones
40640,Alex,Johnson
40641,Morgan,Jones
40642,Casey,Smith
40643,Alex,Smith
40644,Alex,Brown
40645,Casey,Smith
40646,Taylor,Smith
40647,Jordan,Brown
40648,Jordan,Williams
40649,Casey,Brown
40650,Jordan,Smith
40651,Alex,Brown
40652,Morgan,Smith
40653,Alex,Smith
40654,Alex,Williams
40655,Jordan,Jones
40656,Jordan,Williams
40657,Jordan,Johnson
40658,Morgan,Brown
40659,Morgan,Jones
40660,Morgan,Smith
40661,Jordan,Williams
40662,Jordan,Johnson
40663,Casey,Brown
40664,Taylor,Williams
40665,Alex,Brown
40666,Casey,Jones
40667,Casey,Smith
40668,Taylor,Williams
40669,Jordan,Williams
40670,Taylor,Smith
40671,Casey,Jones
40672,Casey,Brown
40673,Taylor,Smith
40674,Morgan,Williams
40675,Morgan,Brown
40676,Taylor,Jones
40677,Casey,Johnson
40678,Jordan,Williams
40679,Alex,Jones
40680,Morgan,Brown
40681,Taylor,Smith
40682,Jordan,Jones
40683,Taylor,Smith
40684,Taylor,Brown
40685,Taylor,Johnson
40686,Casey,Jones
40687,Jordan,Jones
40688,Casey,Brown
40689,Casey,Brown
40690,Morgan,Williams
40691,Taylor,Brown
40692,Casey,Williams
40693,Taylor,Williams
40694,Morgan,Johnson
40695,Casey,Williams
40696,Alex,Brown
40697,Morgan,Brown
40698,Morgan,Williams
40699,Morgan,Jones
40700,Taylor,Johnson
40701,Alex,Jones
40702,Casey,Jones
40703,Alex,Smith
40704,Alex,Jones
40705,Jordan,Brown
40706,Jordan,Jones
40707,Morgan,Jones
40708,Morgan,Johnson
40709,Jordan,Smith
40710,Casey,Johnson
40711,Jordan,Smith
40712,Jordan,Brown
40713,Morgan,Johnson
40714,Casey,Williams
40715,Alex,Jones
40716,Taylor,Jones
40717,Jordan,Smith
40718,Taylor,Jones
40719,Casey,Smith
40720,Morgan,Williams
40721,Jordan,Williams
40722,Alex,Smith
40723,Taylor,Williams
40724,Alex,Williams
40725,Taylor,Smith
40726,Morgan,Johnson
40727,Alex,Jones
40728,Casey,Jones
40729,Alex,Jones
40730,Jordan,Johnson
40731,Casey,Smith
40732,Morgan,Williams
40733,Casey,Jones
40734,Jordan,Williams
40735,Alex,Johnson
40736,Jordan,Jones
40737,Casey,Brown
40738,Morgan,Johnson
40739,Casey,Williams
40740,Alex,Johnson
40741,Alex,Brown
40742,Taylor,Johnson
40743,Morgan,Brown
40744,Taylor,Johnson
40745,Casey,Williams
40746,Jordan,Williams
40747,Morgan,Brown
40748,Morgan,Brown
40749,Casey,Johnson
40750,Casey,Smith
40751,Jordan,Smith
40752,Taylor,Jones
40753,Morgan,Smith
40754,Morgan,Brown
40755,Alex,Brown
40756,Jordan,Brown
40757,Taylor,Jones
40758,Taylor,Smith
40759,Jordan,Smith
40760,Jordan,Jones
40761,Alex,Johnson
40762,Casey,Johnson
40763,Jordan,Johnson
40764,Morgan,Smith
40765,Alex,Jones
40766,Jordan,Jones
40767,Casey,Smith
40768,Alex,Brown
40769,Jordan,Williams
40770,Taylor,Brown
40771,Jordan,Smith
40772,Alex,Jones
40773,Casey,Brown
40774,Casey,Jones
40775,Taylor,Smith
40776,Morgan,Brown
40777,Casey,Williams
40778,Casey,Brown
40779,Jordan,Jones
40780,Taylor,Brown
40781,Alex,Smith
40782,Alex,Jones
40783,Taylor,Williams
40784,Morgan,Williams
40785,Jordan,Johnson
40786,Jordan,Smith
40787,Morgan,Jones
40788,Casey,Jones
40789,Casey,Jones
40790,Casey,Smith
40791,Alex,Johnson
40792,Jordan,Brown
40793,Alex,Jones
40794,Casey,Brown
40795,Morgan,Jones
40796,Casey,Smith
40797,Taylor,Smith
40798,Taylor,Johnson
40799,Morgan,Jones
40800,Alex,Brown
40801,Jordan,Brown
40802,Morgan,Brown
40803,Morgan,Smith
40804,Jordan,Smith
40805,Alex,Williams
40806,Morgan,Smith
40807,Jordan,Brown
40808,Taylor,Johnson
40809,Alex,Smith
40810,Morgan,Brown
40811,Morgan,Williams
40812,Alex,Jones
40813,Taylor,Brown
40814,Alex,Williams
40815,Taylor,Williams
40816,Morgan,Smith
40817,Morgan,Smith
40818,Jordan,Smith
40819,Casey,Jones
40820,Morgan,Smith
40821,Alex,Williams
40822,Jordan,Williams
40823,Jordan,Williams
40824,Taylor,Jones
40825,Casey,Smith
40826,Morgan,Jones
40827,Taylor,Williams
40828,Alex,Jones
40829,Jordan,Brown
40830,Jordan,Williams
40831,Alex,Jones
40832,Jordan,Smith
40833,Taylor,Williams
40834,Jordan,Brown
40835,Alex,Smith
40836,Taylor,Smith
40837,Alex,Johnson
40838,Jordan,Jones
40839,Casey,Jones
40840,Taylor,Smith
40841,Casey,Williams
40842,Casey,Jones
40843,Taylor,Smith
40844,Jordan,Jones
40845,Taylor,Jones
40846,Alex,Jones
40847,Casey,Johnson
40848,Morgan,Smith
40849,Casey,Jones
40850,Jordan,Smith
40851,Casey,Smith
40852,Taylor,Jones
40853,Alex,Smith
40854,Jordan,Williams
40855,Alex,Williams
40856,Taylor,Williams
40857,Taylor,Brown
40858,Alex,Johnson
40859,Alex,Johnson
40860,Taylor,Johnson
40861,Casey,Johnson
40862,Casey,Johnson
40863,Jordan,Brown
40864,Morgan,Williams
40865,Alex,Johnson
40866,Taylor,Johnson
40867,Taylor,Brown
40868,Taylor,Johnson
40869,Morgan,Smith
40870,Taylor,Johnson
40871,Morgan,Smith
40872,Jordan,Jones
40873,Casey,Jones
40874,Morgan,Brown
40875,Taylor,Williams
40876,Casey,Brown
40877,Alex,Jones
40878,Morgan,Johnson
40879,Morgan,Smith
40880,Morgan,Johnson
40881,Alex,Brown
40882,Casey,Williams
40883,Jordan,Jones
40884,Alex,Johnson
40885,Alex,Williams
40886,Jordan,Brown
40887,Taylor,Brown
40888,Morgan,Brown
40889,Taylor,Smith
40890,Alex,Williams
40891,Taylor,Williams
40892,Taylor,Jones
40893,Alex,Johnson
40894,Morgan,Smith
40895,Casey,Jones
40896,Morgan,Brown
40897,Jordan,Brown
40898,Taylor,Williams
40899,Morgan,Brown
40900,Jordan,Williams
40901,Taylor,Johnson
40902,Taylor,Williams
40903,Morgan,Brown
40904,Alex,Smith
40905,Jordan,Brown
40906,Morgan,Jones
40907,Alex,Williams
40908,Casey,Jones
40909,Morgan,Brown
40910,Alex,Johnson
40911,Alex,Williams
40912,Casey,Johnson
40913,Morgan,Johnson
40914,Alex,Jones
40915,Taylor,Jones
40916,Morgan,Johnson
40917,Casey,Williams
40918,Alex,Brown
40919,Taylor,Jones
40920,Casey,Brown
40921,Alex,Brown
40922,Alex,Jones
40923,Taylor,Johnson
40924,Casey,Jones
40925,Jordan,Johnson
40926,Jordan,Brown
40927,Alex,Williams
40928,Morgan,Brown
40929,Taylor,Williams
40930,Jordan,Jones
40931,Jordan,Johnson
40932,Morgan,Williams
40933,Morgan,Jones
40934,Alex,Williams
40935,Casey,Smith
40936,Alex,Smith
40937,Jordan,Brown
40938,Alex,Johnson
40939,Taylor,Williams
40940,Alex,Smith
40941,Casey,Smith
40942,Casey,Jones
40943,Jordan,Johnson
40944,Alex,Smith
40945,Jordan,Williams
40946,Jordan,Smith
40947,Jordan,Jones
40948,Taylor,Jones
40949,Taylor,Williams
40950,Taylor,Smith
40951,Morgan,Williams
40952,Casey,Jones
40953,Jordan,Brown
40954,Morgan,Williams
40955,Casey,Williams
40956,Jordan,Brown
40957,Casey,Brown
40958,Morgan,Johnson
40959,Jordan,Williams
40960,Jordan,Johnson
40961,Jordan,Smith
40962,Morgan,Williams
40963,Morgan,Smith
40964,Morgan,Smith
40965,Casey,Williams
40966,Morgan,Johnson
40967,Alex,Smith
40968,Morgan,Williams
40969,Jordan,Smith
40970,Taylor,Johnson
40971,Morgan,Jones
40972,Taylor,Jones
40973,Taylor,Williams
40974,Alex,Smith
40975,Jordan,Smith
40976,Taylor,Jones
40977,Casey,Smith
40978,Jordan,Smith
40979,Jordan,Brown
40980,Taylor,Jones
40981,Alex,Johnson
40982,Casey,Johnson
40983,Morgan,Smith
40984,Casey,Jones
40985,Alex,Williams
40986,Alex,Jones
40987,Alex,Brown
40988,Morgan,Williams
40989,Alex,Williams
40990,Casey,Jones
40991,Casey,Williams
40992,Taylor,Brown
40993,Morgan,Smith
40994,Alex,Jones
40995,Jordan,Jones
40996,Alex,Jones
40997,Alex,Williams
40998,Alex,Brown
40999,Casey,Jones
41000,Taylor,Johnson
41001,Jordan,Brown
41002,Taylor,Smith
41003,Casey,Smith
41004,Alex,Brown
41005,Casey,Jones
41006,Taylor,Smith
41007,Morgan,Smith
41008,Casey,Brown
41009,Jordan,Smith
41010,Casey,Williams
41011,Taylor,Smith
41012,Taylor,Jones
41013,Jordan,Williams
41014,Taylor,Johnson
41015,Morgan,Smith
41016,Alex,Jones
41017,Jordan,Brown
41018,Taylor,Jones
41019,Jordan,Smith
41020,Taylor,Jones
41021,Morgan,Williams
41022,Taylor,Smith
41023,Taylor,Jones
41024,Taylor,Brown
41025,Casey,Williams
41026,Taylor,Smith
41027,Casey,Johnson
41028,Taylor,Smith
41029,Casey,Jones
41030,Casey,Brown
41031,Alex,Williams
41032,Casey,Jones
41033,Casey,Williams
41034,Taylor,Smith
41035,Alex,Smith
41036,Taylor,Brown
41037,Jordan,Jones
41038,Taylor,Brown
41039,Casey,Smith
41040,Casey,Johnson
41041,Alex,Williams
41042,Alex,Williams
41043,Alex,Williams
41044,Taylor,Brown
41045,Casey,Jones
41046,Alex,Jones
41047,Casey,Brown
41048,Alex,Brown
41049,Morgan,Johnson
41050,Jordan,Williams
41051,Jordan,Jones
41052,Casey,Smith
41053,Alex,Brown
41054,Casey,Williams
41055,Alex,Smith
41056,Jordan,Jones
41057,Taylor,Johnson
41058,Jordan,Jones
41059,Casey,Williams
41060,Casey,Jones
41061,Morgan,Johnson
41062,Jordan,Jones
41063,Casey,Williams
41064,Alex,Williams
41065,Morgan,Williams
41066,Alex,Jones
41067,Jordan,Jones
41068,Alex,Brown
41069,Jordan,Williams
41070,Morgan,Williams
41071,Jordan,Johnson
41072,Morgan,Smith
41073,Jordan,Jones
41074,Casey,Jones
41075,Jordan,Brown
41076,Morgan,Brown
41077,Jordan,Brown
41078,Morgan,Smith
41079,Jordan,Jones
41080,Jordan,Jones
41081,Taylor,Williams
41082,Taylor,Johnson
41083,Jordan,Jones
41084,Taylor,Brown
41085,Morgan,Brown
41086,Taylor,Brown
41087,Casey,Jones
41088,Alex,Brown
41089,Alex,Smith
41090,Morgan,Johnson
41091,Casey,Smith
41092,Morgan,Brown
41093,Taylor,Jones
41094,Taylor,Williams
41095,Casey,Smith
41096,Casey,Smith
41097,Morgan,Brown
41098,Morgan,Jones
41099,Alex,Brown
41100,Taylor,Brown
41101,Morgan,Brown
41102,Taylor,Smith
41103,Jordan,Johnson
41104,Morgan,Jones
41105,Morgan,Smith
41106,Morgan,Jones
41107,Morgan,Williams
41108,Casey,Smith
41109,Taylor,Jones
41110,Jordan,Smith
41111,Jordan,Johnson
41112,Casey,Brown
41113,Alex,Jones
41114,Taylor,Johnson
41115,Taylor,Smith
41116,Taylor,Johnson
41117,Alex,Brown
41118,Alex,Williams
41119,Alex,Brown
41120,Jordan,Jones
41121,Alex,Smith
41122,Morgan,Williams
41123,Taylor,Johnson
41124,Casey,Brown
41125,Jordan,Williams
41126,Alex,Smith
41127,Alex,Williams
41128,Alex,Williams
41129,Jordan,Williams
41130,Jordan,Brown
41131,Alex,Williams
41132,Casey,Brown
41133,Taylor,Johnson
41134,Jordan,Johnson
41135,Casey,Jones
41136,Casey,Williams
41137,Jordan,Brown
41138,Alex,Brown
41139,Alex,Williams
41140,Taylor,Brown
41141,Morgan,Williams
41142,Jordan,Williams
41143,Taylor,Smith
41144,Alex,Jones
41145,Casey,Brown
41146,Alex,Brown
41147,Morgan,Smith
41148,Alex,Brown
41149,Casey,Brown
41150,Jordan,Smith
41151,Jordan,Brown
41152,Casey,Johnson
41153,Alex,Smith
41154,Jordan,Williams
41155,Alex,Williams
41156,Morgan,Jones
41157,Taylor,Williams
41158,Casey,Williams
41159,Morgan,Brown
41160,Alex,Johnson
41161,Jordan,Jones
41162,Morgan,Williams
41163,Alex,Johnson
41164,Alex,Jones
41165,Casey,Brown
41166,Jordan,Jones
41167,Casey,Johnson
41168,Casey,Brown
41169,Morgan,Smith
41170,Alex,Brown
41171,Alex,Brown
41172,Alex,Smith
41173,Jordan,Smith
41174,Taylor,Williams
41175,Casey,Johnson
41176,Morgan,Brown
41177,Taylor,Johnson
41178,Alex,Johnson
41179,Morgan,Jones
41180,Casey,Williams
41181,Casey,Brown
41182,Morgan,Smith
41183,Jordan,Smith
41184,Morgan,Jones
41185,Jordan,Johnson
41186,Alex,Williams
41187,Alex,Johnson
41188,Alex,Jones
41189,Taylor,Brown
41190,Jordan,Williams
41191,Jordan,Smith
41192,Alex,Smith
41193,Taylor,Johnson
41194,Casey,Jones
41195,Taylor,Jones
41196,Taylor,Smith
41197,Morgan,Jones
41198,Casey,Williams
41199,Jordan,Williams
41200,Morgan,Williams
41201,Taylor,Smith
41202,Jordan,Johnson
41203,Casey,Williams
41204,Jordan,Brown
41205,Alex,Brown
41206,Taylor,Williams
41207,Casey,Williams
41208,Casey,Jones
41209,Jordan,Brown
41210,Jordan,Brown
41211,Morgan,Jones
41212,Morgan,Williams
41213,Morgan,Williams
41214,Alex,Smith
41215,Alex,Jones
41216,Alex,Johnson
41217,Casey,Brown
41218,Alex,Smith
41219,Alex,Williams
41220,Casey,Smith
41221,Alex,Smith
41222,Casey,Johnson
41223,Alex,Brown
41224,Casey,Brown
41225,Morgan,Williams
41226,Alex,Johnson
41227,Casey,Brown
41228,Taylor,Jones
41229,Jordan,Johnson
41230,Taylor,Johnson
41231,Jordan,Jones
41232,Casey,Johnson
41233,Morgan,Williams
41234,Alex,Brown
41235,Taylor,Brown
41236,Alex,Smith
41237,Jordan,Jones
41238,Taylor,Smith
41239,Morgan,Smith
41240,Casey,Brown
41241,Alex,Johnson
41242,Alex,Williams
41243,Morgan,Brown
41244,Jordan,Johnson
41245,Taylor,Jones
41246,Alex,Smith
41247,Alex,Jones
41248,Taylor,Smith
41249,Alex,Brown
41250,Morgan,Smith
41251,Jordan,Smith
41252,Casey,Brown
41253,Morgan,Jones
41254,Alex,Brown
41255,Casey,Brown
41256,Casey,Jones
41257,Casey,Jones
41258,Morgan,Jones
41259,Casey,Smith
41260,Jordan,Jones
41261,Taylor,Williams
41262,Jordan,Johnson
41263,Morgan,Johnson
41264,Jordan,Brown
41265,Taylor,Brown
41266,Jordan,Johnson
41267,Casey,Brown
41268,Morgan,Williams
41269,Morgan,Johnson
41270,Taylor,Smith
41271,Casey,Williams
41272,Taylor,Jones
41273,Casey,Smith
41274,Morgan,Williams
41275,Jordan,Brown
41276,Morgan,Smith
41277,Taylor,Jones
41278,Jordan,Johnson
41279,Casey,Williams
41280,Taylor,Smith
41281,Alex,Williams
41282,Casey,Smith
41283,Alex,Johnson
41284,Casey,Williams
41285,Morgan,Jones
41286,Morgan,Smith
41287,Morgan,Jones
41288,Alex,Jones
41289,Jordan,Brown
41290,Morgan,Brown
41291,Taylor,Jones
41292,Casey,Jones
41293,Casey,Johnson
41294,Jordan,Williams
41295,Jordan,Smith
41296,Casey,Johnson
41297,Alex,Smith
41298,Casey,Johnson
41299,Morgan,Jones
41300,Taylor,Brown
41301,Casey,Smith
41302,Taylor,Smith
41303,Morgan,Williams
41304,Alex,Brown
41305,Alex,Williams
41306,Jordan,Brown
41307,Alex,Williams
41308,Morgan,Jones
41309,Casey,Brown
41310,Casey,Smith
41311,Jordan,Johnson
41312,Alex,Brown
41313,Jordan,Brown
41314,Morgan,Johnson
41315,Taylor,Williams
41316,Casey,Johnson
41317,Taylor,Brown
41318,Taylor,Williams
41319,Morgan,Williams
41320,Alex,Brown
41321,Alex,Williams
41322,Taylor,Smith
41323,Alex,Brown
41324,Alex,Smith
41325,Morgan,Jones
41326,Jordan,Smith
41327,Alex,Johnson
41328,Morgan,Johnson
41329,Morgan,Smith
41330,Alex,Johnson
41331,Taylor,Williams
41332,Alex,Jones
41333,Alex,Brown
41334,Taylor,Williams
41335,Casey,Jones
41336,Casey,Smith
41337,Casey,Smith
41338,Casey,Smith
41339,Taylor,Jones
41340,Taylor,Johnson
41341,Jordan,Williams
41342,Alex,Williams
41343,Casey,Brown
41344,Morgan,Jones
41345,Alex,Jones
41346,Taylor,Smith
41347,Jordan,Brown
41348,Alex,Johnson
41349,Taylor,Johnson
41350,Alex,Jones
41351,Alex,Williams
41352,Taylor,Williams
41353,Taylor,Jones
41354,Alex,Jones
41355,Alex,Johnson
41356,Jordan,Johnson
41357,Morgan,Jones
41358,Jordan,Johnson
41359,Jordan,Jones
41360,Jordan,Smith
41361,Morgan,Smith
41362,Taylor,Brown
41363,Alex,Brown
41364,Morgan,Williams
41365,Taylor,Johnson
41366,Alex,Williams
41367,Morgan,Johnson
41368,Alex,Williams
41369,Jordan,Williams
41370,Alex,Johnson
41371,Alex,Johnson
41372,Morgan,Brown
41373,Morgan,Jones
41374,Casey,Johnson
41375,Casey,Smith
41376,Jordan,Williams
41377,Casey,Jones
41378,Taylor,Smith
41379,Casey,Jones
41380,Taylor,Jones
41381,Morgan,Johnson
41382,Morgan,Johnson
41383,Alex,Brown
41384,Morgan,Brown
41385,Taylor,Johnson
41386,Morgan,Johnson
41387,Casey,Williams
41388,Taylor,Smith
41389,Taylor,Johnson
41390,Casey,Jones
41391,Morgan,Johnson
41392,Alex,Smith
41393,Morgan,Jones
41394,Taylor,Jones
41395,Taylor,Smith
41396,Morgan,Smith
41397,Jordan,Jones
41398,Alex,Smith
41399,Morgan,Jones
41400,Taylor,Smith
41401,Morgan,Williams
41402,Morgan,Johnson
41403,Taylor,Johnson
41404,Alex,Johnson
41405,Casey,Johnson
41406,Morgan,Johnson
41407,Morgan,Johnson
41408,Casey,Jones
41409,Morgan,Smith
41410,Morgan,Johnson
41411,Jordan,Jones
41412,Jordan,Johnson
41413,Taylor,Johnson
41414,Casey,Brown
41415,Morgan,Brown
41416,Jordan,Jones
41417,Casey,Brown
41418,Casey,Smith
41419,Alex,Jones
41420,Alex,Jones
41421,Morgan,Smith
41422,Casey,Williams
41423,Casey,Jones
41424,Taylor,Smith
41425,Casey,Smith
41426,Casey,Jones
41427,Casey,Brown
41428,Taylor,Smith
41429,Alex,Jones
41430,Morgan,Williams
41431,Alex,Smith
41432,Taylor,Brown
41433,Morgan,Johnson
41434,Casey,Johnson
41435,Morgan,Johnson
41436,Taylor,Smith
41437,Alex,Smith
41438,Jordan,Johnson
41439,Taylor,Johnson
41440,Casey,Johnson
41441,Morgan,Brown
41442,Casey,Brown
41443,Jordan,Johnson
41444,Alex,Johnson
41445,Morgan,Smith
41446,Jordan,Smith
41447,Taylor,Johnson
41448,Alex,Williams
41449,Morgan,Williams
41450,Jordan,Smith
41451,Jordan,Smith
41452,Jordan,Williams
41453,Jordan,Smith
41454,Taylor,Smith
41455,Morgan,Jones
41456,Jordan,Williams
41457,Morgan,Smith
41458,Morgan,Brown
41459,Jordan,Williams
41460,Casey,Williams
41461,Alex,Williams
41462,Casey,Williams
41463,Casey,Williams
41464,Casey,Brown
41465,Jordan,Brown
41466,Casey,Johnson
41467,Alex,Jones
41468,Taylor,Williams
41469,Morgan,Johnson
41470,Taylor,Brown
41471,Morgan,Smith
41472,Morgan,Brown
41473,Alex,Johnson
41474,Morgan,Williams
41475,Taylor,Brown
41476,Morgan,Brown
41477,Taylor,Smith
41478,Casey,Johnson
41479,Morgan,Johnson
41480,Jordan,Johnson
41481,Morgan,Johnson
41482,Alex,Williams
41483,Jordan,Smith
41484,Morgan,Williams
41485,Casey,Williams
41486,Taylor,Smith
41487,Morgan,Smith
41488,Alex,Jones
41489,Alex,Brown
41490,Alex,Williams
41491,Jordan,Jones
41492,Jordan,Williams
41493,Taylor,Jones
41494,Alex,Smith
41495,Alex,Williams
41496,Taylor,Smith
41497,Taylor,Johnson
41498,Morgan,Smith
41499,Jordan,Smith
41500,Jordan,Smith
41501,Morgan,Jones
41502,Morgan,Johnson
41503,Alex,Brown
41504,Casey,Jones
41505,Jordan,Johnson
41506,Morgan,Jones
41507,Taylor,Williams
41508,Casey,Brown
41509,Alex,Williams
41510,Casey,Smith
41511,Alex,Jones
41512,Jordan,Williams
41513,Taylor,Williams
41514,Taylor,Brown
41515,Taylor,Smith
41516,Taylor,Johnson
41517,Alex,Williams
41518,Alex,Jones
41519,Morgan,Williams
41520,Taylor,Williams
41521,Alex,Williams
41522,Taylor,Williams
41523,Morgan,Brown
41524,Taylor,Johnson
41525,Morgan,Brown
41526,Casey,Johnson
41527,Morgan,Smith
41528,Taylor,Jones
41529,Alex,Williams
41530,Jordan,Jones
41531,Alex,Jones
41532,Morgan,Jones
41533,Taylor,Williams
41534,Morgan,Jones
41535,Taylor,Johnson
41536,Morgan,Johnson
41537,Casey,Jones
41538,Morgan,Smith
41539,Jordan,Jones
41540,Jordan,Smith
41541,Casey,Smith
41542,Taylor,Brown
41543,Jordan,Brown
41544,Jordan,Williams
41545,Taylor,Brown
41546,Jordan,Brown
41547,Taylor,Smith
41548,Morgan,Williams
41549,Morgan,Williams
41550,Jordan,Brown
41551,Taylor,Johnson
41552,Morgan,Johnson
41553,Morgan,Brown
41554,Jordan,Jones
41555,Jordan,Williams
41556,Alex,Williams
41557,Morgan,Jones
41558,Jordan,Brown
41559,Morgan,Johnson
41560,Jordan,Smith
41561,Alex,Johnson
41562,Alex,Williams
41563,Jordan,Williams
41564,Casey,Jones
41565,Alex,Jones
41566,Alex,Williams
41567,Casey,Smith
41568,Casey,Brown
41569,Taylor,Williams
41570,Morgan,Johnson
41571,Taylor,Smith
41572,Casey,Smith
41573,Casey,Brown
41574,Taylor,Jones
41575,Alex,Jones
41576,Taylor,Brown
41577,Alex,Smith
41578,Taylor,Brown
41579,Jordan,Johnson
41580,Alex,Smith
41581,Casey,Williams
41582,Alex,Brown
41583,Taylor,Jones
41584,Taylor,Smith
41585,Alex,Jones
41586,Morgan,Smith
41587,Taylor,Jones
41588,Alex,Smith
41589,Alex,Brown
41590,Casey,Johnson
41591,Jordan,Brown
41592,Taylor,Smith
41593,Morgan,Johnson
41594,Casey,Jones
41595,Jordan,Williams
41596,Casey,Williams
41597,Casey,Jones
41598,Casey,Jones
41599,Jordan,Brown
41600,Alex,Jones
41601,Taylor,Johnson
41602,Jordan,Jones
41603,Casey,Johnson
41604,Alex,Smith
41605,Taylor,Williams
41606,Morgan,Jones
41607,Jordan,Brown
41608,Casey,Williams
41609,Jordan,Smith
41610,Casey,Johnson
41611,Jordan,Brown
41612,Casey,Jones
41613,Alex,Smith
41614,Casey,Johnson
41615,Alex,Jones
41616,Morgan,Johnson
41617,Morgan,Jones
41618,Casey,Johnson
41619,Taylor,Brown
41620,Morgan,Jones
41621,Taylor,Brown
41622,Casey,Brown
41623,Morgan,Williams
41624,Jordan,Williams
41625,Jordan,Johnson
41626,Alex,Smith
41627,Jordan,Brown
41628,Alex,Williams
41629,Alex,Johnson
41630,Taylor,Jones
41631,Taylor,Williams
41632,Taylor,Jones
41633,Morgan,Williams
41634,Casey,Williams
41635,Casey,Williams
41636,Alex,Brown
41637,Taylor,Brown
41638,Jordan,Smith
41639,Morgan,Williams
41640,Taylor,Williams
41641,Morgan,Williams
41642,Morgan,Johnson
41643,Taylor,Jones
41644,Casey,Williams
41645,Alex,Smith
41646,Alex,Smith
41647,Casey,Williams
41648,Alex,Jones
41649,Morgan,Williams
41650,Casey,Smith
41651,Morgan,Jones
41652,Morgan,Williams
41653,Morgan,Brown
41654,Casey,Jones
41655,Morgan,Williams
41656,Alex,Brown
41657,Morgan,Johnson
41658,Jordan,Smith
41659,Alex,Johnson
41660,Morgan,Johnson
41661,Casey,Johnson
41662,Morgan,Williams
41663,Alex,Brown
41664,Taylor,Jones
41665,Casey,Brown
41666,Casey,Smith
41667,Casey,Brown
41668,Jordan,Jones
41669,Jordan,Williams
41670,Morgan,Smith
41671,Morgan,Smith
41672,Taylor,Williams
41673,Jordan,Johnson
41674,Alex,Jones
41675,Morgan,Jones
41676,Casey,Williams
41677,Morgan,Brown
41678,Jordan,Williams
41679,Morgan,Johnson
41680,Casey,Smith
41681,Morgan,Smith
41682,Casey,Brown
41683,Morgan,Brown
41684,Alex,Jones
41685,Jordan,Smith
41686,Casey,Johnson
41687,Alex,Brown
41688,Alex,Williams
41689,Morgan,Williams
41690,Jordan,Jones
41691,Casey,Smith
41692,Casey,Jones
41693,Morgan,Williams
41694,Jordan,Johnson
41695,Alex,Smith
41696,Alex,Williams
41697,Morgan,Johnson
41698,Alex,Williams
41699,Jordan,Jones
41700,Morgan,Johnson
41701,Taylor,Smith
41702,Jordan,Johnson
41703,Morgan,Williams
41704,Alex,Brown
41705,Taylor,Johnson
41706,Alex,Johnson
41707,Taylor,Johnson
41708,Alex,Jones
41709,Jordan,Williams
41710,Morgan,Williams
41711,Casey,Brown
41712,Morgan,Williams
41713,Casey,Williams
41714,Jordan,Johnson
41715,Casey,Johnson
41716,Morgan,Williams
41717,Casey,Brown
41718,Casey,Johnson
41719,Taylor,Brown
41720,Morgan,Brown
41721,Alex,Jones
41722,Morgan,Brown
41723,Alex,Smith
41724,Casey,Jones
41725,Alex,Williams
41726,Taylor,Smith
41727,Jordan,Johnson
41728,Jordan,Smith
41729,Jordan,Jones
41730,Jordan,Johnson
41731,Morgan,Jones
41732,Casey,Williams
41733,Morgan,Jones
41734,Morgan,Smith
41735,Jordan,Jones
41736,Morgan,Jones
41737,Jordan,Smith
41738,Jordan,Johnson
41739,Taylor,Smith
41740,Casey,Jones
41741,Jordan,Smith
41742,Jordan,Johnson
41743,Casey,Williams
41744,Alex,Jones
41745,Alex,Jones
41746,Morgan,Brown
41747,Jordan,Johnson
41748,Alex,Johnson
41749,Morgan,Smith
41750,Morgan,Johnson
41751,Taylor,Brown
41752,Casey,Brown
41753,Casey,Jones
41754,Morgan,Brown
41755,Morgan,Johnson
41756,Morgan,Smith
41757,Jordan,Brown
41758,Casey,Williams
41759,Jordan,Williams
41760,Jordan,Johnson
41761,Morgan,Brown
41762,Casey,Johnson
41763,Jordan,Brown
41764,Casey,Jones
41765,Jordan,Jones
41766,Casey,Smith
41767,Taylor,Johnson
41768,Morgan,Williams
41769,Jordan,Jones
41770,Jordan,Johnson
41771,Morgan,Brown
41772,Jordan,Williams
41773,Casey,Smith
41774,Jordan,Johnson
41775,Casey,Smith
41776,Morgan,Johnson
41777,Morgan,Johnson
41778,Casey,Johnson
41779,Alex,Jones
41780,Jordan,Smith
41781,Alex,Johnson
41782,Casey,Brown
41783,Casey,Brown
41784,Casey,Smith
41785,Taylor,Johnson
41786,Jordan,Jones
41787,Taylor,Jones
41788,Taylor,Jones
41789,Jordan,Jones
41790,Morgan,Johnson
41791,Alex,Brown
41792,Morgan,Williams
41793,Morgan,Jones
41794,Jordan,Jones
41795,Casey,Brown
41796,Taylor,Smith
41797,Alex,Johnson
41798,Casey,Smith
41799,Casey,Williams
41800,Morgan,Johnson
41801,Casey,Johnson
41802,Alex,Brown
41803,Jordan,Jones
41804,Morgan,Williams
41805,Jordan,Smith
41806,Casey,Smith
41807,Morgan,Jones
41808,Morgan,Brown
41809,Alex,Smith
41810,Alex,Williams
41811,Taylor,Johnson
41812,Jordan,Smith
41813,Morgan,Johnson
41814,Casey,Johnson
41815,Casey,Smith
41816,Morgan,Brown
41817,Casey,Smith
41818,Jordan,Williams
41819,Casey,Brown
41820,Taylor,Williams
41821,Jordan,Johnson
41822,Casey,Jones
41823,Casey,Johnson
41824,Jordan,Smith
41825,Morgan,Williams
41826,Alex,Smith
41827,Alex,Brown
41828,Jordan,Jones
41829,Alex,Jones
41830,Casey,Brown
41831,Casey,Williams
41832,Jordan,Brown
41833,Casey,Brown
41834,Jordan,Smith
41835,Alex,Brown
41836,Alex,Smith
41837,Taylor,Williams
41838,Casey,Jones
41839,Morgan,Johnson
41840,Morgan,Johnson
41841,Jordan,Smith
41842,Morgan,Jones
41843,Casey,Jones
41844,Jordan,Brown
41845,Morgan,Johnson
41846,Morgan,Jones
41847,Alex,Smith
41848,Taylor,Williams
41849,Casey,Johnson
41850,Casey,Williams
41851,Alex,Smith
41852,Casey,Smith
41853,Jordan,Jones
41854,Taylor,Brown
41855,Morgan,Jones
41856,Jordan,Johnson
41857,Jordan,Jones
41858,Jordan,Jones
41859,Taylor,Smith
41860,Jordan,Johnson
41861,Morgan,Brown
41862,Morgan,Jones
41863,Morgan,Johnson
41864,Alex,Williams
41865,Morgan,Smith
41866,Taylor,Smith
41867,Alex,Jones
41868,Alex,Williams
41869,Taylor,Williams
41870,Casey,Williams
41871,Casey,Johnson
41872,Taylor,Williams
41873,Taylor,Smith
41874,Casey,Williams
41875,Casey,Williams
41876,Alex,Brown
41877,Jordan,Brown
41878,Alex,Johnson
41879,Taylor,Williams
41880,Casey,Williams
41881,Taylor,Williams
41882,Casey,Brown
41883,Morgan,Smith
41884,Alex,Jones
41885,Taylor,Johnson
41886,Morgan,Williams
41887,Taylor,Smith
41888,Jordan,Johnson
41889,Casey,Williams
41890,Taylor,Brown
41891,Morgan,Johnson
41892,Taylor,Johnson
41893,Taylor,Johnson
41894,Morgan,Johnson
41895,Jordan,Brown
41896,Taylor,Jones
41897,Morgan,Williams
41898,Alex,Smith
41899,Taylor,Brown
41900,Taylor,Williams
41901,Jordan,Smith
41902,Casey,Johnson
41903,Casey,Jones
41904,Alex,Jones
41905,Taylor,Brown
41906,Taylor,Brown
41907,Casey,Johnson
41908,Morgan,Jones
41909,Morgan,Smith
41910,Casey,Brown
41911,Casey,Jones
41912,Alex,Johnson
41913,Morgan,Brown
41914,Morgan,Williams
41915,Casey,Johnson
41916,Taylor,Smith
41917,Taylor,Brown
41918,Taylor,Brown
41919,Morgan,Williams
41920,Alex,Brown
41921,Taylor,Smith
41922,Casey,Brown
41923,Alex,Jones
41924,Taylor,Johnson
41925,Casey,Williams
41926,Morgan,Brown
41927,Alex,Williams
41928,Casey,Jones
41929,Morgan,Johnson
41930,Casey,Williams
41931,Jordan,Smith
41932,Morgan,Smith
41933,Alex,Brown
41934,Casey,Smith
41935,Taylor,Johnson
41936,Morgan,Williams
41937,Alex,Jones
41938,Alex,Williams
41939,Alex,Johnson
41940,Morgan,Smith
41941,Morgan,Johnson
41942,Taylor,Williams
41943,Alex,Brown
41944,Jordan,Smith
41945,Morgan,Jones
41946,Alex,Johnson
41947,Alex,Brown
41948,Casey,Williams
41949,Morgan,Smith
41950,Casey,Williams
41951,Morgan,Smith
41952,Morgan,Williams
41953,Casey,Johnson
41954,Morgan,Jones
41955,Casey,Williams
41956,Jordan,Johnson
41957,Alex,Smith
41958,Morgan,Brown
41959,Morgan,Smith
41960,Morgan,Brown
41961,Alex,Johnson
41962,Jordan,Brown
41963,Alex,Williams
41964,Morgan,Johnson
41965,Casey,Williams
41966,Jordan,Smith
41967,Jordan,Smith
41968,Alex,Brown
41969,Taylor,Smith
41970,Alex,Smith
41971,Morgan,Smith
41972,Taylor,Smith
41973,Casey,Brown
41974,Jordan,Jones
41975,Jordan,Smith
41976,Jordan,Jones
41977,Morgan,Smith
41978,Alex,Jones
41979,Alex,Johnson
41980,Jordan,Johnson
41981,Morgan,Brown
41982,Alex,Smith
41983,Alex,Williams
41984,Alex,Jones
41985,Morgan,Jones
41986,Jordan,Williams
41987,Jordan,Jones
41988,Casey,Williams
41989,Taylor,Brown
41990,Jordan,Brown
41991,Morgan,Brown
41992,Taylor,Williams
41993,Taylor,Brown
41994,Jordan,Jones
41995,Casey,Jones
41996,Alex,Johnson
41997,Jordan,Smith
41998,Alex,Williams
41999,Casey,Williams
42000,Jordan,Brown
42001,Jordan,Williams
42002,Alex,Johnson
42003,Alex,Jones
42004,Jordan,Johnson
42005,Alex,Smith
42006,Morgan,Johnson
42007,Taylor,Smith
42008,Morgan,Jones
42009,Casey,Jones
42010,Alex,Jones
42011,Alex,Brown
42012,Taylor,Johnson
42013,Casey,Smith
42014,Alex,Williams
42015,Casey,Smith
42016,Casey,Smith
42017,Morgan,Johnson
42018,Casey,Jones
42019,Alex,Smith
42020,Taylor,Jones
42021,Alex,Jones
42022,Morgan,Jones
42023,Alex,Williams
42024,Morgan,Johnson
42025,Alex,Smith
42026,Jordan,Jones
42027,Alex,Williams
42028,Taylor,Jones
42029,Alex,Brown
42030,Alex,Brown
42031,Taylor,Brown
42032,Taylor,Smith
42033,Alex,Smith
42034,Morgan,Williams
42035,Morgan,Brown
42036,Alex,Smith
42037,Jordan,Williams
42038,Morgan,Williams
42039,Morgan,Brown
42040,Morgan,Johnson
42041,Alex,Smith
42042,Jordan,Brown
42043,Jordan,Johnson
42044,Jordan,Jones
42045,Casey,Smith
42046,Casey,Johnson
42047,Casey,Smith
42048,Taylor,Johnson
42049,Morgan,Jones
42050,Casey,Brown
42051,Alex,Johnson
42052,Morgan,Williams
42053,Alex,Smith
42054,Casey,Williams
42055,Morgan,Williams
42056,Alex,Smith
42057,Morgan,Jones
42058,Jordan,Williams
42059,Morgan,Williams
42060,Taylor,Williams
42061,Morgan,Smith
42062,Casey,Smith
42063,Morgan,Jones
42064,Jordan,Johnson
42065,Alex,Williams
42066,Morgan,Johnson
42067,Jordan,Jones
42068,Casey,Jones
42069,Casey,Smith
42070,Jordan,Brown
42071,Casey,Williams
42072,Jordan,Jones
42073,Casey,Brown
42074,Casey,Jones
42075,Casey,Williams
42076,Casey,Smith
42077,Taylor,Jones
42078,Morgan,Jones
42079,Taylor,Johnson
42080,Alex,Jones
42081,Alex,Jones
42082,Casey,Johnson
42083,Taylor,Smith
42084,Casey,Smith
42085,Alex,Williams
42086,Alex,Williams
42087,Jordan,Brown
42088,Alex,Smith
42089,Morgan,Brown
42090,Taylor,Johnson
42091,Casey,Williams
42092,Casey,Jones
42093,Taylor,Jones
42094,Taylor,Brown
42095,Casey,Smith
42096,Taylor,Jones
42097,Casey,Johnson
42098,Morgan,Brown
42099,Alex,Johnson
42100,Jordan,Johnson
42101,Jordan,Jones
42102,Taylor,Williams
42103,Casey,Brown
42104,Taylor,Brown
42105,Alex,Smith
42106,Jordan,Johnson
42107,Casey,Smith
42108,Alex,Jones
42109,Taylor,Williams
42110,Taylor,Jones
42111,Casey,Brown
42112,Casey,Johnson
42113,Casey,Smith
42114,Morgan,Johnson
42115,Jordan,Johnson
42116,Alex,Brown
42117,Taylor,Johnson
42118,Casey,Johnson
42119,Taylor,Williams
42120,Taylor,Johnson
42121,Morgan,Brown
42122,Jordan,Jones
42123,Taylor,Brown
42124,Alex,Jones
42125,Morgan,Brown
42126,Alex,Brown
42127,Morgan,Williams
42128,Alex,Johnson
42129,Jordan,Brown
42130,Alex,Jones
42131,Casey,Smith
42132,Jordan,Jones
42133,Casey,Williams
42134,Alex,Williams
42135,Casey,Smith
42136,Morgan,Williams
42137,Jordan,Williams
42138,Taylor,Jones
42139,Jordan,Brown
42140,Alex,Brown
42141,Morgan,Jones
42142,Jordan,Williams
42143,Jordan,Jones
42144,Taylor,Brown
42145,Morgan,Smith
42146,Alex,Johnson
42147,Taylor,Johnson
42148,Alex,Brown
42149,Jordan,Johnson
42150,Taylor,Williams
42151,Casey,Jones
42152,Morgan,Johnson
42153,Taylor,Johnson
42154,Casey,Smith
42155,Morgan,Williams
42156,Taylor,Jones
42157,Morgan,Johnson
42158,Jordan,Smith
42159,Alex,Williams
42160,Alex,Johnson
42161,Jordan,Johnson
42162,Casey,Jones
42163,Alex,Williams
42164,Jordan,Williams
42165,Alex,Brown
42166,Morgan,Williams
42167,Morgan,Jones
42168,Casey,Williams
42169,Morgan,Brown
42170,Casey,Williams
42171,Jordan,Williams
42172,Casey,Williams
42173,Taylor,Williams
42174,Alex,Jones
42175,Alex,Johnson
42176,Morgan,Williams
42177,Jordan,Jones
42178,Jordan,Johnson
42179,Jordan,Williams
42180,Casey,Johnson
42181,Casey,Johnson
42182,Casey,Johnson
42183,Taylor,Williams
42184,Morgan,Smith
42185,Jordan,Brown
42186,Morgan,Jones
42187,Jordan,Smith
42188,Morgan,Johnson
42189,Jordan,Jones
42190,Casey,Brown
42191,Casey,Williams
42192,Morgan,Brown
42193,Alex,Smith
42194,Morgan,Brown
42195,Casey,Johnson
42196,Taylor,Jones
42197,Taylor,Brown
42198,Morgan,Williams
42199,Taylor,Brown
42200,Jordan,Smith
42201,Alex,Brown
42202,Casey,Johnson
42203,Casey,Johnson
42204,Jordan,Johnson
42205,Alex,Smith
42206,Taylor,Jones
42207,Jordan,Smith
42208,Alex,Brown
42209,Alex,Jones
42210,Taylor,Johnson
42211,Casey,Jones
42212,Alex,Brown
42213,Taylor,Johnson
42214,Morgan,Johnson
42215,Taylor,Smith
42216,Casey,Brown
42217,Casey,Smith
42218,Jordan,Jones
42219,Jordan,Johnson
42220,Morgan,Williams
42221,Taylor,Brown
42222,Taylor,Brown
42223,Jordan,Williams
42224,Alex,Smith
42225,Alex,Johnson
42226,Alex,Williams
42227,Casey,Brown
42228,Alex,Brown
42229,Taylor,Brown
42230,Alex,Jones
42231,Casey,Johnson
42232,Morgan,Jones
42233,Taylor,Brown
42234,Taylor,Smith
42235,Alex,Smith
42236,Taylor,Jones
42237,Jordan,Smith
42238,Morgan,Johnson
42239,Taylor,Brown
42240,Casey,Jones
42241,Jordan,Jones
42242,Taylor,Johnson
42243,Casey,Jones
42244,Alex,Brown
42245,Morgan,Brown
42246,Taylor,Smith
42247,Alex,Jones
42248,Jordan,Williams
42249,Taylor,Williams
42250,Alex,Johnson
42251,Jordan,Williams
42252,Casey,Brown
42253,Alex,Williams
42254,Jordan,Brown
42255,Taylor,Jones
42256,Jordan,Brown
42257,Morgan,Jones
42258,Taylor,Williams
42259,Morgan,Jones
42260,Jordan,Williams
42261,Taylor,Williams
42262,Casey,Williams
42263,Morgan,Jones
42264,Taylor,Jones
42265,Taylor,Smith
42266,Jordan,Brown
42267,Casey,Johnson
42268,Alex,Johnson
42269,Jordan,Johnson
42270,Jordan,Johnson
42271,Taylor,Jones
42272,Morgan,Jones
42273,Morgan,Jones
42274,Taylor,Johnson
42275,Alex,Smith
42276,Morgan,Jones
42277,Alex,Brown
42278,Morgan,Johnson
42279,Morgan,Williams
42280,Taylor,Smith
42281,Casey,Brown
42282,Casey,Johnson
42283,Taylor,Williams
42284,Taylor,Smith
42285,Morgan,Johnson
42286,Casey,Johnson
42287,Casey,Smith
42288,Morgan,Smith
42289,Casey,Johnson
42290,Alex,Smith
42291,Morgan,Williams
42292,Alex,Smith
42293,Morgan,Jones
42294,Casey,Brown
42295,Taylor,Jones
42296,Morgan,Johnson
42297,Morgan,Brown
42298,Taylor,Smith
42299,Casey,Smith
42300,Taylor,Jones
42301,Alex,Williams
42302,Taylor,Brown
42303,Taylor,Jones
42304,Taylor,Jones
42305,Jordan,Williams
42306,Morgan,Williams
42307,Morgan,Brown
42308,Taylor,Brown
42309,Casey,Williams
42310,Taylor,Johnson
42311,Alex,Williams
42312,Alex,Jones
42313,Alex,Smith
42314,Alex,Brown
42315,Alex,Brown
42316,Casey,Smith
42317,Taylor,Smith
42318,Alex,Williams
42319,Casey,Williams
42320,Morgan,Williams
42321,Jordan,Smith
42322,Taylor,Smith
42323,Morgan,Johnson
42324,Jordan,Johnson
42325,Alex,Johnson
42326,Jordan,Johnson
42327,Jordan,Williams
42328,Jordan,Williams
42329,Jordan,Williams
42330,Alex,Johnson
42331,Jordan,Johnson
42332,Casey,Smith
42333,Jordan,Johnson
42334,Casey,Williams
42335,Casey,Johnson
42336,Casey,Jones
42337,Taylor,Williams
42338,Alex,Jones
42339,Alex,Jones
42340,Morgan,Smith
42341,Casey,Brown
42342,Morgan,Johnson
42343,Taylor,Jones
42344,Jordan,Williams
42345,Morgan,Williams
42346,Morgan,Williams
42347,Taylor,Jones
42348,Taylor,Smith
42349,Casey,Brown
42350,Casey,Smith
42351,Taylor,Smith
42352,Alex,Williams
42353,Taylor,Brown
42354,Jordan,Johnson
42355,Taylor,Smith
42356,Taylor,Smith
42357,Taylor,Smith
42358,Alex,Williams
42359,Taylor,Williams
42360,Jordan,Jones
42361,Jordan,Johnson
42362,Casey,Williams
42363,Casey,Brown
42364,Jordan,Johnson
42365,Morgan,Brown
42366,Alex,Williams
42367,Casey,Jones
42368,Jordan,Smith
42369,Morgan,Brown
42370,Morgan,Brown
42371,Alex,Williams
42372,Morgan,Smith
42373,Casey,Johnson
42374,Alex,Brown
42375,Taylor,Brown
42376,Morgan,Jones
42377,Taylor,Brown
42378,Morgan,Johnson
42379,Taylor,Smith
42380,Taylor,Smith
42381,Taylor,Smith
42382,Casey,Williams
42383,Taylor,Jones
42384,Alex,Williams
42385,Jordan,Williams
42386,Taylor,Brown
42387,Casey,Brown
42388,Casey,Williams
42389,Casey,Johnson
42390,Alex,Brown
42391,Alex,Jones
42392,Casey,Jones
42393,Taylor,Williams
42394,Taylor,Johnson
42395,Alex,Smith
42396,Alex,Smith
42397,Jordan,Smith
42398,Taylor,Jones
42399,Taylor,Jones
42400,Taylor,Jones
42401,Casey,Williams
42402,Casey,Johnson
42403,Alex,Williams
42404,Casey,Williams
42405,Taylor,Williams
42406,Morgan,Brown
42407,Morgan,Brown
42408,Casey,Smith
42409,Morgan,Williams
42410,Alex,Jones
42411,Morgan,Smith
42412,Morgan,Smith
42413,Alex,Brown
42414,Casey,Williams
42415,Taylor,Williams
42416,Taylor,Johnson
42417,Jordan,Johnson
42418,Jordan,Brown
42419,Jordan,Williams
42420,Alex,Johnson
42421,Jordan,Smith
42422,Morgan,Smith
42423,Taylor,Brown
42424,Jordan,Smith
42425,Jordan,Johnson
42426,Jordan,Smith
42427,Taylor,Smith
42428,Casey,Williams
42429,Morgan,Williams
42430,Taylor,Smith
42431,Alex,Jones
42432,Casey,Smith
42433,Alex,Williams
42434,Morgan,Smith
42435,Jordan,Jones
42436,Casey,Williams
42437,Morgan,Smith
42438,Jordan,Smith
42439,Casey,Johnson
42440,Taylor,Jones
42441,Taylor,Brown
42442,Alex,Smith
42443,Morgan,Smith
42444,Jordan,Jones
42445,Morgan,Johnson
42446,Alex,Jones
42447,Alex,Williams
42448,Jordan,Brown
42449,Morgan,Williams
42450,Taylor,Brown
42451,Casey,Williams
42452,Alex,Johnson
42453,Taylor,Jones
42454,Jordan,Smith
42455,Alex,Johnson
42456,Jordan,Johnson
42457,Alex,Johnson
42458,Casey,Jones
42459,Casey,Smith
42460,Morgan,Brown
42461,Taylor,Brown
42462,Jordan,Jones
42463,Taylor,Williams
42464,Jordan,Brown
42465,Alex,Johnson
42466,Casey,Williams
42467,Alex,Jones
42468,Morgan,Williams
42469,Morgan,Johnson
42470,Casey,Smith
42471,Alex,Williams
42472,Jordan,Brown
42473,Taylor,Jones
42474,Jordan,Smith
42475,Alex,Brown
42476,Alex,Brown
42477,Morgan,Williams
42478,Taylor,Johnson
42479,Casey,Jones
42480,Casey,Brown
42481,Alex,Williams
42482,Taylor,Jones
42483,Casey,Johnson
42484,Taylor,Smith
42485,Casey,Smith
42486,Taylor,Johnson
42487,Morgan,Smith
42488,Alex,Williams
42489,Morgan,Smith
42490,Alex,Johnson
42491,Jordan,Brown
42492,Casey,Johnson
42493,Casey,Johnson
42494,Taylor,Brown
42495,Morgan,Jones
42496,Casey,Johnson
42497,Taylor,Johnson
42498,Morgan,Jones
42499,Morgan,Williams
42500,Casey,Smith
42501,Casey,Smith
42502,Alex,Jones
42503,Taylor,Smith
42504,Alex,Johnson
42505,Jordan,Smith
42506,Taylor,Smith
42507,Casey,Smith
42508,Morgan,Jones
42509,Alex,Williams
42510,Morgan,Williams
42511,Alex,Smith
42512,Morgan,Jones
42513,Casey,Johnson
42514,Jordan,Brown
42515,Casey,Johnson
42516,Morgan,Johnson
42517,Alex,Williams
42518,Taylor,Smith
42519,Jordan,Brown
42520,Morgan,Smith
42521,Morgan,Williams
42522,Morgan,Williams
42523,Casey,Smith
42524,Jordan,Smith
42525,Casey,Johnson
42526,Morgan,Johnson
42527,Taylor,Williams
42528,Taylor,Williams
42529,Alex,Johnson
42530,Casey,Williams
42531,Jordan,Williams
42532,Casey,Brown
42533,Morgan,Smith
42534,Jordan,Jones
42535,Morgan,Williams
42536,Morgan,Smith
42537,Alex,Smith
42538,Casey,Johnson
42539,Alex,Brown
42540,Taylor,Smith
42541,Morgan,Smith
42542,Casey,Johnson
42543,Morgan,Smith
42544,Casey,Jones
42545,Taylor,Brown
42546,Taylor,Williams
42547,Casey,Brown
42548,Casey,Johnson
42549,Taylor,Brown
42550,Taylor,Williams
42551,Taylor,Brown
42552,Alex,Brown
42553,Casey,Johnson
42554,Alex,Williams
42555,Casey,Williams
42556,Alex,Jones
42557,Taylor,Brown
42558,Casey,Brown
42559,Taylor,Brown
42560,Jordan,Jones
42561,Alex,Brown
42562,Taylor,Johnson
42563,Jordan,Smith
42564,Alex,Johnson
42565,Jordan,Jones
42566,Jordan,Jones
42567,Taylor,Jones
42568,Jordan,Brown
42569,Jordan,Jones
42570,Taylor,Jones
42571,Casey,Jones
42572,Casey,Brown
42573,Casey,Smith
42574,Casey,Smith
42575,Morgan,Brown
42576,Casey,Smith
42577,Casey,Williams
42578,Casey,Johnson
42579,Casey,Smith
42580,Alex,Williams
42581,Casey,Johnson
42582,Alex,Johnson
42583,Morgan,Smith
42584,Casey,Williams
42585,Alex,Williams
42586,Morgan,Jones
42587,Casey,Jones
42588,Alex,Brown
42589,Casey,Brown
42590,Jordan,Brown
42591,Alex,Jones
42592,Jordan,Johnson
42593,Casey,Jones
42594,Casey,Johnson
42595,Alex,Johnson
42596,Alex,Brown
42597,Taylor,Williams
42598,Casey,Jones
42599,Jordan,Johnson
42600,Morgan,Johnson
42601,Alex,Brown
42602,Alex,Johnson
42603,Alex,Smith
42604,Taylor,Johnson
42605,Alex,Smith
42606,Jordan,Johnson
42607,Alex,Johnson
42608,Alex,Brown
42609,Taylor,Williams
42610,Taylor,Williams
42611,Jordan,Williams
42612,Morgan,Brown
42613,Casey,Brown
42614,Taylor,Jones
42615,Casey,Johnson
42616,Taylor,Smith
42617,Morgan,Jones
42618,Morgan,Brown
42619,Jordan,Smith
42620,Taylor,Brown
42621,Taylor,Brown
42622,Jordan,Williams
42623,Casey,Brown
42624,Alex,Brown
42625,Morgan,Brown
42626,Jordan,Brown
42627,Taylor,Jones
42628,Alex,Brown
42629,Casey,Johnson
42630,Alex,Smith
42631,Casey,Johnson
42632,Jordan,Williams
42633,Morgan,Johnson
42634,Morgan,Williams
42635,Jordan,Williams
42636,Jordan,Williams
42637,Taylor,Jones
42638,Taylor,Williams
42639,Jordan,Smith
42640,Morgan,Smith
42641,Morgan,Johnson
42642,Taylor,Jones
42643,Morgan,Smith
42644,Alex,Brown
42645,Alex,Johnson
42646,Morgan,Johnson
42647,Taylor,Brown
42648,Alex,Brown
42649,Casey,Williams
42650,Alex,Johnson
42651,Alex,Brown
42652,Jordan,Jones
42653,Jordan,Brown
42654,Jordan,Smith
42655,Jordan,Smith
42656,Alex,Johnson
42657,Jordan,Smith
42658,Taylor,Johnson
42659,Taylor,Brown
42660,Jordan,Johnson
42661,Taylor,Williams
42662,Morgan,Jones
42663,Morgan,Williams
42664,Casey,Smith
42665,Taylor,Williams
42666,Alex,Williams
42667,Casey,Brown
42668,Jordan,Smith
42669,Casey,Brown
42670,Morgan,Johnson
42671,Casey,Smith
42672,Alex,Brown
42673,Morgan,Jones
42674,Taylor,Jones
42675,Taylor,Brown
42676,Morgan,Brown
42677,Alex,Williams
42678,Alex,Smith
42679,Casey,Smith
42680,Jordan,Johnson
42681,Morgan,Smith
42682,Taylor,Johnson
42683,Casey,Smith
42684,Jordan,Smith
42685,Jordan,Jones
42686,Casey,Jones
42687,Jordan,Smith
42688,Jordan,Brown
42689,Alex,Williams
42690,Jordan,Jones
42691,Jordan,Smith
42692,Casey,Jones
42693,Morgan,Smith
42694,Alex,Williams
42695,Casey,Williams
42696,Taylor,Johnson
42697,Taylor,Smith
42698,Alex,Johnson
42699,Taylor,Jones
42700,Taylor,Jones
42701,Taylor,Johnson
42702,Alex,Brown
42703,Jordan,Jones
42704,Alex,Williams
42705,Morgan,Jones
42706,Taylor,Johnson
42707,Taylor,Jones
42708,Taylor,Williams
42709,Casey,Smith
42710,Casey,Johnson
42711,Jordan,Brown
42712,Jordan,Johnson
42713,Jordan,Jones
42714,Morgan,Williams
42715,Casey,Brown
42716,Morgan,Jones
42717,Jordan,Johnson
42718,Morgan,Brown
42719,Alex,Jones
42720,Morgan,Smith
42721,Jordan,Johnson
42722,Jordan,Johnson
42723,Alex,Johnson
42724,Morgan,Smith
42725,Morgan,Smith
42726,Alex,Brown
42727,Taylor,Johnson
42728,Casey,Johnson
42729,Jordan,Brown
42730,Casey,Jones
42731,Jordan,Brown
42732,Taylor,Smith
42733,Morgan,Williams
42734,Taylor,Brown
42735,Taylor,Jones
42736,Casey,Brown
42737,Taylor,Jones
42738,Morgan,Smith
42739,Morgan,Smith
42740,Alex,Johnson
42741,Taylor,Johnson
42742,Alex,Smith
42743,Jordan,Williams
42744,Casey,Smith
42745,Morgan,Williams
42746,Casey,Jones
42747,Jordan,Jones
42748,Taylor,Smith
42749,Jordan,Smith
42750,Jordan,Brown
42751,Morgan,Jones
42752,Jordan,Smith
42753,Casey,Brown
42754,Alex,Jones
42755,Jordan,Williams
42756,Taylor,Williams
42757,Morgan,Jones
42758,Casey,Brown
42759,Morgan,Jones
42760,Taylor,Williams
42761,Alex,Williams
42762,Jordan,Williams
42763,Casey,Williams
42764,Morgan,Johnson
42765,Jordan,Williams
42766,Alex,Williams
42767,Casey,Jones
42768,Casey,Jones
42769,Taylor,Jones
42770,Morgan,Smith
42771,Morgan,Brown
42772,Taylor,Johnson
42773,Morgan,Williams
42774,Casey,Brown
42775,Taylor,Johnson
42776,Jordan,Johnson
42777,Casey,Johnson
42778,Morgan,Williams
42779,Morgan,Smith
42780,Casey,Jones
42781,Jordan,Johnson
42782,Jordan,Johnson
42783,Jordan,Williams
42784,Jordan,Williams
42785,Alex,Jones
42786,Casey,Williams
42787,Alex,Jones
42788,Alex,Johnson
42789,Jordan,Smith
42790,Taylor,Smith
42791,Taylor,Williams
42792,Taylor,Jones
42793,Jordan,Smith
42794,Morgan,Jones
42795,Alex,Brown
42796,Casey,Jones
42797,Morgan,Williams
42798,Casey,Brown
42799,Jordan,Smith
42800,Jordan,Johnson
42801,Alex,Smith
42802,Alex,Smith
42803,Morgan,Williams
42804,Jordan,Jones
42805,Casey,Johnson
42806,Jordan,Smith
42807,Taylor,Jones
42808,Morgan,Smith
42809,Morgan,Jones
42810,Casey,Williams
42811,Taylor,Smith
42812,Alex,Brown
42813,Morgan,Smith
42814,Taylor,Jones
42815,Casey,Williams
42816,Casey,Smith
42817,Alex,Jones
42818,Alex,Johnson
42819,Alex,Jones
42820,Jordan,Brown
42821,Casey,Brown
42822,Morgan,Jones
42823,Jordan,Smith
42824,Morgan,Jones
42825,Taylor,Williams
42826,Taylor,Johnson
42827,Casey,Smith
42828,Alex,Jones
42829,Taylor,Smith
42830,Casey,Brown
42831,Taylor,Jones
42832,Taylor,Smith
42833,Jordan,Smith
42834,Alex,Williams
42835,Jordan,Smith
42836,Morgan,Johnson
42837,Casey,Brown
42838,Jordan,Johnson
42839,Jordan,Brown
42840,Taylor,Smith
42841,Alex,Smith
42842,Taylor,Johnson
42843,Jordan,Jones
42844,Casey,Johnson
42845,Alex,Williams
42846,Casey,Smith
42847,Alex,Williams
42848,Taylor,Williams
42849,Morgan,Johnson
42850,Jordan,Williams
42851,Jordan,Williams
42852,Jordan,Brown
42853,Casey,Jones
42854,Taylor,Williams
42855,Taylor,Jones
42856,Alex,Johnson
42857,Casey,Jones
42858,Morgan,Smith
42859,Casey,Brown
42860,Alex,Jones
42861,Taylor,Johnson
42862,Alex,Williams
42863,Casey,Smith
42864,Casey,Jones
42865,Morgan,Jones
42866,Jordan,Smith
42867,Alex,Brown
42868,Jordan,Smith
42869,Jordan,Johnson
42870,Casey,Smith
42871,Alex,Johnson
42872,Taylor,Jones
42873,Morgan,Smith
42874,Alex,Brown
42875,Morgan,Johnson
42876,Taylor,Williams
42877,Casey,Johnson
42878,Alex,Williams
42879,Casey,Smith
42880,Taylor,Brown
42881,Casey,Jones
42882,Casey,Smith
42883,Casey,Jones
42884,Alex,Smith
42885,Casey,Smith
42886,Morgan,Smith
42887,Jordan,Brown
42888,Alex,Smith
42889,Taylor,Johnson
42890,Alex,Jones
42891,Taylor,Johnson
42892,Alex,Jones
42893,Alex,Williams
42894,Casey,Brown
42895,Jordan,Johnson
42896,Alex,Smith
42897,Alex,Brown
42898,Morgan,Smith
42899,Jordan,Williams
42900,Casey,Brown
42901,Jordan,Jones
42902,Casey,Jones
42903,Taylor,Smith
42904,Jordan,Jones
42905,Morgan,Jones
42906,Casey,Smith
42907,Morgan,Smith
42908,Morgan,Jones
42909,Alex,Jones
42910,Taylor,Jones
42911,Alex,Williams
42912,Jordan,Williams
42913,Alex,Johnson
42914,Casey,Brown
42915,Casey,Johnson
42916,Casey,Brown
42917,Alex,Johnson
42918,Casey,Smith
42919,Morgan,Brown
42920,Jordan,Smith
42921,Casey,Williams
42922,Jordan,Williams
42923,Jordan,Jones
42924,Jordan,Smith
42925,Morgan,Jones
42926,Alex,Smith
42927,Taylor,Williams
42928,Morgan,Johnson
42929,Jordan,Jones
42930,Jordan,Smith
42931,Jordan,Brown
42932,Casey,Williams
42933,Alex,Williams
42934,Casey,Brown
42935,Taylor,Brown
42936,Alex,Williams
42937,Morgan,Jones
42938,Taylor,Jones
42939,Taylor,Jones
42940,Taylor,Johnson
42941,Casey,Williams
42942,Taylor,Jones
42943,Morgan,Brown
42944,Jordan,Williams
42945,Alex,Williams
42946,Alex,Smith
42947,Jordan,Williams
42948,Casey,Johnson
42949,Jordan,Williams
42950,Jordan,Jones
42951,Jordan,Jones
42952,Casey,Williams
42953,Jordan,Jones
42954,Alex,Jones
42955,Alex,Williams
42956,Alex,Jones
42957,Alex,Brown
42958,Jordan,Jones
42959,Morgan,Johnson
42960,Morgan,Brown
42961,Taylor,Jones
42962,Casey,Smith
42963,Jordan,Smith
42964,Casey,Brown
42965,Casey,Johnson
42966,Morgan,Smith
42967,Jordan,Williams
42968,Morgan,Johnson
42969,Morgan,Smith
42970,Morgan,Johnson
42971,Casey,Jones
42972,Jordan,Williams
42973,Morgan,Johnson
42974,Jordan,Jones
42975,Taylor,Brown
42976,Jordan,Jones
42977,Jordan,Jones
42978,Morgan,Williams
42979,Alex,Brown
42980,Casey,Brown
42981,Casey,Williams
42982,Morgan,Jones
42983,Alex,Jones
42984,Taylor,Brown
42985,Jordan,Williams
42986,Alex,Smith
42987,Casey,Williams
42988,Taylor,Johnson
42989,Casey,Johnson
42990,Alex,Jones
42991,Morgan,Jones
42992,Taylor,Brown
42993,Jordan,Johnson
42994,Jordan,Smith
42995,Morgan,Williams
42996,Casey,Jones
42997,Jordan,Williams
42998,Taylor,Williams
42999,Alex,Jones
43000,Morgan,Brown
43001,Alex,Jones
43002,Alex,Brown
43003,Casey,Smith
43004,Jordan,Johnson
43005,Alex,Brown
43006,Alex,Jones
43007,Taylor,Jones
43008,Jordan,Brown
43009,Morgan,Johnson
43010,Morgan,Williams
43011,Alex,Jones
43012,Alex,Johnson
43013,Taylor,Williams
43014,Jordan,Brown
43015,Morgan,Jones
43016,Jordan,Jones
43017,Morgan,Williams
43018,Casey,Johnson
43019,Casey,Williams
43020,Casey,Williams
43021,Casey,Jones
43022,Jordan,Williams
43023,Casey,Johnson
43024,Casey,Williams
43025,Jordan,Johnson
43026,Alex,Williams
43027,Casey,Williams
43028,Casey,Johnson
43029,Casey,Smith
43030,Taylor,Smith
43031,Taylor,Williams
43032,Taylor,Williams
43033,Jordan,Jones
43034,Morgan,Johnson
43035,Casey,Brown
43036,Taylor,Smith
43037,Taylor,Williams
43038,Jordan,Williams
43039,Alex,Johnson
43040,Morgan,Johnson
43041,Jordan,Jones
43042,Alex,Johnson
43043,Morgan,Williams
43044,Casey,Jones
43045,Casey,Williams
43046,Jordan,Jones
43047,Morgan,Smith
43048,Morgan,Smith
43049,Casey,Brown
43050,Casey,Williams
43051,Morgan,Jones
43052,Alex,Jones
43053,Morgan,Smith
43054,Alex,Smith
43055,Morgan,Brown
43056,Casey,Jones
43057,Morgan,Jones
43058,Jordan,Jones
43059,Casey,Williams
43060,Morgan,Smith
43061,Casey,Smith
43062,Casey,Williams
43063,Morgan,Smith
43064,Alex,Jones
43065,Jordan,Williams
43066,Morgan,Brown
43067,Casey,Smith
43068,Taylor,Brown
43069,Jordan,Brown
43070,Taylor,Brown
43071,Taylor,Johnson
43072,Jordan,Brown
43073,Jordan,Jones
43074,Casey,Johnson
43075,Casey,Brown
43076,Casey,Smith
43077,Alex,Brown
43078,Jordan,Jones
43079,Jordan,Smith
43080,Casey,Johnson
43081,Morgan,Johnson
43082,Alex,Williams
43083,Jordan,Williams
43084,Morgan,Williams
43085,Taylor,Brown
43086,Jordan,Jones
43087,Taylor,Smith
43088,Jordan,Smith
43089,Casey,Jones
43090,Jordan,Jones
43091,Alex,Johnson
43092,Jordan,Jones
43093,Jordan,Williams
43094,Jordan,Smith
43095,Alex,Brown
43096,Morgan,Johnson
43097,Alex,Smith
43098,Taylor,Jones
43099,Taylor,Williams
43100,Taylor,Smith
43101,Casey,Smith
43102,Taylor,Jones
43103,Casey,Smith
43104,Alex,Brown
43105,Alex,Williams
43106,Jordan,Brown
43107,Casey,Smith
43108,Casey,Williams
43109,Alex,Johnson
43110,Taylor,Brown
43111,Alex,Brown
43112,Casey,Brown
43113,Taylor,Jones
43114,Casey,Williams
43115,Alex,Brown
43116,Taylor,Jones
43117,Alex,Williams
43118,Morgan,Smith
43119,Alex,Johnson
43120,Casey,Williams
43121,Casey,Jones
43122,Morgan,Jones
43123,Taylor,Jones
43124,Casey,Smith
43125,Morgan,Johnson
43126,Casey,Williams
43127,Casey,Jones
43128,Jordan,Brown
43129,Taylor,Johnson
43130,Alex,Smith
43131,Morgan,Brown
43132,Casey,Brown
43133,Jordan,Jones
43134,Casey,Williams
43135,Alex,Brown
43136,Alex,Williams
43137,Morgan,Johnson
43138,Taylor,Williams
43139,Casey,Williams
43140,Morgan,Brown
43141,Casey,Jones
43142,Taylor,Johnson
43143,Casey,Smith
43144,Morgan,Jones
43145,Taylor,Smith
43146,Casey,Jones
43147,Taylor,Smith
43148,Alex,Smith
43149,Jordan,Williams
43150,Casey,Brown
43151,Jordan,Smith
43152,Alex,Johnson
43153,Jordan,Williams
43154,Taylor,Johnson
43155,Jordan,Jones
43156,Alex,Johnson
43157,Jordan,Jones
43158,Taylor,Brown
43159,Alex,Brown
43160,Taylor,Williams
43161,Jordan,Brown
43162,Morgan,Jones
43163,Casey,Williams
43164,Jordan,Brown
43165,Casey,Williams
43166,Taylor,Jones
43167,Morgan,Brown
43168,Jordan,Brown
43169,Casey,Williams
43170,Jordan,Brown
43171,Taylor,Smith
43172,Morgan,Smith
43173,Alex,Smith
43174,Alex,Smith
43175,Alex,Brown
43176,Taylor,Johnson
43177,Jordan,Jones
43178,Alex,Brown
43179,Jordan,Brown
43180,Casey,Smith
43181,Alex,Johnson
43182,Morgan,Smith
43183,Taylor,Jones
43184,Jordan,Jones
43185,Casey,Williams
43186,Casey,Jones
43187,Casey,Jones
43188,Taylor,Jones
43189,Morgan,Jones
43190,Morgan,Brown
43191,Morgan,Williams
43192,Taylor,Williams
43193,Alex,Johnson
43194,Jordan,Smith
43195,Morgan,Williams
43196,Casey,Williams
43197,Morgan,Brown
43198,Taylor,Smith
43199,Jordan,Johnson
43200,Casey,Williams
43201,Taylor,Williams
43202,Jordan,Johnson
43203,Jordan,Smith
43204,Morgan,Johnson
43205,Morgan,Williams
43206,Casey,Brown
43207,Casey,Williams
43208,Morgan,Brown
43209,Jordan,Brown
43210,Taylor,Jones
43211,Casey,Smith
43212,Jordan,Smith
43213,Taylor,Smith
43214,Jordan,Johnson
43215,Morgan,Williams
43216,Jordan,Smith
43217,Morgan,Williams
43218,Casey,Brown
43219,Alex,Johnson
43220,Jordan,Smith
43221,Morgan,Jones
43222,Jordan,Jones
43223,Alex,Jones
43224,Alex,Jones
43225,Jordan,Jones
43226,Casey,Brown
43227,Morgan,Williams
43228,Jordan,Jones
43229,Alex,Johnson
43230,Morgan,Jones
43231,Morgan,Williams
43232,Taylor,Smith
43233,Jordan,Jones
43234,Taylor,Jones
43235,Jordan,Johnson
43236,Taylor,Jones
43237,Taylor,Smith
43238,Morgan,Jones
43239,Jordan,Jones
43240,Taylor,Smith
43241,Taylor,Johnson
43242,Casey,Johnson
43243,Alex,Williams
43244,Taylor,Smith
43245,Jordan,Smith
43246,Alex,Williams
43247,Jordan,Johnson
43248,Jordan,Smith
43249,Taylor,Brown
43250,Jordan,Williams
43251,Taylor,Smith
43252,Taylor,Williams
43253,Alex,Brown
43254,Jordan,Williams
43255,Casey,Jones
43256,Jordan,Smith
43257,Jordan,Johnson
43258,Morgan,Johnson
43259,Jordan,Johnson
43260,Casey,Brown
43261,Jordan,Johnson
43262,Alex,Brown
43263,Casey,Brown
43264,Taylor,Johnson
43265,Casey,Smith
43266,Jordan,Jones
43267,Taylor,Smith
43268,Casey,Jones
43269,Jordan,Smith
43270,Morgan,Johnson
43271,Taylor,Smith
43272,Taylor,Brown
43273,Taylor,Jones
43274,Alex,Smith
43275,Casey,Smith
43276,Jordan,Smith
43277,Morgan,Johnson
43278,Alex,Smith
43279,Alex,Johnson
43280,Jordan,Smith
43281,Morgan,Brown
43282,Morgan,Jones
43283,Jordan,Johnson
43284,Morgan,Johnson
43285,Jordan,Smith
43286,Jordan,Brown
43287,Alex,Williams
43288,Jordan,Johnson
43289,Jordan,Brown
43290,Jordan,Brown
43291,Jordan,Jones
43292,Alex,Brown
43293,Alex,Jones
43294,Jordan,Smith
43295,Alex,Brown
43296,Casey,Smith
43297,Jordan,Brown
43298,Casey,Johnson
43299,Jordan,Smith
43300,Jordan,Johnson
43301,Casey,Smith
43302,Casey,Brown
43303,Taylor,Jones
43304,Casey,Jones
43305,Jordan,Johnson
43306,Casey,Brown
43307,Taylor,Williams
43308,Taylor,Williams
43309,Casey,Jones
43310,Casey,Brown
43311,Alex,Johnson
43312,Jordan,Jones
43313,Alex,Johnson
43314,Morgan,Jones
43315,Taylor,Brown
43316,Jordan,Johnson
43317,Casey,Johnson
43318,Alex,Brown
43319,Casey,Smith
43320,Casey,Jones
43321,Alex,Johnson
43322,Jordan,Jones
43323,Casey,Johnson
43324,Alex,Brown
43325,Taylor,Jones
43326,Jordan,Brown
43327,Casey,Jones
43328,Taylor,Jones
43329,Jordan,Johnson
43330,Casey,Williams
43331,Alex,Williams
43332,Alex,Brown
43333,Taylor,Jones
43334,Taylor,Jones
43335,Jordan,Jones
43336,Alex,Williams
43337,Alex,Jones
43338,Jordan,Johnson
43339,Casey,Jones
43340,Alex,Jones
43341,Jordan,Williams
43342,Morgan,Williams
43343,Morgan,Brown
43344,Taylor,Jones
43345,Casey,Smith
43346,Alex,Brown
43347,Alex,Jones
43348,Taylor,Brown
43349,Alex,Smith
43350,Alex,Brown
43351,Alex,Jones
43352,Morgan,Williams
43353,Morgan,Smith
43354,Casey,Jones
43355,Casey,Williams
43356,Casey,Williams
43357,Taylor,Jones
43358,Taylor,Johnson
43359,Jordan,Johnson
43360,Taylor,Jones
43361,Taylor,Johnson
43362,Morgan,Johnson
43363,Casey,Smith
43364,Morgan,Brown
43365,Taylor,Smith
43366,Taylor,Jones
43367,Casey,Johnson
43368,Jordan,Jones
43369,Morgan,Williams
43370,Morgan,Williams
43371,Taylor,Smith
43372,Taylor,Smith
43373,Casey,Johnson
43374,Jordan,Smith
43375,Taylor,Johnson
43376,Alex,Smith
43377,Morgan,Jones
43378,Morgan,Williams
43379,Jordan,Williams
43380,Casey,Smith
43381,Taylor,Jones
43382,Alex,Jones
43383,Taylor,Johnson
43384,Casey,Williams
43385,Alex,Smith
43386,Alex,Williams
43387,Casey,Brown
43388,Jordan,Jones
43389,Morgan,Johnson
43390,Taylor,Jones
43391,Taylor,Williams
43392,Taylor,Williams
43393,Casey,Jones
43394,Jordan,Williams
43395,Jordan,Smith
43396,Taylor,Williams
43397,Alex,Brown
43398,Casey,Williams
43399,Casey,Johnson
43400,Taylor,Smith
43401,Casey,Jones
43402,Casey,Brown
43403,Jordan,Johnson
43404,Jordan,Smith
43405,Alex,Williams
43406,Morgan,Johnson
43407,Taylor,Smith
43408,Jordan,Williams
43409,Taylor,Johnson
43410,Alex,Brown
43411,Casey,Smith
43412,Jordan,Jones
43413,Alex,Brown
43414,Taylor,Jones
43415,Alex,Brown
43416,Taylor,Williams
43417,Morgan,Johnson
43418,Jordan,Smith
43419,Jordan,Jones
43420,Taylor,Jones
43421,Jordan,Smith
43422,Taylor,Williams
43423,Jordan,Williams
43424,Morgan,Smith
43425,Alex,Jones
43426,Morgan,Johnson
43427,Alex,Williams
43428,Taylor,Williams
43429,Jordan,Brown
43430,Morgan,Williams
43431,Casey,Jones
43432,Alex,Williams
43433,Taylor,Smith
43434,Casey,Williams
43435,Alex,Jones
43436,Casey,Williams
43437,Casey,Williams
43438,Jordan,Brown
43439,Alex,Johnson
43440,Casey,Jones
43441,Alex,Brown
43442,Morgan,Williams
43443,Alex,Williams
43444,Casey,Johnson
43445,Jordan,Jones
43446,Morgan,Jones
43447,Casey,Williams
43448,Taylor,Smith
43449,Taylor,Jones
43450,Jordan,Johnson
43451,Taylor,Williams
43452,Casey,Smith
43453,Jordan,Williams
43454,Morgan,Jones
43455,Casey,Brown
43456,Morgan,Smith
43457,Casey,Williams
43458,Taylor,Johnson
43459,Morgan,Brown
43460,Morgan,Jones
43461,Morgan,Johnson
43462,Morgan,Jones
43463,Jordan,Johnson
43464,Casey,Smith
43465,Casey,Brown
43466,Jordan,Williams
43467,Casey,Brown
43468,Casey,Smith
43469,Jordan,Williams
43470,Jordan,Smith
43471,Jordan,Jones
43472,Casey,Johnson
43473,Jordan,Williams
43474,Morgan,Jones
43475,Jordan,Brown
43476,Morgan,Williams
43477,Morgan,Jones
43478,Casey,Jones
43479,Taylor,Jones
43480,Morgan,Smith
43481,Alex,Jones
43482,Taylor,Brown
43483,Morgan,Smith
43484,Alex,Jones
43485,Alex,Smith
43486,Morgan,Johnson
43487,Taylor,Johnson
43488,Alex,Johnson
43489,Taylor,Brown
43490,Alex,Brown
43491,Jordan,Brown
43492,Jordan,Jones
43493,Jordan,Jones
43494,Jordan,Brown
43495,Taylor,Smith
43496,Alex,Johnson
43497,Taylor,Johnson
43498,Morgan,Jones
43499,Morgan,Brown
43500,Casey,Williams
43501,Jordan,Smith
43502,Jordan,Smith
43503,Morgan,Smith
43504,Jordan,Smith
43505,Morgan,Williams
43506,Taylor,Jones
43507,Taylor,Smith
43508,Taylor,Jones
43509,Morgan,Williams
43510,Morgan,Johnson
43511,Casey,Jones
43512,Alex,Jones
43513,Morgan,Jones
43514,Morgan,Williams
43515,Taylor,Williams
43516,Morgan,Johnson
43517,Alex,Johnson
43518,Jordan,Johnson
43519,Taylor,Jones
43520,Morgan,Williams
43521,Casey,Jones
43522,Casey,Jones
43523,Taylor,Jones
43524,Morgan,Jones
43525,Jordan,Jones
43526,Alex,Smith
43527,Taylor,Williams
43528,Alex,Brown
43529,Alex,Brown
43530,Casey,Williams
43531,Casey,Johnson
43532,Morgan,Johnson
43533,Casey,Smith
43534,Taylor,Williams
43535,Taylor,Williams
43536,Taylor,Brown
43537,Casey,Jones
43538,Taylor,Williams
43539,Jordan,Williams
43540,Casey,Brown
43541,Jordan,Brown
43542,Alex,Jones
43543,Morgan,Jones
43544,Casey,Jones
43545,Taylor,Williams
43546,Taylor,Johnson
43547,Morgan,Johnson
43548,Alex,Johnson
43549,Morgan,Smith
43550,Alex,Smith
43551,Taylor,Smith
43552,Casey,Jones
43553,Alex,Johnson
43554,Morgan,Williams
43555,Alex,Johnson
43556,Taylor,Brown
43557,Alex,Johnson
43558,Casey,Smith
43559,Casey,Jones
43560,Jordan,Brown
43561,Alex,Williams
43562,Casey,Johnson
43563,Casey,Jones
43564,Jordan,Johnson
43565,Casey,Johnson
43566,Morgan,Brown
43567,Casey,Johnson
43568,Casey,Williams
43569,Morgan,Williams
43570,Taylor,Brown
43571,Casey,Williams
43572,Casey,Williams
43573,Alex,Williams
43574,Casey,Smith
43575,Taylor,Brown
43576,Morgan,Jones
43577,Taylor,Johnson
43578,Alex,Johnson
43579,Jordan,Smith
43580,Casey,Brown
43581,Jordan,Brown
43582,Morgan,Brown
43583,Morgan,Williams
43584,Morgan,Smith
43585,Alex,Brown
43586,Jordan,Jones
43587,Morgan,Smith
43588,Casey,Brown
43589,Morgan,Smith
43590,Morgan,Jones
43591,Jordan,Jones
43592,Jordan,Brown
43593,Morgan,Jones
43594,Casey,Smith
43595,Jordan,Brown
43596,Casey,Williams
43597,Jordan,Williams
43598,Casey,Brown
43599,Jordan,Smith
43600,Morgan,Williams
43601,Morgan,Williams
43602,Jordan,Smith
43603,Casey,Williams
43604,Morgan,Brown
43605,Taylor,Johnson
43606,Jordan,Williams
43607,Alex,Jones
43608,Casey,Brown
43609,Casey,Jones
43610,Jordan,Smith
43611,Jordan,Smith
43612,Casey,Jones
43613,Casey,Williams
43614,Alex,Jones
43615,Jordan,Smith
43616,Morgan,Williams
43617,Casey,Smith
43618,Jordan,Smith
43619,Taylor,Johnson
43620,Taylor,Jones
43621,Morgan,Smith
43622,Taylor,Williams
43623,Alex,Smith
43624,Casey,Jones
43625,Taylor,Brown
43626,Casey,Jones
43627,Taylor,Johnson
43628,Jordan,Brown
43629,Alex,Brown
43630,Alex,Smith
43631,Jordan,Smith
43632,Morgan,Smith
43633,Alex,Smith
43634,Alex,Jones
43635,Casey,Brown
43636,Jordan,Williams
43637,Taylor,Brown
43638,Alex,Smith
43639,Alex,Johnson
43640,Casey,Williams
43641,Morgan,Williams
43642,Jordan,Johnson
43643,Morgan,Jones
43644,Casey,Smith
43645,Casey,Williams
43646,Casey,Williams
43647,Casey,Brown
43648,Taylor,Johnson
43649,Alex,Smith
43650,Casey,Jones
43651,Jordan,Smith
43652,Taylor,Smith
43653,Taylor,Johnson
43654,Alex,Johnson
43655,Alex,Smith
43656,Jordan,Williams
43657,Jordan,Jones
43658,Alex,Jones
43659,Casey,Smith
43660,Taylor,Williams
43661,Casey,Smith
43662,Taylor,Johnson
43663,Morgan,Jones
43664,Morgan,Jones
43665,Jordan,Williams
43666,Taylor,Williams
43667,Casey,Williams
43668,Morgan,Brown
43669,Casey,Brown
43670,Taylor,Johnson
43671,Jordan,Smith
43672,Morgan,Jones
43673,Taylor,Jones
43674,Taylor,Brown
43675,Casey,Smith
43676,Jordan,Brown
43677,Alex,Johnson
43678,Jordan,Smith
43679,Morgan,Jones
43680,Taylor,Smith
43681,Alex,Smith
43682,Jordan,Jones
43683,Morgan,Jones
43684,Casey,Jones
43685,Taylor,Williams
43686,Casey,Johnson
43687,Alex,Jones
43688,Alex,Williams
43689,Taylor,Johnson
43690,Morgan,Williams
43691,Alex,Jones
43692,Taylor,Brown
43693,Alex,Brown
43694,Casey,Johnson
43695,Alex,Smith
43696,Casey,Johnson
43697,Taylor,Smith
43698,Taylor,Jones
43699,Taylor,Johnson
43700,Taylor,Smith
43701,Jordan,Brown
43702,Taylor,Jones
43703,Morgan,Williams
43704,Jordan,Johnson
43705,Taylor,Smith
43706,Taylor,Brown
43707,Jordan,Brown
43708,Alex,Johnson
43709,Morgan,Brown
43710,Alex,Johnson
43711,Taylor,Williams
43712,Morgan,Johnson
43713,Jordan,Jones
43714,Alex,Williams
43715,Taylor,Jones
43716,Taylor,Jones
43717,Morgan,Johnson
43718,Casey,Williams
43719,Jordan,Williams
43720,Jordan,Smith
43721,Taylor,Williams
43722,Alex,Williams
43723,Morgan,Johnson
43724,Alex,Williams
43725,Morgan,Jones
43726,Jordan,Jones
43727,Casey,Williams
43728,Taylor,Brown
43729,Morgan,Smith
43730,Taylor,Williams
43731,Alex,Smith
43732,Taylor,Jones
43733,Taylor,Smith
43734,Taylor,Williams
43735,Casey,Williams
43736,Alex,Jones
43737,Morgan,Smith
43738,Morgan,Brown
43739,Jordan,Smith
43740,Casey,Brown
43741,Casey,Brown
43742,Taylor,Smith
43743,Morgan,Brown
43744,Casey,Johnson
43745,Morgan,Johnson
43746,Casey,Brown
43747,Morgan,Johnson
43748,Morgan,Brown
43749,Jordan,Smith
43750,Jordan,Williams
43751,Alex,Jones
43752,Jordan,Johnson
43753,Taylor,Williams
43754,Casey,Williams
43755,Morgan,Jones
43756,Taylor,Williams
43757,Alex,Williams
43758,Morgan,Johnson
43759,Morgan,Johnson
43760,Alex,Smith
43761,Jordan,Johnson
43762,Alex,Brown
43763,Taylor,Johnson
43764,Alex,Jones
43765,Morgan,Jones
43766,Jordan,Smith
43767,Taylor,Jones
43768,Morgan,Jones
43769,Jordan,Jones
43770,Taylor,Johnson
43771,Casey,Jones
43772,Casey,Williams
43773,Morgan,Brown
43774,Morgan,Johnson
43775,Morgan,Brown
43776,Taylor,Williams
43777,Casey,Johnson
43778,Casey,Johnson
43779,Casey,Smith
43780,Taylor,Johnson
43781,Morgan,Johnson
43782,Morgan,Brown
43783,Morgan,Jones
43784,Taylor,Williams
43785,Alex,Johnson
43786,Morgan,Smith
43787,Morgan,Williams
43788,Alex,Johnson
43789,Morgan,Williams
43790,Alex,Jones
43791,Casey,Johnson
43792,Morgan,Jones
43793,Alex,Williams
43794,Alex,Williams
43795,Jordan,Williams
43796,Casey,Johnson
43797,Morgan,Brown
43798,Morgan,Smith
43799,Jordan,Brown
43800,Taylor,Jones
43801,Taylor,Johnson
43802,Taylor,Brown
43803,Alex,Johnson
43804,Casey,Brown
43805,Jordan,Johnson
43806,Alex,Williams
43807,Morgan,Smith
43808,Casey,Williams
43809,Morgan,Smith
43810,Alex,Jones
43811,Alex,Brown
43812,Morgan,Jones
43813,Jordan,Williams
43814,Jordan,Jones
43815,Jordan,Brown
43816,Taylor,Jones
43817,Taylor,Brown
43818,Morgan,Williams
43819,Casey,Smith
43820,Morgan,Brown
43821,Casey,Smith
43822,Morgan,Williams
43823,Taylor,Smith
43824,Jordan,Brown
43825,Jordan,Jones
43826,Morgan,Jones
43827,Casey,Johnson
43828,Jordan,Brown
43829,Morgan,Smith
43830,Casey,Jones
43831,Jordan,Williams
43832,Jordan,Jones
43833,Alex,Johnson
43834,Alex,Williams
43835,Alex,Jones
43836,Morgan,Brown
43837,Taylor,Brown
43838,Taylor,Brown
43839,Casey,Jones
43840,Jordan,Smith
43841,Morgan,Williams
43842,Casey,Williams
43843,Jordan,Williams
43844,Alex,Jones
43845,Casey,Jones
43846,Morgan,Jones
43847,Casey,Johnson
43848,Jordan,Brown
43849,Jordan,Brown
43850,Taylor,Jones
43851,Alex,Smith
43852,Casey,Smith
43853,Jordan,Jones
43854,Casey,Johnson
43855,Casey,Williams
43856,Casey,Jones
43857,Casey,Brown
43858,Morgan,Jones
43859,Taylor,Jones
43860,Jordan,Johnson
43861,Casey,Jones
43862,Casey,Williams
43863,Morgan,Brown
43864,Morgan,Johnson
43865,Jordan,Smith
43866,Taylor,Williams
43867,Jordan,Johnson
43868,Taylor,Williams
43869,Jordan,Williams
43870,Jordan,Smith
43871,Casey,Brown
43872,Taylor,Smith
43873,Taylor,Williams
43874,Casey,Johnson
43875,Jordan,Smith
43876,Jordan,Williams
43877,Jordan,Brown
43878,Jordan,Williams
43879,Taylor,Brown
43880,Morgan,Smith
43881,Alex,Williams
43882,Alex,Smith
43883,Taylor,Johnson
43884,Morgan,Williams
43885,Alex,Jones
43886,Morgan,Jones
43887,Taylor,Smith
43888,Casey,Smith
43889,Morgan,Brown
43890,Casey,Smith
43891,Jordan,Williams
43892,Morgan,Johnson
43893,Casey,Williams
43894,Jordan,Johnson
43895,Taylor,Smith
43896,Jordan,Williams
43897,Morgan,Brown
43898,Casey,Jones
43899,Jordan,Johnson
43900,Jordan,Jones
43901,Alex,Brown
43902,Casey,Brown
43903,Alex,Jones
43904,Alex,Brown
43905,Casey,Jones
43906,Morgan,Jones
43907,Taylor,Johnson
43908,Casey,Johnson
43909,Taylor,Johnson
43910,Jordan,Brown
43911,Jordan,Smith
43912,Jordan,Johnson
43913,Casey,Smith
43914,Jordan,Smith
43915,Taylor,Smith
43916,Jordan,Williams
43917,Casey,Williams
43918,Casey,Johnson
43919,Taylor,Brown
43920,Taylor,Smith
43921,Taylor,Williams
43922,Casey,Jones
43923,Morgan,Smith
43924,Taylor,Johnson
43925,Casey,Smith
43926,Taylor,Brown
43927,Taylor,Johnson
43928,Taylor,Smith
43929,Morgan,Smith
43930,Casey,Johnson
43931,Casey,Johnson
43932,Jordan,Smith
43933,Taylor,Johnson
43934,Alex,Smith
43935,Taylor,Williams
43936,Jordan,Williams
43937,Jordan,Williams
43938,Morgan,Johnson
43939,Casey,Smith
43940,Taylor,Smith
43941,Taylor,Williams
43942,Morgan,Smith
43943,Morgan,Brown
43944,Casey,Smith
43945,Morgan,Williams
43946,Casey,Smith
43947,Taylor,Brown
43948,Casey,Williams
43949,Taylor,Johnson
43950,Alex,Smith
43951,Casey,Brown
43952,Jordan,Smith
43953,Jordan,Johnson
43954,Alex,Williams
43955,Casey,Williams
43956,Jordan,Johnson
43957,Alex,Jones
43958,Taylor,Johnson
43959,Alex,Williams
43960,Jordan,Brown
43961,Morgan,Brown
43962,Taylor,Williams
43963,Alex,Johnson
43964,Taylor,Smith
43965,Morgan,Smith
43966,Casey,Brown
43967,Jordan,Brown
43968,Taylor,Brown
43969,Casey,Smith
43970,Morgan,Brown
43971,Taylor,Johnson
43972,Taylor,Brown
43973,Jordan,Smith
43974,Morgan,Jones
43975,Jordan,Johnson
43976,Taylor,Jones
43977,Morgan,Jones
43978,Morgan,Brown
43979,Morgan,Jones
43980,Alex,Smith
43981,Taylor,Jones
43982,Casey,Brown
43983,Casey,Jones
43984,Jordan,Jones
43985,Jordan,Williams
43986,Casey,Williams
43987,Casey,Johnson
43988,Morgan,Williams
43989,Jordan,Smith
43990,Morgan,Williams
43991,Jordan,Williams
43992,Casey,Johnson
43993,Casey,Smith
43994,Jordan,Williams
43995,Taylor,Williams
43996,Taylor,Smith
43997,Casey,Williams
43998,Taylor,Johnson
43999,Jordan,Brown
44000,Morgan,Williams
44001,Taylor,Johnson
44002,Taylor,Brown
44003,Alex,Jones
44004,Jordan,Johnson
44005,Taylor,Johnson
44006,Alex,Brown
44007,Casey,Brown
44008,Jordan,Jones
44009,Casey,Jones
44010,Alex,Williams
44011,Taylor,Johnson
44012,Taylor,Williams
44013,Casey,Brown
44014,Morgan,Williams
44015,Casey,Williams
44016,Alex,Jones
44017,Morgan,Johnson
44018,Alex,Williams
44019,Morgan,Brown
44020,Casey,Smith
44021,Jordan,Jones
44022,Jordan,Johnson
44023,Jordan,Brown
44024,Casey,Johnson
44025,Jordan,Jones
44026,Jordan,Williams
44027,Morgan,Jones
44028,Jordan,Jones
44029,Casey,Brown
44030,Taylor,Jones
44031,Casey,Smith
44032,Casey,Jones
44033,Taylor,Williams
44034,Morgan,Smith
44035,Alex,Smith
44036,Jordan,Brown
44037,Taylor,Brown
44038,Taylor,Smith
44039,Morgan,Smith
44040,Taylor,Johnson
44041,Taylor,Jones
44042,Alex,Johnson
44043,Casey,Smith
44044,Jordan,Smith
44045,Taylor,Smith
44046,Casey,Smith
44047,Taylor,Williams
44048,Taylor,Johnson
44049,Taylor,Smith
44050,Morgan,Johnson
44051,Casey,Smith
44052,Morgan,Brown
44053,Morgan,Williams
44054,Alex,Brown
44055,Casey,Brown
44056,Taylor,Jones
44057,Jordan,Williams
44058,Morgan,Johnson
44059,Taylor,Johnson
44060,Casey,Brown
44061,Casey,Williams
44062,Alex,Williams
44063,Casey,Smith
44064,Jordan,Jones
44065,Alex,Smith
44066,Jordan,Brown
44067,Morgan,Brown
44068,Jordan,Brown
44069,Jordan,Johnson
44070,Morgan,Smith
44071,Taylor,Brown
44072,Morgan,Smith
44073,Jordan,Johnson
44074,Casey,Brown
44075,Casey,Johnson
44076,Morgan,Smith
44077,Morgan,Brown
44078,Taylor,Smith
44079,Morgan,Jones
44080,Alex,Brown
44081,Alex,Williams
44082,Casey,Jones
44083,Casey,Johnson
44084,Casey,Smith
44085,Morgan,Smith
44086,Alex,Brown
44087,Casey,Jones
44088,Casey,Jones
44089,Morgan,Williams
44090,Taylor,Brown
44091,Alex,Williams
44092,Taylor,Williams
44093,Alex,Johnson
44094,Morgan,Williams
44095,Jordan,Jones
44096,Casey,Johnson
44097,Casey,Brown
44098,Morgan,Jones
44099,Taylor,Jones
44100,Alex,Jones
44101,Jordan,Smith
44102,Taylor,Smith
44103,Taylor,Brown
44104,Jordan,Johnson
44105,Taylor,Williams
44106,Casey,Brown
44107,Casey,Johnson
44108,Morgan,Smith
44109,Casey,Johnson
44110,Taylor,Williams
44111,Morgan,Johnson
44112,Jordan,Smith
44113,Jordan,Williams
44114,Taylor,Smith
44115,Jordan,Williams
44116,Taylor,Brown
44117,Taylor,Smith
44118,Morgan,Williams
44119,Morgan,Jones
44120,Taylor,Johnson
44121,Morgan,Williams
44122,Jordan,Williams
44123,Casey,Johnson
44124,Morgan,Smith
44125,Taylor,Smith
44126,Jordan,Smith
44127,Taylor,Smith
44128,Taylor,Smith
44129,Alex,Williams
44130,Alex,Johnson
44131,Taylor,Williams
44132,Casey,Johnson
44133,Jordan,Johnson
44134,Alex,Jones
44135,Taylor,Smith
44136,Morgan,Williams
44137,Jordan,Brown
44138,Jordan,Smith
44139,Taylor,Johnson
44140,Morgan,Smith
44141,Jordan,Johnson
44142,Jordan,Williams
44143,Taylor,Smith
44144,Casey,Jones
44145,Alex,Williams
44146,Jordan,Williams
44147,Alex,Brown
44148,Alex,Brown
44149,Alex,Brown
44150,Casey,Smith
44151,Jordan,Jones
44152,Alex,Jones
44153,Morgan,Smith
44154,Jordan,Smith
44155,Jordan,Brown
44156,Taylor,Jones
44157,Alex,Johnson
44158,Alex,Williams
44159,Alex,Brown
44160,Taylor,Williams
44161,Jordan,Smith
44162,Alex,Brown
44163,Alex,Jones
44164,Taylor,Smith
44165,Alex,Johnson
44166,Casey,Williams
44167,Casey,Johnson
44168,Casey,Williams
44169,Jordan,Smith
44170,Morgan,Williams
44171,Taylor,Williams
44172,Morgan,Williams
44173,Casey,Brown
44174,Taylor,Williams
44175,Morgan,Johnson
44176,Jordan,Williams
44177,Taylor,Brown
44178,Jordan,Johnson
44179,Morgan,Brown
44180,Jordan,Brown
44181,Casey,Smith
44182,Casey,Jones
44183,Morgan,Williams
44184,Taylor,Smith
44185,Taylor,Jones
44186,Morgan,Johnson
44187,Casey,Jones
44188,Casey,Williams
44189,Casey,Johnson
44190,Taylor,Smith
44191,Taylor,Smith
44192,Alex,Brown
44193,Morgan,Brown
44194,Alex,Jones
44195,Morgan,Brown
44196,Casey,Brown
44197,Alex,Smith
44198,Jordan,Brown
44199,Morgan,Williams
44200,Alex,Smith
44201,Morgan,Johnson
44202,Alex,Brown
44203,Taylor,Smith
44204,Taylor,Johnson
44205,Morgan,Johnson
44206,Casey,Jones
44207,Morgan,Smith
44208,Taylor,Johnson
44209,Morgan,Williams
44210,Alex,Williams
44211,Casey,Williams
44212,Jordan,Jones
44213,Casey,Jones
44214,Jordan,Jones
44215,Casey,Johnson
44216,Morgan,Brown
44217,Alex,Brown
44218,Jordan,Smith
44219,Morgan,Smith
44220,Jordan,Johnson
44221,Jordan,Williams
44222,Casey,Williams
44223,Morgan,Jones
44224,Alex,Brown
44225,Casey,Johnson
44226,Alex,Smith
44227,Casey,Jones
44228,Casey,Jones
44229,Casey,Johnson
44230,Alex,Johnson
44231,Jordan,Jones
44232,Morgan,Smith
44233,Casey,Jones
44234,Casey,Smith
44235,Jordan,Smith
44236,Morgan,Smith
44237,Alex,Johnson
44238,Casey,Jones
44239,Jordan,Johnson
44240,Casey,Williams
44241,Jordan,Brown
44242,Alex,Jones
44243,Casey,Smith
44244,Jordan,Jones
44245,Jordan,Brown
44246,Jordan,Jones
44247,Taylor,Jones
44248,Jordan,Jones
44249,Morgan,Jones
44250,Morgan,Johnson
44251,Casey,Smith
44252,Casey,Johnson
44253,Morgan,Johnson
44254,Jordan,Brown
44255,Casey,Jones
44256,Casey,Smith
44257,Casey,Jones
44258,Jordan,Williams
44259,Alex,Williams
44260,Morgan,Smith
44261,Taylor,Jones
44262,Casey,Williams
44263,Casey,Smith
44264,Taylor,Brown
44265,Taylor,Johnson
44266,Jordan,Smith
44267,Alex,Jones
44268,Casey,Jones
44269,Casey,Jones
44270,Alex,Williams
44271,Morgan,Johnson
44272,Alex,Johnson
44273,Morgan,Brown
44274,Alex,Smith
44275,Alex,Johnson
44276,Jordan,Johnson
44277,Alex,Brown
44278,Alex,Johnson
44279,Alex,Williams
44280,Morgan,Brown
44281,Taylor,Johnson
44282,Alex,Jones
44283,Taylor,Smith
44284,Alex,Williams
44285,Taylor,Williams
44286,Morgan,Johnson
44287,Morgan,Williams
44288,Taylor,Williams
44289,Taylor,Jones
44290,Morgan,Williams
44291,Taylor,Williams
44292,Casey,Williams
44293,Taylor,Williams
44294,Taylor,Johnson
44295,Alex,Johnson
44296,Jordan,Williams
44297,Taylor,Williams
44298,Casey,Williams
44299,Taylor,Williams
44300,Morgan,Williams
44301,Morgan,Smith
44302,Casey,Jones
44303,Casey,Johnson
44304,Jordan,Williams
44305,Alex,Jones
44306,Alex,Brown
44307,Morgan,Smith
44308,Alex,Williams
44309,Jordan,Jones
44310,Jordan,Brown
44311,Casey,Brown
44312,Alex,Jones
44313,Taylor,Johnson
44314,Morgan,Johnson
44315,Jordan,Brown
44316,Jordan,Johnson
44317,Casey,Smith
44318,Taylor,Johnson
44319,Taylor,Jones
44320,Casey,Brown
44321,Morgan,Johnson
44322,Morgan,Brown
44323,Jordan,Johnson
44324,Morgan,Williams
44325,Alex,Johnson
44326,Casey,Smith
44327,Alex,Smith
44328,Casey,Jones
44329,Taylor,Williams
44330,Casey,Brown
44331,Morgan,Williams
44332,Alex,Smith
44333,Taylor,Brown
44334,Morgan,Smith
44335,Jordan,Williams
44336,Morgan,Jones
44337,Alex,Johnson
44338,Jordan,Smith
44339,Alex,Smith
44340,Taylor,Jones
44341,Casey,Smith
44342,Jordan,Brown
44343,Morgan,Brown
44344,Jordan,Jones
44345,Casey,Smith
44346,Jordan,Williams
44347,Jordan,Jones
44348,Casey,Smith
44349,Casey,Jones
44350,Taylor,Williams
44351,Jordan,Johnson
44352,Jordan,Brown
44353,Alex,Smith
44354,Morgan,Jones
44355,Jordan,Brown
44356,Alex,Williams
44357,Jordan,Jones
44358,Taylor,Brown
44359,Alex,Smith
44360,Morgan,Smith
44361,Morgan,Brown
44362,Jordan,Johnson
44363,Taylor,Johnson
44364,Alex,Brown
44365,Taylor,Smith
44366,Casey,Jones
44367,Morgan,Brown
44368,Casey,Williams
44369,Jordan,Williams
44370,Casey,Brown
44371,Jordan,Jones
44372,Jordan,Brown
44373,Casey,Johnson
44374,Jordan,Jones
44375,Morgan,Williams
44376,Morgan,Jones
44377,Taylor,Johnson
44378,Morgan,Williams
44379,Jordan,Williams
44380,Morgan,Johnson
44381,Casey,Jones
44382,Alex,Jones
44383,Alex,Jones
44384,Casey,Brown
44385,Taylor,Johnson
44386,Casey,Jones
44387,Jordan,Smith
44388,Jordan,Johnson
44389,Alex,Jones
44390,Jordan,Jones
44391,Casey,Smith
44392,Alex,Williams
44393,Taylor,Brown
44394,Alex,Williams
44395,Casey,Smith
44396,Alex,Williams
44397,Jordan,Williams
44398,Morgan,Smith
44399,Casey,Johnson
44400,Jordan,Johnson
44401,Jordan,Smith
44402,Jordan,Williams
44403,Casey,Williams
44404,Morgan,Brown
44405,Taylor,Johnson
44406,Taylor,Johnson
44407,Taylor,Jones
44408,Casey,Smith
44409,Taylor,Smith
44410,Casey,Jones
44411,Casey,Smith
44412,Alex,Brown
44413,Taylor,Jones
44414,Alex,Jones
44415,Morgan,Brown
44416,Jordan,Jones
44417,Morgan,Jones
44418,Jordan,Brown
44419,Jordan,Brown
44420,Taylor,Johnson
44421,Jordan,Jones
44422,Alex,Jones
44423,Morgan,Smith
44424,Casey,Williams
44425,Alex,Williams
44426,Jordan,Brown
44427,Morgan,Brown
44428,Taylor,Williams
44429,Morgan,Williams
44430,Jordan,Jones
44431,Jordan,Smith
44432,Casey,Johnson
44433,Casey,Brown
44434,Taylor,Smith
44435,Alex,Johnson
44436,Casey,Johnson
44437,Morgan,Brown
44438,Casey,Smith
44439,Alex,Brown
44440,Jordan,Smith
44441,Taylor,Johnson
44442,Taylor,Williams
44443,Casey,Smith
44444,Morgan,Johnson
44445,Alex,Smith
44446,Taylor,Jones
44447,Alex,Smith
44448,Casey,Johnson
44449,Jordan,Smith
44450,Taylor,Jones
44451,Casey,Williams
44452,Morgan,Brown
44453,Jordan,Jones
44454,Casey,Brown
44455,Morgan,Brown
44456,Alex,Smith
44457,Morgan,Brown
44458,Jordan,Johnson
44459,Alex,Williams
44460,Taylor,Johnson
44461,Morgan,Smith
44462,Morgan,Smith
44463,Morgan,Brown
44464,Casey,Williams
44465,Casey,Brown
44466,Morgan,Williams
44467,Casey,Jones
44468,Morgan,Johnson
44469,Casey,Jones
44470,Jordan,Brown
44471,Alex,Johnson
44472,Alex,Smith
44473,Casey,Brown
44474,Taylor,Johnson
44475,Taylor,Jones
44476,Taylor,Jones
44477,Morgan,Johnson
44478,Taylor,Johnson
44479,Alex,Smith
44480,Casey,Brown
44481,Alex,Johnson
44482,Jordan,Williams
44483,Morgan,Jones
44484,Morgan,Brown
44485,Jordan,Smith
44486,Morgan,Brown
44487,Alex,Williams
44488,Morgan,Jones
44489,Alex,Williams
44490,Casey,Brown
44491,Jordan,Brown
44492,Jordan,Brown
44493,Taylor,Johnson
44494,Jordan,Brown
44495,Casey,Johnson
44496,Casey,Jones
44497,Jordan,Smith
44498,Morgan,Brown
44499,Morgan,Smith
44500,Morgan,Williams
44501,Morgan,Williams
44502,Jordan,Smith
44503,Alex,Johnson
44504,Morgan,Smith
44505,Casey,Johnson
44506,Taylor,Jones
44507,Alex,Williams
44508,Taylor,Smith
44509,Taylor,Smith
44510,Taylor,Brown
44511,Morgan,Johnson
44512,Alex,Smith
44513,Alex,Williams
44514,Alex,Johnson
44515,Alex,Williams
44516,Jordan,Brown
44517,Jordan,Johnson
44518,Morgan,Johnson
44519,Alex,Johnson
44520,Taylor,Jones
44521,Taylor,Johnson
44522,Casey,Smith
44523,Morgan,Williams
44524,Morgan,Smith
44525,Casey,Williams
44526,Alex,Brown
44527,Jordan,Smith
44528,Morgan,Johnson
44529,Morgan,Smith
44530,Taylor,Williams
44531,Casey,Smith
44532,Casey,Johnson
44533,Casey,Jones
44534,Alex,Brown
44535,Alex,Williams
44536,Alex,Brown
44537,Alex,Brown
44538,Casey,Johnson
44539,Taylor,Jones
44540,Jordan,Brown
44541,Alex,Johnson
44542,Jordan,Smith
44543,Jordan,Jones
44544,Jordan,Smith
44545,Alex,Brown
44546,Morgan,Brown
44547,Alex,Brown
44548,Jordan,Smith
44549,Jordan,Williams
44550,Casey,Smith
44551,Jordan,Jones
44552,Casey,Brown
44553,Alex,Brown
44554,Taylor,Brown
44555,Jordan,Jones
44556,Alex,Jones
44557,Taylor,Johnson
44558,Taylor,Smith
44559,Alex,Johnson
44560,Alex,Johnson
44561,Jordan,Jones
44562,Morgan,Jones
44563,Morgan,Johnson
44564,Morgan,Brown
44565,Taylor,Jones
44566,Casey,Williams
44567,Jordan,Brown
44568,Alex,Jones
44569,Alex,Smith
44570,Taylor,Smith
44571,Casey,Brown
44572,Casey,Jones
44573,Casey,Williams
44574,Jordan,Brown
44575,Taylor,Williams
44576,Taylor,Jones
44577,Casey,Smith
44578,Morgan,Brown
44579,Morgan,Johnson
44580,Jordan,Williams
44581,Alex,Smith
44582,Alex,Smith
44583,Jordan,Johnson
44584,Alex,Johnson
44585,Jordan,Johnson
44586,Alex,Brown
44587,Jordan,Smith
44588,Taylor,Smith
44589,Casey,Williams
44590,Casey,Johnson
44591,Jordan,Johnson
44592,Alex,Johnson
44593,Taylor,Smith
44594,Jordan,Williams
44595,Morgan,Brown
44596,Taylor,Smith
44597,Casey,Smith
44598,Morgan,Jones
44599,Taylor,Jones
44600,Alex,Jones
44601,Alex,Williams
44602,Casey,Brown
44603,Taylor,Johnson
44604,Jordan,Smith
44605,Alex,Johnson
44606,Alex,Johnson
44607,Morgan,Johnson
44608,Jordan,Williams
44609,Jordan,Brown
44610,Jordan,Johnson
44611,Casey,Smith
44612,Alex,Jones
44613,Taylor,Smith
44614,Jordan,Williams
44615,Jordan,Brown
44616,Jordan,Brown
44617,Alex,Smith
44618,Morgan,Johnson
44619,Taylor,Jones
44620,Alex,Jones
44621,Morgan,Williams
44622,Morgan,Johnson
44623,Morgan,Smith
44624,Alex,Smith
44625,Taylor,Johnson
44626,Alex,Brown
44627,Alex,Williams
44628,Casey,Smith
44629,Taylor,Jones
44630,Taylor,Smith
44631,Jordan,Williams
44632,Jordan,Smith
44633,Casey,Williams
44634,Morgan,Smith
44635,Morgan,Jones
44636,Casey,Brown
44637,Taylor,Williams
44638,Taylor,Williams
44639,Casey,Brown
44640,Casey,Brown
44641,Casey,Smith
44642,Casey,Williams
44643,Jordan,Williams
44644,Taylor,Brown
44645,Casey,Jones
44646,Jordan,Williams
44647,Alex,Smith
44648,Jordan,Brown
44649,Taylor,Brown
44650,Casey,Brown
44651,Casey,Johnson
44652,Taylor,Smith
44653,Casey,Johnson
44654,Taylor,Smith
44655,Alex,Jones
44656,Morgan,Smith
44657,Casey,Jones
44658,Morgan,Smith
44659,Jordan,Johnson
44660,Jordan,Jones
44661,Jordan,Williams
44662,Alex,Smith
44663,Jordan,Smith
44664,Alex,Smith
44665,Morgan,Jones
44666,Casey,Jones
44667,Morgan,Williams
44668,Jordan,Johnson
44669,Taylor,Brown
44670,Jordan,Williams
44671,Taylor,Jones
44672,Casey,Williams
44673,Taylor,Johnson
44674,Jordan,Brown
44675,Taylor,Smith
44676,Morgan,Jones
44677,Morgan,Smith
44678,Casey,Jones
44679,Morgan,Williams
44680,Casey,Smith
44681,Jordan,Jones
44682,Morgan,Johnson
44683,Jordan,Johnson
44684,Morgan,Williams
44685,Taylor,Williams
44686,Alex,Jones
44687,Morgan,Jones
44688,Alex,Brown
44689,Jordan,Williams
44690,Alex,Jones
44691,Jordan,Jones
44692,Alex,Brown
44693,Morgan,Smith
44694,Casey,Jones
44695,Casey,Brown
44696,Alex,Smith
44697,Jordan,Smith
44698,Alex,Johnson
44699,Casey,Brown
44700,Casey,Johnson
44701,Casey,Jones
44702,Casey,Jones
44703,Taylor,Johnson
44704,Taylor,Johnson
44705,Taylor,Brown
44706,Taylor,Williams
44707,Casey,Brown
44708,Morgan,Johnson
44709,Casey,Williams
44710,Morgan,Johnson
44711,Alex,Johnson
44712,Alex,Williams
44713,Casey,Johnson
44714,Jordan,Smith
44715,Alex,Williams
44716,Casey,Jones
44717,Taylor,Brown
44718,Taylor,Jones
44719,Casey,Smith
44720,Morgan,Johnson
44721,Morgan,Brown
44722,Taylor,Brown
44723,Taylor,Smith
44724,Morgan,Williams
44725,Jordan,Smith
44726,Casey,Brown
44727,Alex,Williams
44728,Taylor,Williams
44729,Morgan,Smith
44730,Jordan,Williams
44731,Alex,Brown
44732,Casey,Smith
44733,Alex,Jones
44734,Morgan,Smith
44735,Taylor,Smith
44736,Taylor,Williams
44737,Morgan,Jones
44738,Alex,Brown
44739,Morgan,Jones
44740,Taylor,Jones
44741,Morgan,Smith
44742,Taylor,Johnson
44743,Taylor,Williams
44744,Jordan,Smith
44745,Jordan,Jones
44746,Jordan,Brown
44747,Alex,Brown
44748,Alex,Jones
44749,Alex,Brown
44750,Morgan,Johnson
44751,Alex,Jones
44752,Morgan,Brown
44753,Jordan,Brown
44754,Taylor,Williams
44755,Alex,Williams
44756,Taylor,Jones
44757,Morgan,Jones
44758,Jordan,Johnson
44759,Alex,Smith
44760,Casey,Smith
44761,Casey,Johnson
44762,Alex,Williams
44763,Alex,Brown
44764,Jordan,Williams
44765,Taylor,Williams
44766,Alex,Jones
44767,Taylor,Johnson
44768,Jordan,Johnson
44769,Jordan,Brown
44770,Jordan,Smith
44771,Jordan,Brown
44772,Taylor,Johnson
44773,Jordan,Johnson
44774,Taylor,Smith
44775,Jordan,Jones
44776,Jordan,Johnson
44777,Jordan,Johnson
44778,Alex,Smith
44779,Taylor,Smith
44780,Taylor,Williams
44781,Morgan,Jones
44782,Alex,Smith
44783,Jordan,Williams
44784,Taylor,Johnson
44785,Taylor,Johnson
44786,Casey,Jones
44787,Morgan,Brown
44788,Casey,Jones
44789,Taylor,Williams
44790,Alex,Smith
44791,Taylor,Smith
44792,Taylor,Smith
44793,Taylor,Brown
44794,Morgan,Johnson
44795,Casey,Brown
44796,Jordan,Johnson
44797,Alex,Williams
44798,Alex,Jones
44799,Casey,Johnson
44800,Morgan,Jones
44801,Jordan,Jones
44802,Jordan,Jones
44803,Taylor,Jones
44804,Alex,Jones
44805,Casey,Smith
44806,Alex,Smith
44807,Alex,Smith
44808,Taylor,Jones
44809,Jordan,Jones
44810,Morgan,Brown
44811,Morgan,Jones
44812,Morgan,Jones
44813,Taylor,Williams
44814,Morgan,Smith
44815,Taylor,Williams
44816,Alex,Williams
44817,Alex,Brown
44818,Alex,Brown
44819,Casey,Johnson
44820,Jordan,Johnson
44821,Taylor,Williams
44822,Morgan,Smith
44823,Alex,Williams
44824,Taylor,Williams
44825,Taylor,Jones
44826,Alex,Williams
44827,Casey,Smith
44828,Jordan,Brown
44829,Morgan,Jones
44830,Jordan,Johnson
44831,Taylor,Johnson
44832,Jordan,Jones
44833,Morgan,Brown
44834,Taylor,Smith
44835,Alex,Jones
44836,Casey,Smith
44837,Jordan,Williams
44838,Alex,Williams
44839,Morgan,Brown
44840,Casey,Williams
44841,Casey,Brown
44842,Alex,Williams
44843,Alex,Williams
44844,Jordan,Williams
44845,Casey,Smith
44846,Alex,Williams
44847,Morgan,Jones
44848,Taylor,Williams
44849,Jordan,Williams
44850,Casey,Brown
44851,Morgan,Johnson
44852,Morgan,Jones
44853,Alex,Brown
44854,Taylor,Brown
44855,Alex,Jones
44856,Casey,Johnson
44857,Taylor,Jones
44858,Morgan,Jones
44859,Casey,Johnson
44860,Alex,Johnson
44861,Jordan,Johnson
44862,Taylor,Jones
44863,Taylor,Jones
44864,Morgan,Brown
44865,Morgan,Brown
44866,Morgan,Johnson
44867,Alex,Jones
44868,Taylor,Jones
44869,Jordan,Smith
44870,Morgan,Brown
44871,Jordan,Brown
44872,Morgan,Williams
44873,Taylor,Smith
44874,Jordan,Brown
44875,Jordan,Williams
44876,Morgan,Smith
44877,Morgan,Jones
44878,Morgan,Smith
44879,Morgan,Brown
44880,Taylor,Johnson
44881,Alex,Johnson
44882,Jordan,Williams
44883,Jordan,Brown
44884,Morgan,Brown
44885,Jordan,Brown
44886,Morgan,Williams
44887,Taylor,Johnson
44888,Jordan,Williams
44889,Jordan,Johnson
44890,Alex,Johnson
44891,Taylor,Brown
44892,Alex,Jones
44893,Jordan,Johnson
44894,Taylor,Smith
44895,Taylor,Johnson
44896,Taylor,Smith
44897,Casey,Brown
44898,Taylor,Johnson
44899,Alex,Jones
44900,Jordan,Smith
44901,Morgan,Williams
44902,Alex,Williams
44903,Taylor,Williams
44904,Jordan,Johnson
44905,Alex,Johnson
44906,Jordan,Jones
44907,Morgan,Williams
44908,Taylor,Johnson
44909,Alex,Johnson
44910,Taylor,Jones
44911,Jordan,Smith
44912,Morgan,Smith
44913,Casey,Johnson
44914,Morgan,Smith
44915,Casey,Williams
44916,Taylor,Johnson
44917,Casey,Brown
44918,Morgan,Smith
44919,Morgan,Williams
44920,Alex,Johnson
44921,Jordan,Johnson
44922,Taylor,Johnson
44923,Casey,Jones
44924,Morgan,Smith
44925,Alex,Johnson
44926,Taylor,Johnson
44927,Taylor,Brown
44928,Jordan,Brown
44929,Morgan,Smith
44930,Taylor,Johnson
44931,Jordan,Jones
44932,Casey,Williams
44933,Taylor,Johnson
44934,Taylor,Brown
44935,Morgan,Brown
44936,Casey,Brown
44937,Jordan,Smith
44938,Jordan,Williams
44939,Casey,Jones
44940,Casey,Smith
44941,Morgan,Smith
44942,Casey,Smith
44943,Taylor,Brown
44944,Casey,Jones
44945,Jordan,Johnson
44946,Taylor,Williams
44947,Casey,Smith
44948,Morgan,Smith
44949,Jordan,Jones
44950,Alex,Johnson
44951,Casey,Smith
44952,Jordan,Smith
44953,Taylor,Johnson
44954,Casey,Johnson
44955,Morgan,Brown
44956,Jordan,Brown
44957,Alex,Jones
44958,Casey,Brown
44959,Alex,Smith
44960,Morgan,Smith
44961,Jordan,Brown
44962,Jordan,Williams
44963,Jordan,Brown
44964,Taylor,Smith
44965,Casey,Jones
44966,Casey,Smith
44967,Morgan,Brown
44968,Alex,Brown
44969,Jordan,Brown
44970,Jordan,Johnson
44971,Morgan,Brown
44972,Casey,Brown
44973,Alex,Johnson
44974,Taylor,Jones
44975,Taylor,Smith
44976,Morgan,Williams
44977,Alex,Jones
44978,Jordan,Brown
44979,Alex,Smith
44980,Alex,Smith
44981,Alex,Brown
44982,Alex,Jones
44983,Alex,Brown
44984,Taylor,Jones
44985,Alex,Brown
44986,Alex,Smith
44987,Morgan,Johnson
44988,Morgan,Brown
44989,Casey,Smith
44990,Casey,Jones
44991,Alex,Johnson
44992,Taylor,Smith
44993,Alex,Jones
44994,Alex,Smith
44995,Alex,Williams
44996,Alex,Jones
44997,Morgan,Johnson
44998,Jordan,Smith
44999,Taylor,Williams
45000,Morgan,Johnson
45001,Alex,Williams
45002,Alex,Jones
45003,Jordan,Jones
45004,Morgan,Brown
45005,Taylor,Johnson
45006,Casey,Johnson
45007,Jordan,Jones
45008,Morgan,Johnson
45009,Taylor,Jones
45010,Jordan,Williams
45011,Casey,Smith
45012,Jordan,Johnson
45013,Jordan,Brown
45014,Alex,Brown
45015,Jordan,Smith
45016,Morgan,Williams
45017,Alex,Brown
45018,Morgan,Smith
45019,Morgan,Johnson
45020,Casey,Jones
45021,Taylor,Williams
45022,Alex,Brown
45023,Taylor,Smith
45024,Jordan,Brown
45025,Morgan,Brown
45026,Morgan,Jones
45027,Morgan,Smith
45028,Taylor,Smith
45029,Taylor,Jones
45030,Jordan,Brown
45031,Morgan,Brown
45032,Casey,Jones
45033,Morgan,Jones
45034,Alex,Jones
45035,Alex,Smith
45036,Morgan,Williams
45037,Alex,Smith
45038,Casey,Williams
45039,Casey,Jones
45040,Alex,Johnson
45041,Jordan,Johnson
45042,Casey,Williams
45043,Morgan,Brown
45044,Alex,Johnson
45045,Morgan,Williams
45046,Alex,Jones
45047,Morgan,Smith
45048,Casey,Williams
45049,Taylor,Jones
45050,Alex,Jones
45051,Taylor,Johnson
45052,Casey,Brown
45053,Morgan,Williams
45054,Casey,Jones
45055,Jordan,Johnson
45056,Morgan,Williams
45057,Casey,Williams
45058,Alex,Jones
45059,Casey,Smith
45060,Jordan,Williams
45061,Morgan,Smith
45062,Jordan,Jones
45063,Alex,Jones
45064,Alex,Smith
45065,Morgan,Brown
45066,Taylor,Brown
45067,Alex,Jones
45068,Taylor,Smith
45069,Taylor,Brown
45070,Alex,Johnson
45071,Alex,Williams
45072,Casey,Smith
45073,Alex,Williams
45074,Jordan,Johnson
45075,Jordan,Johnson
45076,Morgan,Brown
45077,Morgan,Brown
45078,Jordan,Johnson
45079,Taylor,Smith
45080,Taylor,Johnson
45081,Jordan,Williams
45082,Alex,Johnson
45083,Morgan,Williams
45084,Jordan,Brown
45085,Jordan,Johnson
45086,Morgan,Smith
45087,Jordan,Smith
45088,Taylor,Johnson
45089,Alex,Jones
45090,Taylor,Smith
45091,Jordan,Brown
45092,Morgan,Brown
45093,Alex,Jones
45094,Taylor,Johnson
45095,Alex,Smith
45096,Casey,Johnson
45097,Casey,Jones
45098,Casey,Jones
45099,Casey,Jones
45100,Jordan,Johnson
45101,Jordan,Brown
45102,Alex,Williams
45103,Casey,Williams
45104,Morgan,Smith
45105,Casey,Johnson
45106,Casey,Jones
45107,Morgan,Johnson
45108,Casey,Smith
45109,Morgan,Johnson
45110,Alex,Johnson
45111,Alex,Williams
45112,Alex,Williams
45113,Jordan,Williams
45114,Morgan,Williams
45115,Jordan,Williams
45116,Morgan,Williams
45117,Taylor,Brown
45118,Taylor,Johnson
45119,Alex,Smith
45120,Casey,Johnson
45121,Alex,Smith
45122,Alex,Johnson
45123,Alex,Brown
45124,Casey,Brown
45125,Taylor,Jones
45126,Casey,Johnson
45127,Alex,Brown
45128,Taylor,Brown
45129,Morgan,Williams
45130,Jordan,Jones
45131,Taylor,Williams
45132,Taylor,Brown
45133,Alex,Johnson
45134,Casey,Johnson
45135,Morgan,Brown
45136,Alex,Johnson
45137,Alex,Williams
45138,Alex,Smith
45139,Casey,Jones
45140,Morgan,Brown
45141,Taylor,Williams
45142,Alex,Williams
45143,Morgan,Williams
45144,Taylor,Jones
45145,Jordan,Jones
45146,Casey,Jones
45147,Morgan,Jones
45148,Taylor,Johnson
45149,Jordan,Jones
45150,Taylor,Johnson
45151,Taylor,Jones
45152,Alex,Smith
45153,Casey,Brown
45154,Taylor,Brown
45155,Morgan,Smith
45156,Morgan,Jones
45157,Casey,Smith
45158,Taylor,Brown
45159,Jordan,Johnson
45160,Taylor,Johnson
45161,Taylor,Johnson
45162,Taylor,Jones
45163,Morgan,Johnson
45164,Alex,Jones
45165,Morgan,Brown
45166,Jordan,Brown
45167,Casey,Jones
45168,Taylor,Smith
45169,Morgan,Brown
45170,Casey,Williams
45171,Morgan,Johnson
45172,Alex,Williams
45173,Casey,Williams
45174,Jordan,Johnson
45175,Casey,Williams
45176,Jordan,Williams
45177,Taylor,Brown
45178,Taylor,Williams
45179,Alex,Smith
45180,Jordan,Smith
45181,Morgan,Williams
45182,Morgan,Williams
45183,Morgan,Johnson
45184,Casey,Johnson
45185,Jordan,Jones
45186,Casey,Brown
45187,Taylor,Johnson
45188,Jordan,Williams
45189,Morgan,Brown
45190,Morgan,Williams
45191,Casey,Williams
45192,Jordan,Smith
45193,Taylor,Brown
45194,Alex,Smith
45195,Jordan,Smith
45196,Alex,Johnson
45197,Casey,Williams
45198,Morgan,Smith
45199,Casey,Jones
45200,Morgan,Johnson
45201,Jordan,Johnson
45202,Morgan,Brown
45203,Alex,Smith
45204,Taylor,Brown
45205,Morgan,Williams
45206,Jordan,Johnson
45207,Morgan,Johnson
45208,Morgan,Johnson
45209,Alex,Johnson
45210,Casey,Brown
45211,Taylor,Williams
45212,Jordan,Johnson
45213,Taylor,Brown
45214,Morgan,Brown
45215,Jordan,Williams
45216,Alex,Jones
45217,Morgan,Smith
45218,Alex,Smith
45219,Morgan,Williams
45220,Morgan,Williams
45221,Taylor,Williams
45222,Taylor,Johnson
45223,Alex,Brown
45224,Morgan,Brown
45225,Taylor,Jones
45226,Taylor,Williams
45227,Taylor,Jones
45228,Morgan,Williams
45229,Casey,Smith
45230,Jordan,Brown
45231,Morgan,Williams
45232,Casey,Brown
45233,Casey,Johnson
45234,Casey,Johnson
45235,Jordan,Williams
45236,Taylor,Jones
45237,Jordan,Smith
45238,Taylor,Smith
45239,Jordan,Jones
45240,Casey,Johnson
45241,Jordan,Brown
45242,Morgan,Smith
45243,Morgan,Brown
45244,Alex,Brown
45245,Casey,Williams
45246,Jordan,Williams
45247,Jordan,Williams
45248,Morgan,Williams
45249,Jordan,Brown
45250,Morgan,Jones
45251,Morgan,Smith
45252,Jordan,Johnson
45253,Taylor,Brown
45254,Jordan,Smith
45255,Taylor,Jones
45256,Taylor,Williams
45257,Morgan,Brown
45258,Taylor,Jones
45259,Alex,Williams
45260,Alex,Jones
45261,Casey,Brown
45262,Alex,Brown
45263,Casey,Johnson
45264,Casey,Smith
45265,Jordan,Smith
45266,Casey,Smith
45267,Alex,Brown
45268,Casey,Williams
45269,Casey,Jones
45270,Casey,Brown
45271,Jordan,Williams
45272,Alex,Williams
45273,Alex,Smith
45274,Alex,Williams
45275,Casey,Smith
45276,Casey,Williams
45277,Morgan,Brown
45278,Morgan,Jones
45279,Taylor,Jones
45280,Morgan,Smith
45281,Alex,Johnson
45282,Alex,Jones
45283,Morgan,Smith
45284,Taylor,Jones
45285,Alex,Jones
45286,Casey,Smith
45287,Morgan,Johnson
45288,Taylor,Jones
45289,Alex,Williams
45290,Taylor,Williams
45291,Taylor,Brown
45292,Alex,Jones
45293,Alex,Brown
45294,Morgan,Brown
45295,Morgan,Smith
45296,Casey,Jones
45297,Alex,Jones
45298,Jordan,Jones
45299,Morgan,Jones
45300,Alex,Williams
45301,Morgan,Brown
45302,Jordan,Williams
45303,Casey,Williams
45304,Morgan,Brown
45305,Jordan,Jones
45306,Alex,Smith
45307,Taylor,Smith
45308,Taylor,Smith
45309,Jordan,Jones
45310,Casey,Jones
45311,Taylor,Brown
45312,Alex,Williams
45313,Casey,Williams
45314,Casey,Williams
45315,Taylor,Brown
45316,Morgan,Jones
45317,Alex,Brown
45318,Casey,Johnson
45319,Jordan,Brown
45320,Casey,Brown
45321,Taylor,Brown
45322,Jordan,Williams
45323,Alex,Jones
45324,Alex,Jones
45325,Alex,Williams
45326,Jordan,Brown
45327,Taylor,Williams
45328,Jordan,Brown
45329,Alex,Johnson
45330,Alex,Johnson
45331,Jordan,Jones
45332,Casey,Smith
45333,Jordan,Johnson
45334,Jordan,Jones
45335,Alex,Williams
45336,Alex,Brown
45337,Taylor,Jones
45338,Taylor,Johnson
45339,Taylor,Jones
45340,Morgan,Smith
45341,Alex,Smith
45342,Taylor,Johnson
45343,Casey,Johnson
45344,Casey,Jones
45345,Jordan,Jones
45346,Alex,Brown
45347,Taylor,Williams
45348,Taylor,Brown
45349,Casey,Johnson
45350,Morgan,Johnson
45351,Casey,Johnson
45352,Taylor,Jones
45353,Jordan,Jones
45354,Morgan,Brown
45355,Alex,Williams
45356,Jordan,Johnson
45357,Casey,Brown
45358,Morgan,Brown
45359,Jordan,Brown
45360,Jordan,Jones
45361,Morgan,Williams
45362,Morgan,Williams
45363,Alex,Jones
45364,Morgan,Williams
45365,Taylor,Johnson
45366,Casey,Smith
45367,Jordan,Jones
45368,Casey,Brown
45369,Jordan,Jones
45370,Taylor,Smith
45371,Morgan,Smith
45372,Morgan,Jones
45373,Taylor,Brown
45374,Alex,Smith
45375,Morgan,Smith
45376,Morgan,Jones
45377,Morgan,Williams
45378,Alex,Williams
45379,Taylor,Johnson
45380,Casey,Smith
45381,Alex,Jones
45382,Morgan,Williams
45383,Casey,Brown
45384,Alex,Jones
45385,Morgan,Smith
45386,Jordan,Smith
45387,Alex,Jones
45388,Alex,Brown
45389,Jordan,Johnson
45390,Casey,Williams
45391,Morgan,Jones
45392,Casey,Jones
45393,Morgan,Brown
45394,Jordan,Brown
45395,Casey,Johnson
45396,Jordan,Williams
45397,Casey,Brown
45398,Alex,Brown
45399,Jordan,Johnson
45400,Morgan,Smith
45401,Jordan,Smith
45402,Casey,Jones
45403,Jordan,Johnson
45404,Alex,Brown
45405,Casey,Smith
45406,Jordan,Johnson
45407,Morgan,Johnson
45408,Alex,Jones
45409,Taylor,Johnson
45410,Casey,Smith
45411,Morgan,Brown
45412,Alex,Johnson
45413,Jordan,Johnson
45414,Casey,Smith
45415,Alex,Jones
45416,Casey,Johnson
45417,Jordan,Jones
45418,Taylor,Jones
45419,Morgan,Johnson
45420,Casey,Smith
45421,Taylor,Jones
45422,Taylor,Jones
45423,Casey,Smith
45424,Taylor,Jones
45425,Taylor,Smith
45426,Casey,Smith
45427,Alex,Smith
45428,Taylor,Brown
45429,Morgan,Johnson
45430,Casey,Jones
45431,Casey,Johnson
45432,Taylor,Brown
45433,Morgan,Jones
45434,Alex,Johnson
45435,Jordan,Jones
45436,Alex,Williams
45437,Morgan,Brown
45438,Casey,Williams
45439,Taylor,Jones
45440,Taylor,Smith
45441,Jordan,Williams
45442,Alex,Brown
45443,Morgan,Johnson
45444,Morgan,Smith
45445,Morgan,Brown
45446,Alex,Brown
45447,Morgan,Smith
45448,Taylor,Williams
45449,Taylor,Jones
45450,Casey,Smith
45451,Jordan,Jones
45452,Casey,Jones
45453,Alex,Johnson
45454,Casey,Jones
45455,Jordan,Brown
45456,Casey,Johnson
45457,Casey,Smith
45458,Alex,Johnson
45459,Casey,Jones
45460,Taylor,Brown
45461,Alex,Williams
45462,Taylor,Jones
45463,Casey,Williams
45464,Casey,Brown
45465,Casey,Jones
45466,Morgan,Johnson
45467,Alex,Brown
45468,Morgan,Brown
45469,Alex,Johnson
45470,Casey,Johnson
45471,Jordan,Johnson
45472,Jordan,Williams
45473,Casey,Jones
45474,Casey,Jones
45475,Taylor,Williams
45476,Jordan,Williams
45477,Taylor,Williams
45478,Casey,Williams
45479,Alex,Williams
45480,Alex,Johnson
45481,Morgan,Williams
45482,Morgan,Brown
45483,Casey,Smith
45484,Alex,Brown
45485,Casey,Williams
45486,Casey,Williams
45487,Jordan,Smith
45488,Morgan,Williams
45489,Taylor,Jones
45490,Jordan,Jones
45491,Jordan,Williams
45492,Casey,Johnson
45493,Alex,Brown
45494,Jordan,Brown
45495,Jordan,Williams
45496,Alex,Johnson
45497,Alex,Brown
45498,Morgan,Johnson
45499,Alex,Jones
45500,Casey,Smith
45501,Jordan,Williams
45502,Alex,Jones
45503,Taylor,Brown
45504,Casey,Jones
45505,Morgan,Jones
45506,Taylor,Smith
45507,Jordan,Johnson
45508,Casey,Smith
45509,Taylor,Jones
45510,Morgan,Williams
45511,Morgan,Jones
45512,Casey,Williams
45513,Jordan,Smith
45514,Casey,Brown
45515,Morgan,Brown
45516,Alex,Jones
45517,Morgan,Jones
45518,Morgan,Williams
45519,Alex,Johnson
45520,Morgan,Williams
45521,Jordan,Brown
45522,Jordan,Williams
45523,Casey,Brown
45524,Morgan,Brown
45525,Casey,Brown
45526,Jordan,Johnson
45527,Casey,Williams
45528,Taylor,Brown
45529,Alex,Jones
45530,Alex,Smith
45531,Morgan,Johnson
45532,Taylor,Smith
45533,Alex,Smith
45534,Casey,Johnson
45535,Jordan,Jones
45536,Alex,Smith
45537,Jordan,Brown
45538,Casey,Jones
45539,Alex,Williams
45540,Jordan,Williams
45541,Taylor,Johnson
45542,Alex,Jones
45543,Taylor,Johnson
45544,Alex,Jones
45545,Taylor,Williams
45546,Jordan,Williams
45547,Jordan,Williams
45548,Casey,Jones
45549,Morgan,Brown
45550,Alex,Smith
45551,Morgan,Brown
45552,Taylor,Brown
45553,Morgan,Williams
45554,Jordan,Williams
45555,Alex,Williams
45556,Taylor,Johnson
45557,Taylor,Johnson
45558,Casey,Johnson
45559,Morgan,Brown
45560,Morgan,Smith
45561,Alex,Smith
45562,Morgan,Johnson
45563,Taylor,Jones
45564,Alex,Brown
45565,Casey,Williams
45566,Morgan,Jones
45567,Casey,Johnson
45568,Jordan,Williams
45569,Jordan,Smith
45570,Taylor,Smith
45571,Alex,Jones
45572,Jordan,Smith
45573,Morgan,Smith
45574,Morgan,Brown
45575,Alex,Brown
45576,Casey,Brown
45577,Casey,Brown
45578,Alex,Smith
45579,Casey,Jones
45580,Jordan,Williams
45581,Alex,Jones
45582,Casey,Williams
45583,Taylor,Jones
45584,Morgan,Williams
45585,Taylor,Smith
45586,Casey,Jones
45587,Jordan,Smith
45588,Morgan,Williams
45589,Taylor,Johnson
45590,Jordan,Jones
45591,Morgan,Jones
45592,Jordan,Brown
45593,Morgan,Jones
45594,Casey,Johnson
45595,Morgan,Johnson
45596,Morgan,Williams
45597,Morgan,Smith
45598,Alex,Williams
45599,Morgan,Williams
45600,Jordan,Johnson
45601,Taylor,Johnson
45602,Alex,Williams
45603,Casey,Jones
45604,Morgan,Williams
45605,Morgan,Jones
45606,Jordan,Smith
45607,Casey,Brown
45608,Alex,Williams
45609,Casey,Johnson
45610,Jordan,Jones
45611,Alex,Jones
45612,Taylor,Johnson
45613,Jordan,Williams
45614,Alex,Smith
45615,Taylor,Jones
45616,Alex,Jones
45617,Jordan,Brown
45618,Taylor,Williams
45619,Morgan,Johnson
45620,Alex,Brown
45621,Alex,Johnson
45622,Alex,Jones
45623,Casey,Johnson
45624,Jordan,Smith
45625,Casey,Williams
45626,Alex,Smith
45627,Jordan,Brown
45628,Jordan,Smith
45629,Alex,Jones
45630,Alex,Johnson
45631,Casey,Jones
45632,Morgan,Brown
45633,Taylor,Smith
45634,Alex,Brown
45635,Taylor,Johnson
45636,Taylor,Smith
45637,Casey,Brown
45638,Morgan,Brown
45639,Jordan,Williams
45640,Casey,Brown
45641,Casey,Brown
45642,Jordan,Smith
45643,Casey,Jones
45644,Casey,Williams
45645,Taylor,Jones
45646,Alex,Brown
45647,Alex,Johnson
45648,Morgan,Brown
45649,Jordan,Jones
45650,Morgan,Jones
45651,Jordan,Williams
45652,Jordan,Smith
45653,Morgan,Brown
45654,Casey,Brown
45655,Taylor,Smith
45656,Jordan,Brown
45657,Casey,Jones
45658,Jordan,Williams
45659,Jordan,Johnson
45660,Morgan,Brown
45661,Casey,Johnson
45662,Taylor,Smith
45663,Alex,Williams
45664,Casey,Jones
45665,Morgan,Brown
45666,Morgan,Smith
45667,Alex,Brown
45668,Alex,Williams
45669,Jordan,Jones
45670,Casey,Smith
45671,Morgan,Johnson
45672,Jordan,Johnson
45673,Casey,Brown
45674,Jordan,Jones
45675,Morgan,Smith
45676,Morgan,Brown
45677,Casey,Brown
45678,Jordan,Johnson
45679,Morgan,Johnson
45680,Jordan,Jones
45681,Casey,Williams
45682,Morgan,Johnson
45683,Morgan,Johnson
45684,Alex,Jones
45685,Casey,Johnson
45686,Jordan,Jones
45687,Morgan,Jones
45688,Alex,Brown
45689,Alex,Brown
45690,Alex,Williams
45691,Taylor,Williams
45692,Jordan,Smith
45693,Alex,Jones
45694,Morgan,Brown
45695,Casey,Smith
45696,Jordan,Smith
45697,Morgan,Johnson
45698,Taylor,Brown
45699,Taylor,Jones
45700,Morgan,Smith
45701,Jordan,Jones
45702,Jordan,Jones
45703,Alex,Williams
45704,Alex,Brown
45705,Taylor,Smith
45706,Jordan,Williams
45707,Taylor,Williams
45708,Casey,Smith
45709,Alex,Williams
45710,Jordan,Smith
45711,Morgan,Brown
45712,Alex,Brown
45713,Morgan,Brown
45714,Jordan,Johnson
45715,Casey,Brown
45716,Morgan,Johnson
45717,Jordan,Smith
45718,Jordan,Johnson
45719,Morgan,Jones
45720,Morgan,Brown
45721,Jordan,Johnson
45722,Taylor,Jones
45723,Taylor,Jones
45724,Casey,Brown
45725,Casey,Brown
45726,Casey,Jones
45727,Jordan,Johnson
45728,Alex,Smith
45729,Casey,Smith
45730,Taylor,Johnson
45731,Alex,Williams
45732,Jordan,Johnson
45733,Alex,Smith
45734,Taylor,Johnson
45735,Morgan,Jones
45736,Jordan,Brown
45737,Casey,Brown
45738,Taylor,Williams
45739,Taylor,Jones
45740,Casey,Williams
45741,Jordan,Brown
45742,Casey,Brown
45743,Alex,Johnson
45744,Taylor,Brown
45745,Taylor,Smith
45746,Morgan,Johnson
45747,Jordan,Smith
45748,Alex,Jones
45749,Alex,Jones
45750,Alex,Johnson
45751,Taylor,Williams
45752,Morgan,Williams
45753,Jordan,Jones
45754,Alex,Brown
45755,Morgan,Smith
45756,Jordan,Brown
45757,Morgan,Smith
45758,Jordan,Brown
45759,Casey,Smith
45760,Jordan,Brown
45761,Morgan,Jones
45762,Morgan,Johnson
45763,Morgan,Williams
45764,Casey,Brown
45765,Jordan,Brown
45766,Morgan,Smith
45767,Casey,Jones
45768,Casey,Smith
45769,Taylor,Johnson
45770,Alex,Johnson
45771,Alex,Brown
45772,Casey,Johnson
45773,Jordan,Williams
45774,Morgan,Smith
45775,Alex,Johnson
45776,Alex,Jones
45777,Casey,Johnson
45778,Jordan,Smith
45779,Casey,Brown
45780,Jordan,Williams
45781,Taylor,Smith
45782,Alex,Brown
45783,Taylor,Jones
45784,Alex,Williams
45785,Taylor,Williams
45786,Casey,Williams
45787,Taylor,Williams
45788,Casey,Williams
45789,Jordan,Brown
45790,Alex,Williams
45791,Alex,Jones
45792,Jordan,Brown
45793,Alex,Jones
45794,Casey,Williams
45795,Casey,Jones
45796,Taylor,Jones
45797,Morgan,Jones
45798,Jordan,Smith
45799,Casey,Williams
45800,Alex,Brown
45801,Taylor,Smith
45802,Morgan,Brown
45803,Morgan,Brown
45804,Casey,Smith
45805,Alex,Jones
45806,Jordan,Johnson
45807,Alex,Williams
45808,Alex,Smith
45809,Alex,Johnson
45810,Alex,Smith
45811,Taylor,Brown
45812,Morgan,Jones
45813,Jordan,Johnson
45814,Jordan,Williams
45815,Taylor,Johnson
45816,Alex,Jones
45817,Taylor,Brown
45818,Casey,Williams
45819,Jordan,Johnson
45820,Morgan,Smith
45821,Casey,Jones
45822,Morgan,Williams
45823,Jordan,Smith
45824,Morgan,Williams
45825,Taylor,Smith
45826,Morgan,Brown
45827,Taylor,Jones
45828,Alex,Brown
45829,Casey,Brown
45830,Jordan,Jones
45831,Alex,Jones
45832,Jordan,Jones
45833,Casey,Smith
45834,Taylor,Brown
45835,Alex,Smith
45836,Morgan,Johnson
45837,Taylor,Williams
45838,Taylor,Smith
45839,Jordan,Brown
45840,Morgan,Jones
45841,Alex,Johnson
45842,Jordan,Williams
45843,Alex,Brown
45844,Casey,Williams
45845,Morgan,Williams
45846,Alex,Brown
45847,Taylor,Johnson
45848,Morgan,Smith
45849,Taylor,Smith
45850,Jordan,Brown
45851,Alex,Jones
45852,Jordan,Williams
45853,Taylor,Johnson
45854,Morgan,Williams
45855,Alex,Brown
45856,Taylor,Williams
45857,Morgan,Brown
45858,Alex,Jones
45859,Morgan,Johnson
45860,Casey,Brown
45861,Morgan,Jones
45862,Taylor,Smith
45863,Alex,Jones
45864,Jordan,Brown
45865,Alex,Williams
45866,Morgan,Smith
45867,Casey,Williams
45868,Taylor,Smith
45869,Taylor,Williams
45870,Alex,Smith
45871,Casey,Smith
45872,Alex,Jones
45873,Alex,Smith
45874,Alex,Johnson
45875,Casey,Williams
45876,Alex,Smith
45877,Casey,Jones
45878,Alex,Johnson
45879,Casey,Smith
45880,Jordan,Smith
45881,Taylor,Johnson
45882,Alex,Smith
45883,Taylor,Brown
45884,Taylor,Jones
45885,Jordan,Smith
45886,Taylor,Jones
45887,Taylor,Brown
45888,Casey,Brown
45889,Morgan,Johnson
45890,Alex,Johnson
45891,Morgan,Jones
45892,Alex,Jones
45893,Jordan,Smith
45894,Taylor,Williams
45895,Casey,Smith
45896,Jordan,Brown
45897,Morgan,Brown
45898,Alex,Jones
45899,Casey,Smith
45900,Morgan,Johnson
45901,Alex,Williams
45902,Alex,Smith
45903,Jordan,Smith
45904,Casey,Johnson
45905,Taylor,Smith
45906,Morgan,Williams
45907,Jordan,Jones
45908,Casey,Johnson
45909,Casey,Williams
45910,Alex,Brown
45911,Taylor,Jones
45912,Alex,Williams
45913,Morgan,Williams
45914,Taylor,Jones
45915,Jordan,Brown
45916,Morgan,Brown
45917,Jordan,Johnson
45918,Taylor,Johnson
45919,Morgan,Brown
45920,Taylor,Jones
45921,Taylor,Brown
45922,Taylor,Williams
45923,Taylor,Brown
45924,Taylor,Johnson
45925,Casey,Jones
45926,Casey,Williams
45927,Jordan,Smith
45928,Jordan,Smith
45929,Morgan,Jones
45930,Taylor,Williams
45931,Taylor,Smith
45932,Jordan,Williams
45933,Taylor,Johnson
45934,Alex,Brown
45935,Taylor,Brown
45936,Morgan,Johnson
45937,Alex,Jones
45938,Taylor,Smith
45939,Taylor,Williams
45940,Jordan,Smith
45941,Alex,Williams
45942,Taylor,Brown
45943,Jordan,Brown
45944,Jordan,Brown
45945,Casey,Smith
45946,Alex,Jones
45947,Taylor,Jones
45948,Jordan,Williams
45949,Taylor,Johnson
45950,Morgan,Brown
45951,Morgan,Jones
45952,Casey,Brown
45953,Morgan,Brown
45954,Casey,Jones
45955,Casey,Johnson
45956,Casey,Williams
45957,Casey,Smith
45958,Taylor,Brown
45959,Taylor,Johnson
45960,Alex,Brown
45961,Casey,Johnson
45962,Casey,Brown
45963,Jordan,Jones
45964,Casey,Williams
45965,Morgan,Williams
45966,Alex,Brown
45967,Jordan,Smith
45968,Casey,Jones
45969,Alex,Smith
45970,Jordan,Jones
45971,Casey,Brown
45972,Morgan,Johnson
45973,Casey,Brown
45974,Taylor,Smith
45975,Morgan,Smith
45976,Jordan,Smith
45977,Morgan,Brown
45978,Morgan,Smith
45979,Casey,Brown
45980,Morgan,Smith
45981,Casey,Williams
45982,Morgan,Johnson
45983,Alex,Brown
45984,Alex,Jones
45985,Alex,Smith
45986,Jordan,Johnson
45987,Casey,Brown
45988,Taylor,Smith
45989,Taylor,Brown
45990,Morgan,Johnson
45991,Jordan,Jones
45992,Morgan,Williams
45993,Jordan,Brown
45994,Jordan,Williams
45995,Casey,Williams
45996,Alex,Williams
45997,Alex,Jones
45998,Casey,Johnson
45999,Taylor,Johnson
46000,Morgan,Williams
46001,Casey,Brown
46002,Taylor,Jones
46003,Jordan,Smith
46004,Casey,Brown
46005,Alex,Smith
46006,Alex,Jones
46007,Alex,Jones
46008,Taylor,Brown
46009,Taylor,Jones
46010,Taylor,Smith
46011,Taylor,Smith
46012,Alex,Brown
46013,Alex,Brown
46014,Alex,Jones
46015,Taylor,Williams
46016,Taylor,Jones
46017,Alex,Johnson
46018,Jordan,Johnson
46019,Morgan,Smith
46020,Casey,Smith
46021,Jordan,Smith
46022,Taylor,Brown
46023,Taylor,Williams
46024,Alex,Smith
46025,Taylor,Brown
46026,Morgan,Johnson
46027,Morgan,Williams
46028,Morgan,Jones
46029,Casey,Smith
46030,Alex,Jones
46031,Taylor,Brown
46032,Alex,Johnson
46033,Jordan,Johnson
46034,Alex,Brown
46035,Taylor,Brown
46036,Morgan,Johnson
46037,Alex,Williams
46038,Casey,Williams
46039,Alex,Williams
46040,Morgan,Smith
46041,Casey,Johnson
46042,Casey,Jones
46043,Alex,Johnson
46044,Jordan,Smith
46045,Jordan,Brown
46046,Alex,Williams
46047,Alex,Smith
46048,Casey,Williams
46049,Jordan,Johnson
46050,Casey,Johnson
46051,Jordan,Williams
46052,Jordan,Johnson
46053,Jordan,Johnson
46054,Taylor,Jones
46055,Taylor,Jones
46056,Casey,Williams
46057,Morgan,Williams
46058,Jordan,Johnson
46059,Taylor,Jones
46060,Jordan,Jones
46061,Jordan,Brown
46062,Taylor,Johnson
46063,Taylor,Brown
46064,Jordan,Smith
46065,Taylor,Brown
46066,Taylor,Smith
46067,Taylor,Smith
46068,Alex,Brown
46069,Casey,Jones
46070,Alex,Brown
46071,Alex,Williams
46072,Jordan,Smith
46073,Casey,Jones
46074,Jordan,Johnson
46075,Morgan,Jones
46076,Casey,Williams
46077,Casey,Johnson
46078,Morgan,Brown
46079,Morgan,Johnson
46080,Alex,Jones
46081,Morgan,Johnson
46082,Taylor,Jones
46083,Jordan,Jones
46084,Casey,Johnson
46085,Jordan,Brown
46086,Alex,Smith
46087,Casey,Williams
46088,Alex,Smith
46089,Casey,Brown
46090,Casey,Williams
46091,Alex,Jones
46092,Casey,Smith
46093,Casey,Johnson
46094,Alex,Jones
46095,Casey,Williams
46096,Taylor,Williams
46097,Jordan,Smith
46098,Jordan,Williams
46099,Jordan,Smith
46100,Morgan,Brown
46101,Casey,Jones
46102,Alex,Brown
46103,Taylor,Smith
46104,Jordan,Johnson
46105,Alex,Jones
46106,Casey,Williams
46107,Casey,Smith
46108,Morgan,Williams
46109,Taylor,Brown
46110,Morgan,Johnson
46111,Alex,Johnson
46112,Morgan,Johnson
46113,Morgan,Johnson
46114,Morgan,Williams
46115,Jordan,Smith
46116,Alex,Williams
46117,Alex,Brown
46118,Alex,Williams
46119,Alex,Jones
46120,Taylor,Smith
46121,Casey,Williams
46122,Taylor,Johnson
46123,Alex,Jones
46124,Casey,Johnson
46125,Taylor,Johnson
46126,Morgan,Williams
46127,Casey,Williams
46128,Morgan,Williams
46129,Alex,Williams
46130,Taylor,Brown
46131,Casey,Johnson
46132,Morgan,Jones
46133,Alex,Jones
46134,Morgan,Williams
46135,Jordan,Williams
46136,Morgan,Johnson
46137,Taylor,Smith
46138,Jordan,Smith
46139,Morgan,Brown
46140,Jordan,Johnson
46141,Casey,Williams
46142,Casey,Jones
46143,Alex,Brown
46144,Jordan,Smith
46145,Morgan,Johnson
46146,Casey,Brown
46147,Casey,Johnson
46148,Jordan,Jones
46149,Morgan,Smith
46150,Taylor,Johnson
46151,Casey,Jones
46152,Taylor,Jones
46153,Jordan,Smith
46154,Casey,Brown
46155,Casey,Jones
46156,Casey,Brown
46157,Casey,Brown
46158,Casey,Smith
46159,Morgan,Smith
46160,Jordan,Williams
46161,Jordan,Smith
46162,Jordan,Jones
46163,Taylor,Williams
46164,Taylor,Johnson
46165,Casey,Smith
46166,Morgan,Johnson
46167,Casey,Williams
46168,Casey,Johnson
46169,Jordan,Jones
46170,Jordan,Brown
46171,Alex,Williams
46172,Jordan,Jones
46173,Taylor,Williams
46174,Morgan,Smith
46175,Alex,Smith
46176,Taylor,Jones
46177,Taylor,Williams
46178,Morgan,Smith
46179,Taylor,Williams
46180,Taylor,Brown
46181,Casey,Jones
46182,Alex,Jones
46183,Casey,Brown
46184,Jordan,Johnson
46185,Morgan,Johnson
46186,Morgan,Johnson
46187,Alex,Johnson
46188,Jordan,Smith
46189,Morgan,Jones
46190,Jordan,Brown
46191,Morgan,Jones
46192,Alex,Johnson
46193,Jordan,Brown
46194,Alex,Brown
46195,Alex,Brown
46196,Casey,Williams
46197,Morgan,Smith
46198,Jordan,Smith
46199,Alex,Jones
46200,Alex,Smith
46201,Casey,Williams
46202,Taylor,Jones
46203,Alex,Smith
46204,Casey,Smith
46205,Casey,Williams
46206,Jordan,Johnson
46207,Alex,Brown
46208,Alex,Johnson
46209,Morgan,Williams
46210,Jordan,Williams
46211,Casey,Brown
46212,Jordan,Johnson
46213,Taylor,Smith
46214,Morgan,Jones
46215,Jordan,Johnson
46216,Jordan,Johnson
46217,Taylor,Jones
46218,Taylor,Jones
46219,Jordan,Brown
46220,Casey,Smith
46221,Alex,Smith
46222,Jordan,Brown
46223,Morgan,Brown
46224,Taylor,Smith
46225,Jordan,Jones
46226,Jordan,Smith
46227,Casey,Johnson
46228,Jordan,Williams
46229,Alex,Johnson
46230,Morgan,Smith
46231,Jordan,Brown
46232,Alex,Johnson
46233,Alex,Jones
46234,Taylor,Johnson
46235,Casey,Johnson
46236,Casey,Brown
46237,Alex,Jones
46238,Jordan,Williams
46239,Taylor,Brown
46240,Taylor,Johnson
46241,Jordan,Williams
46242,Morgan,Williams
46243,Taylor,Jones
46244,Alex,Johnson
46245,Casey,Brown
46246,Taylor,Johnson
46247,Morgan,Brown
46248,Alex,Johnson
46249,Morgan,Williams
46250,Morgan,Smith
46251,Taylor,Brown
46252,Alex,Smith
46253,Casey,Jones
46254,Alex,Jones
46255,Taylor,Smith
46256,Morgan,Smith
46257,Alex,Smith
46258,Morgan,Williams
46259,Morgan,Johnson
46260,Alex,Brown
46261,Jordan,Jones
46262,Jordan,Jones
46263,Alex,Jones
46264,Casey,Jones
46265,Taylor,Smith
46266,Taylor,Brown
46267,Taylor,Brown
46268,Jordan,Jones
46269,Morgan,Smith
46270,Casey,Williams
46271,Alex,Jones
46272,Jordan,Williams
46273,Jordan,Smith
46274,Taylor,Smith
46275,Morgan,Brown
46276,Casey,Johnson
46277,Casey,Jones
46278,Morgan,Smith
46279,Jordan,Williams
46280,Morgan,Johnson
46281,Jordan,Williams
46282,Alex,Johnson
46283,Casey,Jones
46284,Alex,Jones
46285,Jordan,Smith
46286,Casey,Smith
46287,Jordan,Johnson
46288,Taylor,Smith
46289,Alex,Johnson
46290,Casey,Williams
46291,Casey,Jones
46292,Jordan,Williams
46293,Casey,Brown
46294,Jordan,Smith
46295,Taylor,Jones
46296,Morgan,Johnson
46297,Casey,Williams
46298,Casey,Brown
46299,Taylor,Williams
46300,Jordan,Brown
46301,Alex,Brown
46302,Taylor,Williams
46303,Alex,Williams
46304,Morgan,Johnson
46305,Jordan,Williams
46306,Alex,Williams
46307,Casey,Williams
46308,Alex,Williams
46309,Morgan,Brown
46310,Taylor,Brown
46311,Jordan,Brown
46312,Casey,Brown
46313,Morgan,Brown
46314,Morgan,Brown
46315,Casey,Brown
46316,Morgan,Smith
46317,Taylor,Williams
46318,Taylor,Brown
46319,Taylor,Jones
46320,Morgan,Brown
46321,Taylor,Smith
46322,Taylor,Johnson
46323,Taylor,Jones
46324,Taylor,Smith
46325,Jordan,Johnson
46326,Jordan,Johnson
46327,Alex,Jones
46328,Taylor,Brown
46329,Jordan,Jones
46330,Taylor,Smith
46331,Alex,Johnson
46332,Casey,Jones
46333,Taylor,Brown
46334,Jordan,Smith
46335,Jordan,Jones
46336,Jordan,Smith
46337,Taylor,Brown
46338,Taylor,Jones
46339,Morgan,Jones
46340,Morgan,Brown
46341,Jordan,Smith
46342,Morgan,Johnson
46343,Taylor,Brown
46344,Morgan,Johnson
46345,Alex,Williams
46346,Taylor,Williams
46347,Casey,Williams
46348,Casey,Johnson
46349,Morgan,Smith
46350,Casey,Jones
46351,Morgan,Johnson
46352,Morgan,Johnson
46353,Taylor,Smith
46354,Taylor,Williams
46355,Taylor,Johnson
46356,Alex,Williams
46357,Jordan,Smith
46358,Morgan,Smith
46359,Morgan,Smith
46360,Taylor,Jones
46361,Alex,Williams
46362,Morgan,Williams
46363,Taylor,Brown
46364,Morgan,Smith
46365,Alex,Jones
46366,Taylor,Johnson
46367,Alex,Williams
46368,Casey,Smith
46369,Jordan,Smith
46370,Morgan,Johnson
46371,Casey,Johnson
46372,Taylor,Brown
46373,Casey,Jones
46374,Casey,Jones
46375,Casey,Williams
46376,Alex,Brown
46377,Jordan,Jones
46378,Morgan,Brown
46379,Morgan,Jones
46380,Casey,Brown
46381,Morgan,Johnson
46382,Alex,Smith
46383,Casey,Johnson
46384,Taylor,Brown
46385,Casey,Brown
46386,Casey,Brown
46387,Morgan,Johnson
46388,Jordan,Williams
46389,Jordan,Smith
46390,Casey,Jones
46391,Taylor,Johnson
46392,Morgan,Johnson
46393,Jordan,Williams
46394,Morgan,Jones
46395,Taylor,Brown
46396,Jordan,Brown
46397,Taylor,Brown
46398,Morgan,Brown
46399,Morgan,Jones
46400,Casey,Brown
46401,Jordan,Smith
46402,Alex,Williams
46403,Alex,Jones
46404,Jordan,Williams
46405,Alex,Johnson
46406,Alex,Jones
46407,Casey,Williams
46408,Taylor,Brown
46409,Morgan,Johnson
46410,Casey,Jones
46411,Morgan,Brown
46412,Morgan,Williams
46413,Taylor,Jones
46414,Taylor,Johnson
46415,Taylor,Smith
46416,Jordan,Jones
46417,Morgan,Jones
46418,Taylor,Smith
46419,Alex,Williams
46420,Taylor,Williams
46421,Casey,Smith
46422,Alex,Smith
46423,Morgan,Smith
46424,Taylor,Brown
46425,Morgan,Brown
46426,Morgan,Johnson
46427,Alex,Smith
46428,Morgan,Smith
46429,Alex,Smith
46430,Taylor,Williams
46431,Casey,Jones
46432,Alex,Jones
46433,Taylor,Brown
46434,Jordan,Smith
46435,Casey,Jones
46436,Morgan,Johnson
46437,Alex,Williams
46438,Alex,Johnson
46439,Morgan,Smith
46440,Alex,Smith
46441,Casey,Johnson
46442,Taylor,Johnson
46443,Morgan,Smith
46444,Casey,Smith
46445,Casey,Jones
46446,Casey,Jones
46447,Casey,Brown
46448,Casey,Jones
46449,Alex,Johnson
46450,Alex,Johnson
46451,Taylor,Johnson
46452,Taylor,Jones
46453,Alex,Williams
46454,Casey,Johnson
46455,Alex,Williams
46456,Morgan,Williams
46457,Morgan,Jones
46458,Morgan,Smith
46459,Casey,Jones
46460,Alex,Jones
46461,Morgan,Smith
46462,Taylor,Williams
46463,Morgan,Smith
46464,Jordan,Jones
46465,Jordan,Johnson
46466,Alex,Jones
46467,Taylor,Williams
46468,Jordan,Brown
46469,Morgan,Jones
46470,Alex,Jones
46471,Morgan,Brown
46472,Morgan,Johnson
46473,Alex,Brown
46474,Taylor,Jones
46475,Casey,Brown
46476,Jordan,Brown
46477,Alex,Smith
46478,Alex,Johnson
46479,Taylor,Williams
46480,Taylor,Williams
46481,Taylor,Brown
46482,Casey,Williams
46483,Alex,Brown
46484,Morgan,Williams
46485,Taylor,Jones
46486,Taylor,Johnson
46487,Casey,Brown
46488,Taylor,Smith
46489,Alex,Johnson
46490,Taylor,Williams
46491,Casey,Brown
46492,Casey,Jones
46493,Casey,Williams
46494,Jordan,Brown
46495,Jordan,Johnson
46496,Morgan,Smith
46497,Taylor,Johnson
46498,Jordan,Jones
46499,Casey,Williams
46500,Jordan,Smith
46501,Jordan,Brown
46502,Morgan,Williams
46503,Casey,Brown
46504,Jordan,Jones
46505,Taylor,Smith
46506,Alex,Jones
46507,Casey,Johnson
46508,Jordan,Brown
46509,Casey,Brown
46510,Morgan,Brown
46511,Morgan,Smith
46512,Taylor,Smith
46513,Casey,Brown
46514,Casey,Jones
46515,Morgan,Brown
46516,Alex,Johnson
46517,Taylor,Smith
46518,Alex,Smith
46519,Taylor,Smith
46520,Alex,Jones
46521,Morgan,Brown
46522,Jordan,Brown
46523,Jordan,Williams
46524,Casey,Smith
46525,Morgan,Williams
46526,Taylor,Smith
46527,Casey,Brown
46528,Morgan,Smith
46529,Morgan,Johnson
46530,Taylor,Williams
46531,Morgan,Johnson
46532,Taylor,Johnson
46533,Casey,Williams
46534,Taylor,Williams
46535,Jordan,Johnson
46536,Taylor,Brown
46537,Casey,Brown
46538,Alex,Smith
46539,Casey,Williams
46540,Morgan,Williams
46541,Taylor,Smith
46542,Jordan,Smith
46543,Taylor,Smith
46544,Taylor,Smith
46545,Morgan,Johnson
46546,Jordan,Williams
46547,Taylor,Smith
46548,Taylor,Johnson
46549,Jordan,Jones
46550,Casey,Johnson
46551,Jordan,Brown
46552,Jordan,Johnson
46553,Jordan,Smith
46554,Taylor,Johnson
46555,Jordan,Jones
46556,Morgan,Brown
46557,Casey,Johnson
46558,Morgan,Jones
46559,Taylor,Williams
46560,Taylor,Brown
46561,Alex,Williams
46562,Taylor,Smith
46563,Casey,Jones
46564,Morgan,Brown
46565,Jordan,Johnson
46566,Alex,Brown
46567,Alex,Jones
46568,Taylor,Brown
46569,Morgan,Jones
46570,Alex,Johnson
46571,Taylor,Jones
46572,Casey,Johnson
46573,Casey,Brown
46574,Jordan,Johnson
46575,Casey,Brown
46576,Jordan,Johnson
46577,Alex,Brown
46578,Morgan,Jones
46579,Taylor,Jones
46580,Alex,Jones
46581,Alex,Smith
46582,Taylor,Jones
46583,Alex,Johnson
46584,Jordan,Brown
46585,Jordan,Smith
46586,Alex,Brown
46587,Casey,Jones
46588,Jordan,Williams
46589,Alex,Jones
46590,Taylor,Smith
46591,Morgan,Brown
46592,Alex,Williams
46593,Jordan,Smith
46594,Casey,Jones
46595,Casey,Smith
46596,Casey,Brown
46597,Casey,Smith
46598,Casey,Jones
46599,Morgan,Jones
46600,Jordan,Jones
46601,Morgan,Smith
46602,Casey,Williams
46603,Morgan,Johnson
46604,Jordan,Smith
46605,Jordan,Williams
46606,Taylor,Williams
46607,Morgan,Jones
46608,Taylor,Jones
46609,Casey,Smith
46610,Jordan,Jones
46611,Alex,Jones
46612,Morgan,Brown
46613,Taylor,Jones
46614,Morgan,Johnson
46615,Alex,Brown
46616,Alex,Smith
46617,Casey,Johnson
46618,Jordan,Brown
46619,Taylor,Johnson
46620,Taylor,Brown
46621,Jordan,Williams
46622,Jordan,Williams
46623,Alex,Brown
46624,Morgan,Jones
46625,Jordan,Smith
46626,Morgan,Jones
46627,Casey,Johnson
46628,Jordan,Johnson
46629,Jordan,Brown
46630,Alex,Jones
46631,Jordan,Smith
46632,Taylor,Johnson
46633,Taylor,Williams
46634,Jordan,Williams
46635,Morgan,Brown
46636,Jordan,Johnson
46637,Taylor,Brown
46638,Casey,Jones
46639,Taylor,Smith
46640,Morgan,Brown
46641,Alex,Smith
46642,Casey,Jones
46643,Casey,Brown
46644,Taylor,Williams
46645,Taylor,Smith
46646,Taylor,Smith
46647,Morgan,Williams
46648,Alex,Brown
46649,Morgan,Williams
46650,Casey,Johnson
46651,Taylor,Johnson
46652,Jordan,Smith
46653,Taylor,Brown
46654,Morgan,Brown
46655,Jordan,Brown
46656,Taylor,Smith
46657,Jordan,Johnson
46658,Alex,Jones
46659,Casey,Smith
46660,Jordan,Smith
46661,Casey,Jones
46662,Morgan,Williams
46663,Alex,Jones
46664,Morgan,Johnson
46665,Alex,Jones
46666,Casey,Smith
46667,Jordan,Jones
46668,Alex,Jones
46669,Alex,Smith
46670,Taylor,Brown
46671,Taylor,Johnson
46672,Taylor,Jones
46673,Casey,Jones
46674,Jordan,Johnson
46675,Alex,Smith
46676,Taylor,Johnson
46677,Morgan,Brown
46678,Morgan,Johnson
46679,Casey,Williams
46680,Jordan,Brown
46681,Morgan,Brown
46682,Alex,Brown
46683,Jordan,Johnson
46684,Jordan,Johnson
46685,Taylor,Williams
46686,Morgan,Williams
46687,Morgan,Jones
46688,Casey,Williams
46689,Morgan,Johnson
46690,Taylor,Johnson
46691,Morgan,Smith
46692,Casey,Johnson
46693,Jordan,Jones
46694,Jordan,Brown
46695,Taylor,Jones
46696,Morgan,Jones
46697,Jordan,Smith
46698,Morgan,Williams
46699,Taylor,Smith
46700,Alex,Williams
46701,Casey,Smith
46702,Jordan,Williams
46703,Casey,Johnson
46704,Taylor,Johnson
46705,Taylor,Jones
46706,Morgan,Jones
46707,Casey,Johnson
46708,Casey,Jones
46709,Jordan,Jones
46710,Taylor,Williams
46711,Morgan,Jones
46712,Alex,Williams
46713,Casey,Williams
46714,Morgan,Smith
46715,Taylor,Williams
46716,Alex,Smith
46717,Casey,Brown
46718,Casey,Johnson
46719,Morgan,Jones
46720,Morgan,Williams
46721,Casey,Jones
46722,Casey,Jones
46723,Casey,Jones
46724,Casey,Smith
46725,Morgan,Smith
46726,Alex,Johnson
46727,Alex,Williams
46728,Taylor,Williams
46729,Morgan,Jones
46730,Alex,Brown
46731,Jordan,Jones
46732,Alex,Jones
46733,Casey,Brown
46734,Morgan,Brown
46735,Morgan,Williams
46736,Alex,Johnson
46737,Taylor,Johnson
46738,Morgan,Williams
46739,Morgan,Brown
46740,Casey,Williams
46741,Casey,Smith
46742,Taylor,Johnson
46743,Casey,Brown
46744,Casey,Johnson
46745,Alex,Johnson
46746,Casey,Brown
46747,Alex,Jones
46748,Alex,Johnson
46749,Taylor,Jones
46750,Jordan,Williams
46751,Jordan,Smith
46752,Casey,Smith
46753,Alex,Brown
46754,Jordan,Williams
46755,Taylor,Williams
46756,Alex,Jones
46757,Taylor,Johnson
46758,Casey,Williams
46759,Morgan,Johnson
46760,Jordan,Jones
46761,Jordan,Williams
46762,Jordan,Jones
46763,Taylor,Williams
46764,Jordan,Williams
46765,Casey,Smith
46766,Jordan,Jones
46767,Morgan,Brown
46768,Morgan,Brown
46769,Casey,Brown
46770,Casey,Smith
46771,Taylor,Brown
46772,Jordan,Jones
46773,Casey,Johnson
46774,Taylor,Jones
46775,Alex,Johnson
46776,Jordan,Brown
46777,Taylor,Jones
46778,Alex,Brown
46779,Casey,Williams
46780,Jordan,Jones
46781,Casey,Williams
46782,Morgan,Jones
46783,Alex,Johnson
46784,Casey,Smith
46785,Casey,Smith
46786,Alex,Brown
46787,Jordan,Brown
46788,Casey,Jones
46789,Casey,Jones
46790,Casey,Johnson
46791,Morgan,Brown
46792,Taylor,Jones
46793,Morgan,Brown
46794,Alex,Brown
46795,Morgan,Johnson
46796,Alex,Jones
46797,Casey,Johnson
46798,Morgan,Smith
46799,Jordan,Johnson
46800,Jordan,Williams
46801,Taylor,Johnson
46802,Morgan,Smith
46803,Taylor,Williams
46804,Alex,Brown
46805,Casey,Brown
46806,Morgan,Johnson
46807,Alex,Johnson
46808,Jordan,Jones
46809,Alex,Brown
46810,Alex,Johnson
46811,Alex,Jones
46812,Morgan,Brown
46813,Alex,Jones
46814,Taylor,Johnson
46815,Morgan,Brown
46816,Alex,Jones
46817,Casey,Smith
46818,Morgan,Smith
46819,Morgan,Williams
46820,Alex,Johnson
46821,Jordan,Johnson
46822,Taylor,Williams
46823,Taylor,Brown
46824,Alex,Williams
46825,Casey,Williams
46826,Taylor,Jones
46827,Morgan,Brown
46828,Casey,Williams
46829,Taylor,Williams
46830,Morgan,Williams
46831,Morgan,Smith
46832,Taylor,Johnson
46833,Casey,Brown
46834,Taylor,Williams
46835,Jordan,Johnson
46836,Alex,Johnson
46837,Taylor,Jones
46838,Jordan,Brown
46839,Alex,Brown
46840,Taylor,Johnson
46841,Morgan,Smith
46842,Alex,Williams
46843,Morgan,Brown
46844,Alex,Smith
46845,Casey,Johnson
46846,Morgan,Smith
46847,Alex,Brown
46848,Morgan,Smith
46849,Jordan,Brown
46850,Taylor,Johnson
46851,Morgan,Jones
46852,Taylor,Smith
46853,Casey,Brown
46854,Morgan,Williams
46855,Morgan,Johnson
46856,Casey,Brown
46857,Taylor,Brown
46858,Taylor,Williams
46859,Taylor,Smith
46860,Morgan,Smith
46861,Morgan,Jones
46862,Alex,Brown
46863,Jordan,Smith
46864,Casey,Smith
46865,Alex,Smith
46866,Alex,Brown
46867,Jordan,Smith
46868,Jordan,Brown
46869,Morgan,Jones
46870,Jordan,Brown
46871,Jordan,Brown
46872,Morgan,Johnson
46873,Jordan,Brown
46874,Taylor,Brown
46875,Morgan,Williams
46876,Alex,Jones
46877,Jordan,Jones
46878,Morgan,Brown
46879,Casey,Johnson
46880,Taylor,Jones
46881,Casey,Brown
46882,Casey,Jones
46883,Morgan,Smith
46884,Jordan,Smith
46885,Casey,Williams
46886,Morgan,Jones
46887,Morgan,Smith
46888,Casey,Williams
46889,Morgan,Johnson
46890,Jordan,Smith
46891,Morgan,Jones
46892,Taylor,Brown
46893,Alex,Brown
46894,Casey,Jones
46895,Taylor,Brown
46896,Morgan,Brown
46897,Taylor,Johnson
46898,Morgan,Johnson
46899,Casey,Brown
46900,Taylor,Johnson
46901,Taylor,Jones
46902,Jordan,Williams
46903,Taylor,Johnson
46904,Morgan,Brown
46905,Alex,Smith
46906,Alex,Johnson
46907,Alex,Williams
46908,Casey,Johnson
46909,Alex,Johnson
46910,Alex,Williams
46911,Jordan,Jones
46912,Alex,Jones
46913,Taylor,Brown
46914,Taylor,Jones
46915,Casey,Jones
46916,Casey,Williams
46917,Casey,Jones
46918,Alex,Smith
46919,Casey,Johnson
46920,Casey,Williams
46921,Morgan,Brown
46922,Morgan,Williams
46923,Jordan,Johnson
46924,Morgan,Johnson
46925,Morgan,Brown
46926,Casey,Williams
46927,Casey,Brown
46928,Casey,Johnson
46929,Alex,Jones
46930,Morgan,Jones
46931,Morgan,Brown
46932,Alex,Jones
46933,Morgan,Smith
46934,Casey,Smith
46935,Jordan,Smith
46936,Alex,Williams
46937,Alex,Johnson
46938,Morgan,Jones
46939,Morgan,Smith
46940,Taylor,Jones
46941,Morgan,Brown
46942,Morgan,Williams
46943,Jordan,Johnson
46944,Morgan,Williams
46945,Casey,Williams
46946,Jordan,Williams
46947,Morgan,Smith
46948,Taylor,Jones
46949,Jordan,Johnson
46950,Morgan,Jones
46951,Casey,Jones
46952,Jordan,Smith
46953,Alex,Brown
46954,Casey,Williams
46955,Casey,Smith
46956,Morgan,Jones
46957,Jordan,Jones
46958,Casey,Williams
46959,Taylor,Williams
46960,Alex,Jones
46961,Alex,Brown
46962,Jordan,Jones
46963,Alex,Johnson
46964,Casey,Johnson
46965,Morgan,Smith
46966,Alex,Smith
46967,Alex,Williams
46968,Casey,Smith
46969,Jordan,Jones
46970,Jordan,Jones
46971,Alex,Brown
46972,Taylor,Jones
46973,Casey,Johnson
46974,Jordan,Williams
46975,Alex,Brown
46976,Alex,Williams
46977,Morgan,Smith
46978,Morgan,Johnson
46979,Alex,Jones
46980,Jordan,Jones
46981,Alex,Johnson
46982,Alex,Williams
46983,Casey,Williams
46984,Morgan,Williams
46985,Morgan,Johnson
46986,Taylor,Williams
46987,Jordan,Brown
46988,Taylor,Johnson
46989,Jordan,Smith
46990,Morgan,Johnson
46991,Morgan,Smith
46992,Jordan,Jones
46993,Casey,Brown
46994,Morgan,Williams
46995,Jordan,Johnson
46996,Morgan,Jones
46997,Casey,Smith
46998,Alex,Williams
46999,Morgan,Williams
47000,Jordan,Jones
47001,Alex,Johnson
47002,Alex,Brown
47003,Taylor,Williams
47004,Taylor,Smith
47005,Jordan,Smith
47006,Taylor,Williams
47007,Alex,Smith
47008,Taylor,Jones
47009,Morgan,Williams
47010,Casey,Johnson
47011,Casey,Johnson
47012,Morgan,Williams
47013,Morgan,Williams
47014,Morgan,Williams
47015,Taylor,Johnson
47016,Morgan,Brown
47017,Alex,Jones
47018,Morgan,Johnson
47019,Casey,Williams
47020,Jordan,Smith
47021,Taylor,Jones
47022,Taylor,Smith
47023,Morgan,Williams
47024,Casey,Smith
47025,Morgan,Brown
47026,Morgan,Williams
47027,Jordan,Johnson
47028,Casey,Jones
47029,Morgan,Jones
47030,Morgan,Johnson
47031,Alex,Williams
47032,Morgan,Johnson
47033,Alex,Johnson
47034,Morgan,Brown
47035,Taylor,Brown
47036,Jordan,Smith
47037,Morgan,Brown
47038,Morgan,Smith
47039,Jordan,Smith
47040,Alex,Brown
47041,Casey,Jones
47042,Alex,Williams
47043,Taylor,Johnson
47044,Taylor,Smith
47045,Taylor,Brown
47046,Taylor,Jones
47047,Morgan,Williams
47048,Morgan,Brown
47049,Casey,Williams
47050,Casey,Williams
47051,Alex,Jones
47052,Morgan,Smith
47053,Jordan,Brown
47054,Alex,Williams
47055,Morgan,Johnson
47056,Taylor,Jones
47057,Taylor,Smith
47058,Morgan,Smith
47059,Casey,Johnson
47060,Alex,Smith
47061,Alex,Brown
47062,Alex,Smith
47063,Jordan,Johnson
47064,Casey,Williams
47065,Jordan,Williams
47066,Jordan,Smith
47067,Morgan,Brown
47068,Casey,Johnson
47069,Alex,Smith
47070,Jordan,Brown
47071,Taylor,Brown
47072,Taylor,Williams
47073,Alex,Jones
47074,Morgan,Jones
47075,Jordan,Johnson
47076,Casey,Brown
47077,Morgan,Williams
47078,Casey,Smith
47079,Taylor,Williams
47080,Taylor,Jones
47081,Jordan,Johnson
47082,Jordan,Jones
47083,Taylor,Johnson
47084,Casey,Brown
47085,Taylor,Johnson
47086,Morgan,Smith
47087,Morgan,Smith
47088,Jordan,Johnson
47089,Jordan,Williams
47090,Taylor,Jones
47091,Alex,Williams
47092,Casey,Brown
47093,Taylor,Brown
47094,Morgan,Johnson
47095,Alex,Smith
47096,Casey,Brown
47097,Taylor,Jones
47098,Alex,Williams
47099,Alex,Johnson
47100,Jordan,Johnson
47101,Morgan,Brown
47102,Morgan,Williams
47103,Casey,Brown
47104,Morgan,Brown
47105,Jordan,Brown
47106,Jordan,Johnson
47107,Morgan,Jones
47108,Casey,Williams
47109,Alex,Smith
47110,Jordan,Brown
47111,Casey,Johnson
47112,Alex,Smith
47113,Morgan,Johnson
47114,Casey,Brown
47115,Jordan,Williams
47116,Alex,Williams
47117,Jordan,Johnson
47118,Taylor,Smith
47119,Alex,Jones
47120,Taylor,Jones
47121,Alex,Smith
47122,Taylor,Brown
47123,Alex,Johnson
47124,Casey,Williams
47125,Jordan,Brown
47126,Taylor,Brown
47127,Alex,Jones
47128,Morgan,Brown
47129,Jordan,Smith
47130,Casey,Williams
47131,Morgan,Johnson
47132,Alex,Brown
47133,Jordan,Johnson
47134,Jordan,Brown
47135,Casey,Brown
47136,Taylor,Johnson
47137,Morgan,Smith
47138,Taylor,Williams
47139,Taylor,Williams
47140,Alex,Jones
47141,Jordan,Williams
47142,Morgan,Jones
47143,Alex,Brown
47144,Casey,Brown
47145,Casey,Williams
47146,Alex,Smith
47147,Alex,Brown
47148,Jordan,Brown
47149,Jordan,Smith
47150,Casey,Brown
47151,Morgan,Johnson
47152,Alex,Brown
47153,Taylor,Williams
47154,Morgan,Williams
47155,Alex,Williams
47156,Casey,Williams
47157,Jordan,Smith
47158,Jordan,Jones
47159,Casey,Brown
47160,Taylor,Brown
47161,Alex,Johnson
47162,Alex,Johnson
47163,Jordan,Smith
47164,Jordan,Smith
47165,Alex,Brown
47166,Morgan,Johnson
47167,Alex,Jones
47168,Jordan,Williams
47169,Morgan,Jones
47170,Morgan,Jones
47171,Jordan,Williams
47172,Jordan,Jones
47173,Jordan,Johnson
47174,Taylor,Smith
47175,Alex,Johnson
47176,Taylor,Williams
47177,Morgan,Brown
47178,Alex,Williams
47179,Jordan,Brown
47180,Casey,Johnson
47181,Jordan,Jones
47182,Alex,Johnson
47183,Jordan,Jones
47184,Casey,Jones
47185,Morgan,Brown
47186,Jordan,Smith
47187,Taylor,Jones
47188,Jordan,Brown
47189,Taylor,Smith
47190,Jordan,Smith
47191,Morgan,Jones
47192,Alex,Brown
47193,Morgan,Jones
47194,Casey,Smith
47195,Jordan,Jones
47196,Jordan,Brown
47197,Casey,Smith
47198,Jordan,Jones
47199,Taylor,Johnson
47200,Alex,Jones
47201,Alex,Williams
47202,Jordan,Smith
47203,Jordan,Johnson
47204,Morgan,Jones
47205,Morgan,Williams
47206,Jordan,Smith
47207,Taylor,Brown
47208,Jordan,Smith
47209,Jordan,Jones
47210,Alex,Brown
47211,Taylor,Smith
47212,Casey,Williams
47213,Jordan,Williams
47214,Casey,Brown
47215,Casey,Johnson
47216,Taylor,Smith
47217,Jordan,Johnson
47218,Jordan,Jones
47219,Alex,Williams
47220,Morgan,Williams
47221,Jordan,Jones
47222,Alex,Smith
47223,Casey,Johnson
47224,Jordan,Brown
47225,Casey,Brown
47226,Alex,Jones
47227,Jordan,Jones
47228,Alex,Smith
47229,Morgan,Jones
47230,Morgan,Williams
47231,Casey,Johnson
47232,Alex,Jones
47233,Taylor,Brown
47234,Casey,Williams
47235,Taylor,Smith
47236,Morgan,Jones
47237,Casey,Jones
47238,Jordan,Jones
47239,Taylor,Smith
47240,Jordan,Brown
47241,Alex,Brown
47242,Jordan,Jones
47243,Jordan,Brown
47244,Taylor,Williams
47245,Casey,Williams
47246,Taylor,Smith
47247,Alex,Johnson
47248,Taylor,Williams
47249,Alex,Smith
47250,Jordan,Jones
47251,Alex,Brown
47252,Morgan,Smith
47253,Alex,Brown
47254,Casey,Jones
47255,Jordan,Williams
47256,Alex,Smith
47257,Jordan,Jones
47258,Jordan,Williams
47259,Casey,Johnson
47260,Morgan,Johnson
47261,Taylor,Brown
47262,Morgan,Smith
47263,Taylor,Jones
47264,Taylor,Williams
47265,Taylor,Johnson
47266,Jordan,Jones
47267,Morgan,Jones
47268,Jordan,Brown
47269,Alex,Johnson
47270,Alex,Smith
47271,Morgan,Jones
47272,Taylor,Jones
47273,Casey,Jones
47274,Jordan,Brown
47275,Morgan,Johnson
47276,Alex,Johnson
47277,Alex,Williams
47278,Jordan,Williams
47279,Taylor,Williams
47280,Casey,Jones
47281,Jordan,Brown
47282,Casey,Brown
47283,Morgan,Smith
47284,Morgan,Johnson
47285,Casey,Brown
47286,Jordan,Brown
47287,Taylor,Smith
47288,Morgan,Williams
47289,Morgan,Jones
47290,Taylor,Jones
47291,Jordan,Brown
47292,Morgan,Johnson
47293,Alex,Johnson
47294,Alex,Smith
47295,Alex,Brown
47296,Taylor,Williams
47297,Taylor,Johnson
47298,Taylor,Williams
47299,Morgan,Williams
47300,Casey,Williams
47301,Taylor,Jones
47302,Morgan,Jones
47303,Jordan,Brown
47304,Jordan,Jones
47305,Alex,Johnson
47306,Jordan,Smith
47307,Taylor,Smith
47308,Casey,Johnson
47309,Taylor,Jones
47310,Jordan,Brown
47311,Morgan,Johnson
47312,Taylor,Jones
47313,Taylor,Smith
47314,Alex,Johnson
47315,Casey,Smith
47316,Alex,Johnson
47317,Casey,Jones
47318,Casey,Williams
47319,Casey,Smith
47320,Morgan,Jones
47321,Taylor,Jones
47322,Alex,Smith
47323,Morgan,Smith
47324,Morgan,Brown
47325,Jordan,Smith
47326,Taylor,Jones
47327,Jordan,Smith
47328,Taylor,Brown
47329,Casey,Smith
47330,Jordan,Jones
47331,Taylor,Johnson
47332,Jordan,Jones
47333,Jordan,Brown
47334,Taylor,Johnson
47335,Taylor,Williams
47336,Taylor,Brown
47337,Alex,Brown
47338,Morgan,Williams
47339,Alex,Williams
47340,Morgan,Jones
47341,Taylor,Johnson
47342,Alex,Jones
47343,Jordan,Jones
47344,Jordan,Smith
47345,Casey,Johnson
47346,Casey,Williams
47347,Jordan,Williams
47348,Morgan,Smith
47349,Morgan,Jones
47350,Taylor,Williams
47351,Casey,Jones
47352,Taylor,Brown
47353,Morgan,Smith
47354,Morgan,Brown
47355,Morgan,Johnson
47356,Morgan,Williams
47357,Casey,Jones
47358,Alex,Williams
47359,Taylor,Brown
47360,Alex,Brown
47361,Morgan,Brown
47362,Jordan,Brown
47363,Alex,Smith
47364,Morgan,Jones
47365,Jordan,Brown
47366,Jordan,Jones
47367,Morgan,Williams
47368,Alex,Johnson
47369,Casey,Smith
47370,Casey,Johnson
47371,Jordan,Williams
47372,Taylor,Jones
47373,Taylor,Smith
47374,Jordan,Johnson
47375,Taylor,Jones
47376,Taylor,Jones
47377,Morgan,Brown
47378,Jordan,Brown
47379,Morgan,Williams
47380,Taylor,Johnson
47381,Jordan,Smith
47382,Casey,Smith
47383,Taylor,Smith
47384,Morgan,Brown
47385,Casey,Johnson
47386,Casey,Smith
47387,Jordan,Smith
47388,Morgan,Brown
47389,Alex,Williams
47390,Jordan,Jones
47391,Jordan,Williams
47392,Jordan,Jones
47393,Casey,Jones
47394,Casey,Williams
47395,Jordan,Smith
47396,Morgan,Johnson
47397,Alex,Brown
47398,Morgan,Williams
47399,Taylor,Johnson
47400,Casey,Smith
47401,Alex,Brown
47402,Casey,Williams
47403,Alex,Smith
47404,Taylor,Jones
47405,Jordan,Smith
47406,Jordan,Jones
47407,Taylor,Williams
47408,Casey,Johnson
47409,Morgan,Brown
47410,Jordan,Johnson
47411,Morgan,Smith
47412,Jordan,Smith
47413,Jordan,Smith
47414,Morgan,Smith
47415,Jordan,Williams
47416,Jordan,Jones
47417,Jordan,Smith
47418,Morgan,Williams
47419,Morgan,Williams
47420,Alex,Jones
47421,Jordan,Johnson
47422,Taylor,Williams
47423,Jordan,Johnson
47424,Alex,Williams
47425,Casey,Williams
47426,Morgan,Jones
47427,Jordan,Williams
47428,Alex,Brown
47429,Morgan,Smith
47430,Casey,Smith
47431,Taylor,Smith
47432,Casey,Williams
47433,Casey,Jones
47434,Morgan,Johnson
47435,Alex,Johnson
47436,Morgan,Brown
47437,Taylor,Jones
47438,Morgan,Jones
47439,Morgan,Williams
47440,Taylor,Williams
47441,Alex,Williams
47442,Taylor,Smith
47443,Taylor,Williams
47444,Taylor,Brown
47445,Alex,Jones
47446,Alex,Brown
47447,Taylor,Smith
47448,Morgan,Smith
47449,Morgan,Brown
47450,Alex,Smith
47451,Taylor,Williams
47452,Taylor,Johnson
47453,Jordan,Williams
47454,Alex,Johnson
47455,Morgan,Brown
47456,Taylor,Johnson
47457,Casey,Williams
47458,Casey,Williams
47459,Casey,Johnson
47460,Morgan,Williams
47461,Casey,Smith
47462,Taylor,Smith
47463,Casey,Johnson
47464,Jordan,Johnson
47465,Casey,Williams
47466,Casey,Brown
47467,Taylor,Jones
47468,Alex,Johnson
47469,Casey,Williams
47470,Casey,Smith
47471,Taylor,Brown
47472,Morgan,Johnson
47473,Alex,Jones
47474,Casey,Williams
47475,Casey,Johnson
47476,Jordan,Jones
47477,Casey,Brown
47478,Jordan,Williams
47479,Jordan,Jones
47480,Jordan,Williams
47481,Morgan,Smith
47482,Jordan,Williams
47483,Jordan,Smith
47484,Taylor,Jones
47485,Alex,Jones
47486,Casey,Johnson
47487,Jordan,Jones
47488,Jordan,Jones
47489,Casey,Smith
47490,Casey,Jones
47491,Jordan,Johnson
47492,Jordan,Brown
47493,Alex,Williams
47494,Taylor,Williams
47495,Morgan,Brown
47496,Morgan,Smith
47497,Jordan,Johnson
47498,Alex,Smith
47499,Casey,Jones
47500,Alex,Smith
47501,Casey,Smith
47502,Jordan,Williams
47503,Alex,Jones
47504,Alex,Smith
47505,Taylor,Brown
47506,Morgan,Johnson
47507,Taylor,Williams
47508,Taylor,Johnson
47509,Morgan,Johnson
47510,Morgan,Johnson
47511,Alex,Johnson
47512,Jordan,Williams
47513,Morgan,Williams
47514,Alex,Williams
47515,Taylor,Brown
47516,Morgan,Johnson
47517,Alex,Johnson
47518,Morgan,Smith
47519,Casey,Johnson
47520,Morgan,Jones
47521,Casey,Jones
47522,Casey,Brown
47523,Casey,Smith
47524,Taylor,Brown
47525,Jordan,Smith
47526,Taylor,Williams
47527,Taylor,Williams
47528,Casey,Smith
47529,Morgan,Smith
47530,Taylor,Johnson
47531,Jordan,Johnson
47532,Casey,Brown
47533,Taylor,Jones
47534,Morgan,Jones
47535,Taylor,Williams
47536,Jordan,Brown
47537,Casey,Williams
47538,Alex,Williams
47539,Jordan,Williams
47540,Morgan,Jones
47541,Alex,Brown
47542,Casey,Brown
47543,Casey,Williams
47544,Casey,Jones
47545,Taylor,Smith
47546,Alex,Brown
47547,Alex,Smith
47548,Casey,Jones
47549,Morgan,Smith
47550,Morgan,Williams
47551,Jordan,Brown
47552,Taylor,Williams
47553,Jordan,Jones
47554,Morgan,Jones
47555,Morgan,Brown
47556,Morgan,Jones
47557,Jordan,Johnson
47558,Alex,Williams
47559,Jordan,Jones
47560,Morgan,Johnson
47561,Alex,Johnson
47562,Casey,Jones
47563,Casey,Smith
47564,Taylor,Smith
47565,Casey,Brown
47566,Morgan,Brown
47567,Jordan,Brown
47568,Morgan,Brown
47569,Alex,Jones
47570,Alex,Smith
47571,Morgan,Smith
47572,Jordan,Smith
47573,Morgan,Smith
47574,Casey,Brown
47575,Alex,Johnson
47576,Casey,Jones
47577,Morgan,Johnson
47578,Alex,Williams
47579,Morgan,Brown
47580,Jordan,Brown
47581,Alex,Brown
47582,Jordan,Brown
47583,Casey,Johnson
47584,Taylor,Brown
47585,Jordan,Johnson
47586,Jordan,Johnson
47587,Morgan,Williams
47588,Jordan,Smith
47589,Casey,Williams
47590,Alex,Jones
47591,Morgan,Johnson
47592,Morgan,Williams
47593,Alex,Johnson
47594,Alex,Williams
47595,Morgan,Brown
47596,Casey,Jones
47597,Morgan,Smith
47598,Taylor,Brown
47599,Jordan,Brown
47600,Casey,Brown
47601,Jordan,Williams
47602,Casey,Johnson
47603,Taylor,Johnson
47604,Jordan,Brown
47605,Morgan,Smith
47606,Jordan,Jones
47607,Taylor,Brown
47608,Jordan,Smith
47609,Jordan,Smith
47610,Alex,Brown
47611,Taylor,Williams
47612,Morgan,Johnson
47613,Alex,Smith
47614,Casey,Brown
47615,Jordan,Johnson
47616,Morgan,Brown
47617,Jordan,Jones
47618,Morgan,Brown
47619,Alex,Smith
47620,Morgan,Johnson
47621,Casey,Williams
47622,Morgan,Williams
47623,Alex,Williams
47624,Casey,Jones
47625,Taylor,Smith
47626,Morgan,Williams
47627,Alex,Williams
47628,Morgan,Smith
47629,Morgan,Jones
47630,Casey,Smith
47631,Jordan,Brown
47632,Morgan,Williams
47633,Jordan,Jones
47634,Taylor,Brown
47635,Casey,Brown
47636,Taylor,Jones
47637,Casey,Williams
47638,Alex,Brown
47639,Alex,Smith
47640,Jordan,Jones
47641,Casey,Jones
47642,Alex,Smith
47643,Taylor,Smith
47644,Taylor,Smith
47645,Taylor,Williams
47646,Casey,Brown
47647,Alex,Johnson
47648,Jordan,Johnson
47649,Alex,Smith
47650,Taylor,Smith
47651,Jordan,Jones
47652,Taylor,Williams
47653,Morgan,Jones
47654,Taylor,Williams
47655,Taylor,Johnson
47656,Taylor,Williams
47657,Alex,Jones
47658,Morgan,Smith
47659,Alex,Smith
47660,Casey,Johnson
47661,Alex,Williams
47662,Alex,Smith
47663,Taylor,Jones
47664,Jordan,Williams
47665,Morgan,Williams
47666,Morgan,Johnson
47667,Morgan,Johnson
47668,Jordan,Smith
47669,Taylor,Jones
47670,Taylor,Jones
47671,Jordan,Brown
47672,Jordan,Jones
47673,Taylor,Smith
47674,Alex,Brown
47675,Jordan,Smith
47676,Morgan,Brown
47677,Morgan,Williams
47678,Morgan,Brown
47679,Alex,Smith
47680,Morgan,Smith
47681,Casey,Smith
47682,Jordan,Smith
47683,Alex,Williams
47684,Taylor,Johnson
47685,Alex,Brown
47686,Morgan,Johnson
47687,Jordan,Smith
47688,Taylor,Smith
47689,Casey,Smith
47690,Casey,Brown
47691,Alex,Jones
47692,Jordan,Johnson
47693,Taylor,Johnson
47694,Alex,Jones
47695,Jordan,Williams
47696,Alex,Brown
47697,Casey,Johnson
47698,Alex,Williams
47699,Taylor,Brown
47700,Casey,Jones
47701,Casey,Williams
47702,Casey,Brown
47703,Alex,Williams
47704,Jordan,Jones
47705,Casey,Williams
47706,Jordan,Johnson
47707,Taylor,Williams
47708,Taylor,Johnson
47709,Alex,Williams
47710,Jordan,Brown
47711,Taylor,Smith
47712,Casey,Smith
47713,Jordan,Williams
47714,Jordan,Johnson
47715,Alex,Johnson
47716,Taylor,Brown
47717,Alex,Jones
47718,Casey,Smith
47719,Jordan,Johnson
47720,Alex,Jones
47721,Jordan,Johnson
47722,Jordan,Jones
47723,Casey,Smith
47724,Casey,Brown
47725,Alex,Jones
47726,Casey,Jones
47727,Jordan,Brown
47728,Taylor,Johnson
47729,Casey,Johnson
47730,Jordan,Williams
47731,Taylor,Williams
47732,Casey,Williams
47733,Alex,Brown
47734,Morgan,Smith
47735,Jordan,Jones
47736,Morgan,Johnson
47737,Morgan,Smith
47738,Taylor,Smith
47739,Taylor,Smith
47740,Alex,Johnson
47741,Alex,Smith
47742,Alex,Brown
47743,Casey,Johnson
47744,Morgan,Brown
47745,Taylor,Williams
47746,Taylor,Johnson
47747,Morgan,Williams
47748,Jordan,Jones
47749,Jordan,Brown
47750,Jordan,Williams
47751,Casey,Williams
47752,Morgan,Johnson
47753,Jordan,Jones
47754,Taylor,Brown
47755,Casey,Brown
47756,Alex,Brown
47757,Alex,Smith
47758,Taylor,Jones
47759,Taylor,Williams
47760,Casey,Brown
47761,Morgan,Smith
47762,Casey,Brown
47763,Taylor,Jones
47764,Jordan,Jones
47765,Morgan,Jones
47766,Alex,Johnson
47767,Taylor,Brown
47768,Casey,Smith
47769,Taylor,Smith
47770,Taylor,Johnson
47771,Morgan,Jones
47772,Alex,Johnson
47773,Jordan,Smith
47774,Jordan,Williams
47775,Alex,Brown
47776,Jordan,Jones
47777,Taylor,Williams
47778,Taylor,Johnson
47779,Casey,Jones
47780,Taylor,Brown
47781,Morgan,Williams
47782,Taylor,Johnson
47783,Taylor,Smith
47784,Taylor,Smith
47785,Alex,Jones
47786,Jordan,Jones
47787,Morgan,Jones
47788,Alex,Jones
47789,Jordan,Williams
47790,Casey,Williams
47791,Casey,Brown
47792,Morgan,Brown
47793,Casey,Williams
47794,Casey,Johnson
47795,Taylor,Smith
47796,Taylor,Williams
47797,Taylor,Johnson
47798,Morgan,Jones
47799,Morgan,Smith
47800,Taylor,Jones
47801,Alex,Smith
47802,Casey,Brown
47803,Casey,Smith
47804,Casey,Brown
47805,Jordan,Smith
47806,Casey,Brown
47807,Taylor,Johnson
47808,Casey,Williams
47809,Alex,Jones
47810,Morgan,Johnson
47811,Morgan,Johnson
47812,Morgan,Jones
47813,Taylor,Johnson
47814,Jordan,Johnson
47815,Taylor,Johnson
47816,Casey,Williams
47817,Morgan,Williams
47818,Taylor,Brown
47819,Morgan,Williams
47820,Jordan,Jones
47821,Taylor,Smith
47822,Jordan,Smith
47823,Taylor,Jones
47824,Taylor,Johnson
47825,Casey,Johnson
47826,Casey,Brown
47827,Morgan,Johnson
47828,Casey,Jones
47829,Morgan,Jones
47830,Morgan,Jones
47831,Morgan,Smith
47832,Alex,Jones
47833,Casey,Jones
47834,Casey,Jones
47835,Taylor,Williams
47836,Jordan,Jones
47837,Alex,Smith
47838,Casey,Williams
47839,Casey,Jones
47840,Casey,Williams
47841,Alex,Smith
47842,Alex,Brown
47843,Taylor,Smith
47844,Taylor,Williams
47845,Casey,Johnson
47846,Taylor,Brown
47847,Morgan,Smith
47848,Casey,Johnson
47849,Taylor,Johnson
47850,Taylor,Williams
47851,Casey,Jones
47852,Morgan,Williams
47853,Casey,Johnson
47854,Alex,Williams
47855,Jordan,Johnson
47856,Taylor,Smith
47857,Alex,Smith
47858,Taylor,Smith
47859,Casey,Brown
47860,Morgan,Jones
47861,Alex,Smith
47862,Alex,Jones
47863,Morgan,Brown
47864,Alex,Jones
47865,Alex,Jones
47866,Jordan,Brown
47867,Casey,Brown
47868,Jordan,Smith
47869,Morgan,Williams
47870,Casey,Johnson
47871,Casey,Johnson
47872,Morgan,Williams
47873,Jordan,Williams
47874,Taylor,Smith
47875,Taylor,Brown
47876,Morgan,Smith
47877,Casey,Smith
47878,Jordan,Brown
47879,Taylor,Smith
47880,Taylor,Smith
47881,Morgan,Jones
47882,Alex,Williams
47883,Alex,Johnson
47884,Casey,Brown
47885,Taylor,Brown
47886,Jordan,Smith
47887,Alex,Williams
47888,Morgan,Smith
47889,Casey,Smith
47890,Morgan,Brown
47891,Morgan,Williams
47892,Jordan,Johnson
47893,Alex,Smith
47894,Jordan,Johnson
47895,Alex,Smith
47896,Jordan,Jones
47897,Casey,Johnson
47898,Jordan,Williams
47899,Morgan,Jones
47900,Alex,Williams
47901,Alex,Johnson
47902,Alex,Jones
47903,Casey,Jones
47904,Morgan,Johnson
47905,Jordan,Johnson
47906,Taylor,Jones
47907,Taylor,Johnson
47908,Jordan,Johnson
47909,Alex,Smith
47910,Jordan,Brown
47911,Casey,Johnson
47912,Alex,Johnson
47913,Jordan,Williams
47914,Alex,Smith
47915,Casey,Brown
47916,Alex,Johnson
47917,Taylor,Brown
47918,Casey,Brown
47919,Morgan,Jones
47920,Alex,Williams
47921,Casey,Brown
47922,Alex,Brown
47923,Casey,Smith
47924,Casey,Johnson
47925,Alex,Jones
47926,Alex,Williams
47927,Alex,Brown
47928,Alex,Johnson
47929,Morgan,Johnson
47930,Morgan,Brown
47931,Jordan,Johnson
47932,Taylor,Jones
47933,Alex,Smith
47934,Casey,Jones
47935,Taylor,Johnson
47936,Morgan,Jones
47937,Casey,Williams
47938,Morgan,Jones
47939,Casey,Johnson
47940,Morgan,Williams
47941,Morgan,Brown
47942,Alex,Jones
47943,Jordan,Williams
47944,Jordan,Williams
47945,Taylor,Brown
47946,Taylor,Jones
47947,Alex,Smith
47948,Jordan,Brown
47949,Morgan,Smith
47950,Jordan,Jones
47951,Taylor,Johnson
47952,Alex,Johnson
47953,Casey,Smith
47954,Morgan,Smith
47955,Jordan,Johnson
47956,Casey,Williams
47957,Jordan,Brown
47958,Jordan,Jones
47959,Alex,Williams
47960,Jordan,Jones
47961,Casey,Brown
47962,Jordan,Williams
47963,Morgan,Johnson
47964,Casey,Smith
47965,Jordan,Jones
47966,Morgan,Williams
47967,Taylor,Johnson
47968,Morgan,Williams
47969,Jordan,Smith
47970,Morgan,Smith
47971,Morgan,Smith
47972,Taylor,Brown
47973,Alex,Jones
47974,Taylor,Johnson
47975,Morgan,Jones
47976,Taylor,Jones
47977,Jordan,Brown
47978,Taylor,Smith
47979,Alex,Smith
47980,Taylor,Brown
47981,Taylor,Johnson
47982,Taylor,Smith
47983,Taylor,Smith
47984,Taylor,Smith
47985,Alex,Williams
47986,Alex,Jones
47987,Taylor,Jones
47988,Alex,Brown
47989,Alex,Smith
47990,Casey,Brown
47991,Taylor,Smith
47992,Alex,Williams
47993,Alex,Smith
47994,Morgan,Smith
47995,Taylor,Williams
47996,Taylor,Jones
47997,Morgan,Jones
47998,Taylor,Williams
47999,Taylor,Smith
48000,Casey,Williams
48001,Alex,Jones
48002,Alex,Jones
48003,Jordan,Brown
48004,Morgan,Johnson
48005,Alex,Williams
48006,Jordan,Williams
48007,Alex,Johnson
48008,Taylor,Smith
48009,Alex,Johnson
48010,Jordan,Williams
48011,Jordan,Smith
48012,Casey,Williams
48013,Jordan,Jones
48014,Taylor,Williams
48015,Morgan,Brown
48016,Jordan,Smith
48017,Jordan,Williams
48018,Alex,Jones
48019,Taylor,Johnson
48020,Alex,Jones
48021,Jordan,Williams
48022,Morgan,Smith
48023,Jordan,Brown
48024,Jordan,Brown
48025,Morgan,Johnson
48026,Alex,Brown
48027,Casey,Williams
48028,Jordan,Jones
48029,Taylor,Williams
48030,Alex,Smith
48031,Alex,Brown
48032,Jordan,Jones
48033,Taylor,Brown
48034,Alex,Williams
48035,Alex,Smith
48036,Morgan,Williams
48037,Morgan,Williams
48038,Taylor,Williams
48039,Alex,Williams
48040,Morgan,Johnson
48041,Casey,Johnson
48042,Morgan,Brown
48043,Alex,Williams
48044,Jordan,Smith
48045,Taylor,Brown
48046,Alex,Williams
48047,Morgan,Jones
48048,Alex,Smith
48049,Casey,Jones
48050,Alex,Johnson
48051,Taylor,Williams
48052,Taylor,Smith
48053,Jordan,Smith
48054,Alex,Williams
48055,Morgan,Smith
48056,Alex,Williams
48057,Morgan,Williams
48058,Jordan,Johnson
48059,Casey,Brown
48060,Morgan,Brown
48061,Taylor,Brown
48062,Jordan,Williams
48063,Taylor,Brown
48064,Alex,Brown
48065,Casey,Johnson
48066,Casey,Smith
48067,Casey,Johnson
48068,Taylor,Johnson
48069,Casey,Jones
48070,Alex,Johnson
48071,Casey,Brown
48072,Morgan,Brown
48073,Taylor,Williams
48074,Morgan,Jones
48075,Alex,Williams
48076,Taylor,Williams
48077,Morgan,Smith
48078,Morgan,Williams
48079,Taylor,Jones
48080,Alex,Williams
48081,Taylor,Smith
48082,Jordan,Brown
48083,Taylor,Jones
48084,Alex,Brown
48085,Jordan,Williams
48086,Jordan,Smith
48087,Morgan,Johnson
48088,Taylor,Brown
48089,Jordan,Williams
48090,Jordan,Brown
48091,Casey,Williams
48092,Alex,Smith
48093,Alex,Williams
48094,Jordan,Williams
48095,Jordan,Brown
48096,Morgan,Smith
48097,Casey,Williams
48098,Casey,Williams
48099,Morgan,Williams
48100,Jordan,Smith
48101,Casey,Johnson
48102,Morgan,Jones
48103,Morgan,Brown
48104,Taylor,Brown
48105,Casey,Williams
48106,Jordan,Jones
48107,Casey,Smith
48108,Taylor,Williams
48109,Casey,Smith
48110,Casey,Smith
48111,Morgan,Brown
48112,Jordan,Jones
48113,Morgan,Williams
48114,Morgan,Williams
48115,Alex,Johnson
48116,Casey,Johnson
48117,Morgan,Jones
48118,Taylor,Johnson
48119,Morgan,Smith
48120,Taylor,Brown
48121,Casey,Jones
48122,Alex,Smith
48123,Casey,Johnson
48124,Alex,Johnson
48125,Alex,Williams
48126,Taylor,Johnson
48127,Taylor,Williams
48128,Taylor,Brown
48129,Casey,Williams
48130,Casey,Jones
48131,Taylor,Brown
48132,Casey,Williams
48133,Morgan,Smith
48134,Taylor,Williams
48135,Jordan,Brown
48136,Taylor,Jones
48137,Alex,Brown
48138,Morgan,Smith
48139,Casey,Jones
48140,Morgan,Jones
48141,Casey,Williams
48142,Casey,Williams
48143,Jordan,Johnson
48144,Taylor,Brown
48145,Taylor,Johnson
48146,Casey,Smith
48147,Alex,Jones
48148,Jordan,Johnson
48149,Alex,Brown
48150,Alex,Smith
48151,Morgan,Jones
48152,Jordan,Smith
48153,Morgan,Brown
48154,Jordan,Smith
48155,Taylor,Williams
48156,Morgan,Williams
48157,Jordan,Smith
48158,Alex,Brown
48159,Morgan,Brown
48160,Alex,Williams
48161,Taylor,Williams
48162,Taylor,Johnson
48163,Taylor,Brown
48164,Taylor,Jones
48165,Jordan,Brown
48166,Jordan,Johnson
48167,Morgan,Jones
48168,Alex,Williams
48169,Jordan,Johnson
48170,Alex,Williams
48171,Jordan,Brown
48172,Morgan,Williams
48173,Morgan,Williams
48174,Morgan,Smith
48175,Jordan,Jones
48176,Jordan,Johnson
48177,Alex,Johnson
48178,Morgan,Smith
48179,Taylor,Jones
48180,Morgan,Jones
48181,Jordan,Jones
48182,Taylor,Williams
48183,Alex,Williams
48184,Alex,Smith
48185,Taylor,Brown
48186,Casey,Brown
48187,Morgan,Brown
48188,Morgan,Williams
48189,Morgan,Jones
48190,Taylor,Johnson
48191,Alex,Johnson
48192,Morgan,Jones
48193,Casey,Smith
48194,Alex,Smith
48195,Alex,Johnson
48196,Taylor,Jones
48197,Taylor,Brown
48198,Morgan,Johnson
48199,Jordan,Jones
48200,Alex,Jones
48201,Morgan,Brown
48202,Morgan,Smith
48203,Alex,Brown
48204,Morgan,Johnson
48205,Casey,Jones
48206,Taylor,Brown
48207,Alex,Johnson
48208,Jordan,Johnson
48209,Taylor,Williams
48210,Casey,Smith
48211,Taylor,Smith
48212,Casey,Brown
48213,Taylor,Brown
48214,Casey,Johnson
48215,Taylor,Williams
48216,Alex,Smith
48217,Alex,Williams
48218,Taylor,Smith
48219,Alex,Brown
48220,Morgan,Brown
48221,Jordan,Jones
48222,Taylor,Smith
48223,Jordan,Smith
48224,Alex,Smith
48225,Taylor,Johnson
48226,Jordan,Johnson
48227,Jordan,Williams
48228,Alex,Smith
48229,Casey,Johnson
48230,Taylor,Williams
48231,Jordan,Johnson
48232,Jordan,Brown
48233,Taylor,Jones
48234,Taylor,Johnson
48235,Jordan,Jones
48236,Taylor,Brown
48237,Casey,Smith
48238,Jordan,Smith
48239,Casey,Williams
48240,Morgan,Smith
48241,Taylor,Williams
48242,Jordan,Williams
48243,Jordan,Williams
48244,Casey,Williams
48245,Casey,Brown
48246,Taylor,Brown
48247,Taylor,Smith
48248,Taylor,Johnson
48249,Jordan,Brown
48250,Alex,Smith
48251,Taylor,Williams
48252,Casey,Johnson
48253,Alex,Jones
48254,Taylor,Smith
48255,Morgan,Williams
48256,Morgan,Williams
48257,Alex,Jones
48258,Jordan,Jones
48259,Casey,Brown
48260,Jordan,Brown
48261,Taylor,Williams
48262,Taylor,Brown
48263,Taylor,Johnson
48264,Taylor,Williams
48265,Morgan,Johnson
48266,Casey,Williams
48267,Alex,Johnson
48268,Casey,Jones
48269,Taylor,Brown
48270,Morgan,Smith
48271,Morgan,Smith
48272,Taylor,Williams
48273,Alex,Jones
48274,Taylor,Johnson
48275,Casey,Williams
48276,Casey,Johnson
48277,Morgan,Williams
48278,Jordan,Williams
48279,Taylor,Brown
48280,Taylor,Jones
48281,Alex,Williams
48282,Jordan,Johnson
48283,Taylor,Smith
48284,Alex,Jones
48285,Casey,Smith
48286,Jordan,Jones
48287,Alex,Williams
48288,Jordan,Smith
48289,Casey,Williams
48290,Morgan,Smith
48291,Taylor,Brown
48292,Jordan,Williams
48293,Taylor,Johnson
48294,Casey,Jones
48295,Taylor,Brown
48296,Morgan,Williams
48297,Casey,Brown
48298,Taylor,Williams
48299,Alex,Johnson
48300,Morgan,Brown
48301,Taylor,Williams
48302,Taylor,Johnson
48303,Morgan,Brown
48304,Jordan,Jones
48305,Taylor,Jones
48306,Jordan,Smith
48307,Casey,Smith
48308,Alex,Williams
48309,Taylor,Smith
48310,Jordan,Williams
48311,Morgan,Johnson
48312,Jordan,Smith
48313,Taylor,Smith
48314,Jordan,Jones
48315,Jordan,Brown
48316,Alex,Brown
48317,Alex,Jones
48318,Morgan,Williams
48319,Casey,Johnson
48320,Casey,Jones
48321,Alex,Williams
48322,Morgan,Williams
48323,Alex,Johnson
48324,Taylor,Jones
48325,Jordan,Jones
48326,Morgan,Williams
48327,Taylor,Brown
48328,Taylor,Johnson
48329,Alex,Jones
48330,Taylor,Johnson
48331,Alex,Williams
48332,Morgan,Brown
48333,Alex,Jones
48334,Alex,Johnson
48335,Alex,Smith
48336,Jordan,Brown
48337,Taylor,Williams
48338,Taylor,Johnson
48339,Morgan,Williams
48340,Jordan,Smith
48341,Alex,Smith
48342,Morgan,Williams
48343,Casey,Brown
48344,Jordan,Jones
48345,Casey,Williams
48346,Jordan,Williams
48347,Jordan,Williams
48348,Taylor,Smith
48349,Morgan,Williams
48350,Alex,Johnson
48351,Morgan,Johnson
48352,Casey,Smith
48353,Alex,Williams
48354,Taylor,Williams
48355,Taylor,Williams
48356,Jordan,Brown
48357,Taylor,Brown
48358,Jordan,Brown
48359,Alex,Williams
48360,Jordan,Johnson
48361,Jordan,Smith
48362,Jordan,Smith
48363,Taylor,Jones
48364,Jordan,Williams
48365,Jordan,Brown
48366,Casey,Brown
48367,Taylor,Smith
48368,Casey,Johnson
48369,Taylor,Jones
48370,Alex,Brown
48371,Morgan,Smith
48372,Casey,Smith
48373,Taylor,Williams
48374,Jordan,Jones
48375,Jordan,Brown
48376,Jordan,Smith
48377,Morgan,Smith
48378,Morgan,Williams
48379,Alex,Smith
48380,Casey,Smith
48381,Casey,Smith
48382,Casey,Smith
48383,Morgan,Brown
48384,Taylor,Jones
48385,Morgan,Smith
48386,Casey,Williams
48387,Alex,Johnson
48388,Alex,Jones
48389,Casey,Brown
48390,Taylor,Johnson
48391,Taylor,Brown
48392,Casey,Brown
48393,Jordan,Johnson
48394,Casey,Johnson
48395,Jordan,Brown
48396,Taylor,Brown
48397,Alex,Smith
48398,Alex,Smith
48399,Taylor,Jones
48400,Jordan,Williams
48401,Jordan,Williams
48402,Morgan,Johnson
48403,Taylor,Johnson
48404,Morgan,Jones
48405,Morgan,Williams
48406,Jordan,Johnson
48407,Jordan,Jones
48408,Jordan,Smith
48409,Taylor,Smith
48410,Taylor,Williams
48411,Taylor,Jones
48412,Casey,Johnson
48413,Alex,Johnson
48414,Taylor,Williams
48415,Jordan,Jones
48416,Jordan,Jones
48417,Taylor,Smith
48418,Jordan,Johnson
48419,Jordan,Williams
48420,Alex,Johnson
48421,Morgan,Brown
48422,Taylor,Williams
48423,Morgan,Williams
48424,Jordan,Johnson
48425,Jordan,Williams
48426,Casey,Jones
48427,Morgan,Johnson
48428,Jordan,Smith
48429,Alex,Johnson
48430,Casey,Smith
48431,Alex,Brown
48432,Jordan,Brown
48433,Alex,Brown
48434,Casey,Johnson
48435,Jordan,Johnson
48436,Taylor,Jones
48437,Casey,Johnson
48438,Morgan,Smith
48439,Jordan,Brown
48440,Morgan,Brown
48441,Morgan,Brown
48442,Jordan,Jones
48443,Jordan,Brown
48444,Taylor,Johnson
48445,Alex,Williams
48446,Alex,Smith
48447,Morgan,Smith
48448,Taylor,Brown
48449,Alex,Williams
48450,Alex,Jones
48451,Morgan,Johnson
48452,Morgan,Williams
48453,Jordan,Jones
48454,Jordan,Williams
48455,Alex,Johnson
48456,Morgan,Johnson
48457,Casey,Johnson
48458,Taylor,Johnson
48459,Taylor,Johnson
48460,Jordan,Johnson
48461,Jordan,Johnson
48462,Alex,Williams
48463,Morgan,Johnson
48464,Alex,Brown
48465,Jordan,Williams
48466,Morgan,Jones
48467,Casey,Brown
48468,Morgan,Brown
48469,Alex,Smith
48470,Taylor,Williams
48471,Taylor,Johnson
48472,Taylor,Jones
48473,Alex,Brown
48474,Alex,Smith
48475,Taylor,Jones
48476,Jordan,Williams
48477,Morgan,Johnson
48478,Taylor,Williams
48479,Alex,Williams
48480,Morgan,Jones
48481,Morgan,Smith
48482,Taylor,Williams
48483,Casey,Jones
48484,Morgan,Smith
48485,Jordan,Williams
48486,Alex,Jones
48487,Casey,Brown
48488,Morgan,Brown
48489,Casey,Smith
48490,Taylor,Johnson
48491,Morgan,Smith
48492,Casey,Jones
48493,Jordan,Brown
48494,Casey,Johnson
48495,Alex,Williams
48496,Jordan,Brown
48497,Alex,Jones
48498,Taylor,Johnson
48499,Taylor,Brown
48500,Morgan,Williams
48501,Morgan,Jones
48502,Morgan,Jones
48503,Jordan,Jones
48504,Taylor,Johnson
48505,Jordan,Jones
48506,Casey,Smith
48507,Jordan,Brown
48508,Jordan,Johnson
48509,Casey,Jones
48510,Jordan,Johnson
48511,Alex,Williams
48512,Jordan,Johnson
48513,Jordan,Johnson
48514,Taylor,Jones
48515,Morgan,Jones
48516,Jordan,Smith
48517,Casey,Johnson
48518,Jordan,Johnson
48519,Alex,Brown
48520,Taylor,Brown
48521,Casey,Johnson
48522,Morgan,Johnson
48523,Jordan,Brown
48524,Taylor,Williams
48525,Taylor,Jones
48526,Taylor,Smith
48527,Jordan,Brown
48528,Morgan,Williams
48529,Morgan,Jones
48530,Alex,Brown
48531,Casey,Williams
48532,Taylor,Smith
48533,Jordan,Williams
48534,Taylor,Brown
48535,Morgan,Jones
48536,Alex,Jones
48537,Casey,Jones
48538,Alex,Jones
48539,Morgan,Smith
48540,Morgan,Williams
48541,Taylor,Brown
48542,Morgan,Johnson
48543,Jordan,Jones
48544,Morgan,Smith
48545,Casey,Brown
48546,Morgan,Smith
48547,Casey,Williams
48548,Alex,Brown
48549,Jordan,Brown
48550,Morgan,Johnson
48551,Jordan,Johnson
48552,Morgan,Smith
48553,Alex,Williams
48554,Morgan,Smith
48555,Jordan,Jones
48556,Taylor,Johnson
48557,Morgan,Williams
48558,Jordan,Brown
48559,Morgan,Johnson
48560,Morgan,Johnson
48561,Jordan,Jones
48562,Jordan,Johnson
48563,Jordan,Williams
48564,Casey,Jones
48565,Alex,Brown
48566,Morgan,Johnson
48567,Alex,Williams
48568,Taylor,Williams
48569,Taylor,Smith
48570,Alex,Jones
48571,Casey,Brown
48572,Jordan,Smith
48573,Taylor,Johnson
48574,Jordan,Brown
48575,Casey,Williams
48576,Casey,Williams
48577,Alex,Smith
48578,Taylor,Johnson
48579,Jordan,Smith
48580,Casey,Smith
48581,Alex,Jones
48582,Taylor,Smith
48583,Casey,Williams
48584,Alex,Williams
48585,Taylor,Smith
48586,Taylor,Brown
48587,Morgan,Smith
48588,Casey,Brown
48589,Jordan,Jones
48590,Casey,Smith
48591,Alex,Johnson
48592,Casey,Brown
48593,Taylor,Smith
48594,Alex,Johnson
48595,Alex,Jones
48596,Casey,Williams
48597,Morgan,Jones
48598,Taylor,Smith
48599,Casey,Jones
48600,Morgan,Brown
48601,Morgan,Brown
48602,Jordan,Johnson
48603,Jordan,Smith
48604,Alex,Smith
48605,Alex,Williams
48606,Taylor,Johnson
48607,Alex,Johnson
48608,Taylor,Brown
48609,Jordan,Jones
48610,Taylor,Jones
48611,Taylor,Jones
48612,Morgan,Smith
48613,Taylor,Smith
48614,Jordan,Brown
48615,Jordan,Johnson
48616,Morgan,Williams
48617,Taylor,Jones
48618,Morgan,Jones
48619,Jordan,Smith
48620,Casey,Smith
48621,Casey,Jones
48622,Casey,Jones
48623,Alex,Brown
48624,Morgan,Brown
48625,Casey,Williams
48626,Alex,Jones
48627,Alex,Jones
48628,Taylor,Johnson
48629,Taylor,Jones
48630,Casey,Williams
48631,Casey,Smith
48632,Casey,Brown
48633,Casey,Johnson
48634,Jordan,Johnson
48635,Morgan,Brown
48636,Alex,Smith
48637,Morgan,Johnson
48638,Morgan,Brown
48639,Casey,Johnson
48640,Morgan,Brown
48641,Casey,Smith
48642,Taylor,Johnson
48643,Taylor,Johnson
48644,Jordan,Williams
48645,Jordan,Jones
48646,Casey,Jones
48647,Alex,Johnson
48648,Taylor,Brown
48649,Casey,Jones
48650,Morgan,Johnson
48651,Alex,Williams
48652,Taylor,Jones
48653,Taylor,Johnson
48654,Casey,Jones
48655,Morgan,Johnson
48656,Morgan,Williams
48657,Morgan,Brown
48658,Morgan,Jones
48659,Taylor,Williams
48660,Morgan,Jones
48661,Jordan,Johnson
48662,Taylor,Jones
48663,Taylor,Jones
48664,Casey,Jones
48665,Taylor,Brown
48666,Taylor,Johnson
48667,Alex,Johnson
48668,Alex,Johnson
48669,Casey,Williams
48670,Alex,Williams
48671,Casey,Johnson
48672,Taylor,Jones
48673,Taylor,Smith
48674,Alex,Jones
48675,Casey,Brown
48676,Taylor,Smith
48677,Morgan,Williams
48678,Alex,Williams
48679,Jordan,Jones
48680,Morgan,Smith
48681,Alex,Williams
48682,Morgan,Jones
48683,Jordan,Johnson
48684,Casey,Smith
48685,Jordan,Johnson
48686,Morgan,Brown
48687,Alex,Smith
48688,Morgan,Brown
48689,Casey,Smith
48690,Jordan,Jones
48691,Taylor,Brown
48692,Jordan,Jones
48693,Casey,Jones
48694,Taylor,Smith
48695,Casey,Williams
48696,Taylor,Williams
48697,Taylor,Williams
48698,Morgan,Jones
48699,Jordan,Johnson
48700,Morgan,Brown
48701,Jordan,Jones
48702,Casey,Brown
48703,Casey,Williams
48704,Jordan,Williams
48705,Casey,Smith
48706,Alex,Brown
48707,Casey,Williams
48708,Morgan,Brown
48709,Morgan,Johnson
48710,Casey,Brown
48711,Alex,Jones
48712,Jordan,Johnson
48713,Jordan,Brown
48714,Morgan,Smith
48715,Jordan,Brown
48716,Morgan,Smith
48717,Casey,Smith
48718,Casey,Jones
48719,Alex,Johnson
48720,Jordan,Johnson
48721,Casey,Williams
48722,Taylor,Williams
48723,Casey,Brown
48724,Morgan,Smith
48725,Alex,Smith
48726,Casey,Smith
48727,Alex,Jones
48728,Jordan,Johnson
48729,Jordan,Jones
48730,Casey,Smith
48731,Morgan,Smith
48732,Taylor,Jones
48733,Jordan,Johnson
48734,Alex,Jones
48735,Taylor,Johnson
48736,Morgan,Jones
48737,Taylor,Johnson
48738,Casey,Brown
48739,Jordan,Brown
48740,Jordan,Brown
48741,Morgan,Williams
48742,Casey,Williams
48743,Jordan,Brown
48744,Morgan,Brown
48745,Taylor,Brown
48746,Casey,Jones
48747,Taylor,Williams
48748,Alex,Smith
48749,Jordan,Williams
48750,Alex,Smith
48751,Alex,Smith
48752,Morgan,Johnson
48753,Morgan,Williams
48754,Jordan,Williams
48755,Alex,Johnson
48756,Alex,Jones
48757,Morgan,Johnson
48758,Morgan,Johnson
48759,Taylor,Smith
48760,Jordan,Williams
48761,Taylor,Smith
48762,Casey,Williams
48763,Morgan,Brown
48764,Morgan,Brown
48765,Morgan,Brown
48766,Morgan,Smith
48767,Alex,Brown
48768,Taylor,Williams
48769,Alex,Jones
48770,Alex,Brown
48771,Taylor,Brown
48772,Alex,Brown
48773,Morgan,Brown
48774,Casey,Johnson
48775,Taylor,Smith
48776,Alex,Johnson
48777,Jordan,Brown
48778,Jordan,Williams
48779,Casey,Johnson
48780,Casey,Brown
48781,Casey,Williams
48782,Taylor,Jones
48783,Taylor,Johnson
48784,Casey,Johnson
48785,Taylor,Johnson
48786,Casey,Johnson
48787,Jordan,Johnson
48788,Alex,Williams
48789,Taylor,Brown
48790,Morgan,Johnson
48791,Taylor,Smith
48792,Jordan,Brown
48793,Alex,Williams
48794,Casey,Jones
48795,Taylor,Smith
48796,Alex,Johnson
48797,Alex,Brown
48798,Jordan,Williams
48799,Jordan,Smith
48800,Alex,Williams
48801,Alex,Williams
48802,Morgan,Johnson
48803,Jordan,Johnson
48804,Morgan,Smith
48805,Morgan,Jones
48806,Morgan,Jones
48807,Jordan,Smith
48808,Casey,Smith
48809,Casey,Smith
48810,Casey,Johnson
48811,Jordan,Brown
48812,Taylor,Johnson
48813,Morgan,Jones
48814,Casey,Williams
48815,Jordan,Brown
48816,Alex,Jones
48817,Alex,Williams
48818,Morgan,Brown
48819,Casey,Williams
48820,Alex,Brown
48821,Alex,Williams
48822,Casey,Jones
48823,Jordan,Jones
48824,Morgan,Johnson
48825,Alex,Williams
48826,Casey,Williams
48827,Morgan,Jones
48828,Taylor,Johnson
48829,Jordan,Johnson
48830,Casey,Jones
48831,Jordan,Jones
48832,Taylor,Smith
48833,Alex,Smith
48834,Casey,Brown
48835,Morgan,Williams
48836,Alex,Brown
48837,Taylor,Brown
48838,Morgan,Brown
48839,Alex,Williams
48840,Taylor,Brown
48841,Jordan,Johnson
48842,Morgan,Brown
48843,Jordan,Jones
48844,Taylor,Smith
48845,Alex,Johnson
48846,Jordan,Johnson
48847,Morgan,Williams
48848,Taylor,Jones
48849,Taylor,Johnson
48850,Casey,Johnson
48851,Taylor,Johnson
48852,Jordan,Williams
48853,Taylor,Smith
48854,Casey,Smith
48855,Jordan,Johnson
48856,Jordan,Smith
48857,Morgan,Smith
48858,Casey,Smith
48859,Taylor,Smith
48860,Alex,Smith
48861,Alex,Jones
48862,Morgan,Williams
48863,Casey,Jones
48864,Jordan,Jones
48865,Jordan,Smith
48866,Alex,Smith
48867,Alex,Jones
48868,Morgan,Brown
48869,Taylor,Johnson
48870,Alex,Brown
48871,Jordan,Smith
48872,Jordan,Williams
48873,Alex,Jones
48874,Jordan,Johnson
48875,Casey,Jones
48876,Morgan,Brown
48877,Morgan,Jones
48878,Morgan,Jones
48879,Jordan,Williams
48880,Taylor,Williams
48881,Casey,Smith
48882,Morgan,Brown
48883,Morgan,Smith
48884,Alex,Johnson
48885,Alex,Jones
48886,Morgan,Smith
48887,Jordan,Smith
48888,Jordan,Smith
48889,Morgan,Johnson
48890,Taylor,Brown
48891,Morgan,Jones
48892,Alex,Williams
48893,Jordan,Brown
48894,Alex,Williams
48895,Alex,Smith
48896,Morgan,Johnson
48897,Casey,Jones
48898,Taylor,Smith
48899,Alex,Smith
48900,Taylor,Jones
48901,Morgan,Smith
48902,Jordan,Johnson
48903,Taylor,Smith
48904,Taylor,Smith
48905,Taylor,Jones
48906,Jordan,Smith
48907,Taylor,Brown
48908,Casey,Smith
48909,Taylor,Smith
48910,Jordan,Jones
48911,Casey,Brown
48912,Jordan,Smith
48913,Casey,Williams
48914,Taylor,Johnson
48915,Casey,Smith
48916,Alex,Smith
48917,Taylor,Jones
48918,Jordan,Brown
48919,Morgan,Jones
48920,Casey,Johnson
48921,Taylor,Brown
48922,Casey,Smith
48923,Jordan,Smith
48924,Morgan,Jones
48925,Casey,Smith
48926,Casey,Johnson
48927,Taylor,Johnson
48928,Morgan,Smith
48929,Alex,Brown
48930,Taylor,Brown
48931,Alex,Williams
48932,Morgan,Brown
48933,Taylor,Jones
48934,Jordan,Williams
48935,Casey,Jones
48936,Alex,Smith
48937,Casey,Smith
48938,Morgan,Jones
48939,Jordan,Jones
48940,Taylor,Smith
48941,Taylor,Williams
48942,Casey,Smith
48943,Morgan,Brown
48944,Alex,Williams
48945,Taylor,Smith
48946,Jordan,Smith
48947,Taylor,Johnson
48948,Casey,Williams
48949,Taylor,Brown
48950,Alex,Smith
48951,Casey,Johnson
48952,Jordan,Johnson
48953,Alex,Williams
48954,Taylor,Jones
48955,Morgan,Williams
48956,Taylor,Smith
48957,Alex,Johnson
48958,Alex,Brown
48959,Morgan,Williams
48960,Taylor,Brown
48961,Taylor,Williams
48962,Jordan,Smith
48963,Casey,Johnson
48964,Taylor,Johnson
48965,Jordan,Williams
48966,Morgan,Johnson
48967,Alex,Smith
48968,Casey,Johnson
48969,Jordan,Smith
48970,Morgan,Johnson
48971,Jordan,Williams
48972,Morgan,Brown
48973,Alex,Brown
48974,Alex,Jones
48975,Morgan,Johnson
48976,Taylor,Jones
48977,Alex,Smith
48978,Casey,Brown
48979,Taylor,Smith
48980,Morgan,Johnson
48981,Jordan,Brown
48982,Jordan,Smith
48983,Jordan,Johnson
48984,Morgan,Jones
48985,Casey,Jones
48986,Jordan,Johnson
48987,Taylor,Smith
48988,Jordan,Jones
48989,Alex,Johnson
48990,Alex,Williams
48991,Morgan,Brown
48992,Morgan,Williams
48993,Casey,Johnson
48994,Morgan,Williams
48995,Jordan,Jones
48996,Morgan,Williams
48997,Alex,Williams
48998,Morgan,Jones
48999,Casey,Brown
49000,Casey,Jones
49001,Taylor,Jones
49002,Jordan,Smith
49003,Jordan,Smith
49004,Casey,Jones
49005,Casey,Brown
49006,Taylor,Williams
49007,Taylor,Jones
49008,Alex,Williams
49009,Jordan,Brown
49010,Casey,Williams
49011,Alex,Williams
49012,Jordan,Jones
49013,Morgan,Brown
49014,Taylor,Johnson
49015,Morgan,Brown
49016,Casey,Smith
49017,Morgan,Williams
49018,Taylor,Jones
49019,Morgan,Jones
49020,Casey,Brown
49021,Taylor,Brown
49022,Morgan,Brown
49023,Jordan,Johnson
49024,Morgan,Johnson
49025,Morgan,Jones
49026,Casey,Williams
49027,Taylor,Jones
49028,Alex,Jones
49029,Morgan,Brown
49030,Taylor,Johnson
49031,Morgan,Williams
49032,Taylor,Williams
49033,Jordan,Jones
49034,Taylor,Williams
49035,Alex,Williams
49036,Casey,Brown
49037,Taylor,Smith
49038,Alex,Brown
49039,Alex,Brown
49040,Casey,Williams
49041,Taylor,Brown
49042,Jordan,Brown
49043,Alex,Johnson
49044,Alex,Jones
49045,Morgan,Brown
49046,Casey,Jones
49047,Alex,Williams
49048,Alex,Brown
49049,Casey,Smith
49050,Morgan,Johnson
49051,Morgan,Smith
49052,Morgan,Jones
49053,Alex,Williams
49054,Taylor,Williams
49055,Morgan,Johnson
49056,Taylor,Jones
49057,Alex,Johnson
49058,Jordan,Smith
49059,Morgan,Smith
49060,Alex,Williams
49061,Jordan,Johnson
49062,Casey,Jones
49063,Morgan,Smith
49064,Taylor,Williams
49065,Casey,Jones
49066,Casey,Williams
49067,Jordan,Johnson
49068,Morgan,Williams
49069,Taylor,Williams
49070,Alex,Smith
49071,Taylor,Brown
49072,Taylor,Brown
49073,Jordan,Williams
49074,Casey,Jones
49075,Taylor,Johnson
49076,Jordan,Brown
49077,Casey,Smith
49078,Casey,Jones
49079,Morgan,Williams
49080,Jordan,Smith
49081,Casey,Williams
49082,Morgan,Smith
49083,Jordan,Johnson
49084,Morgan,Brown
49085,Morgan,Johnson
49086,Casey,Brown
49087,Alex,Johnson
49088,Jordan,Smith
49089,Alex,Jones
49090,Jordan,Jones
49091,Jordan,Jones
49092,Morgan,Johnson
49093,Jordan,Jones
49094,Taylor,Williams
49095,Taylor,Johnson
49096,Taylor,Brown
49097,Jordan,Jones
49098,Alex,Williams
49099,Morgan,Williams
49100,Alex,Brown
49101,Jordan,Brown
49102,Morgan,Smith
49103,Morgan,Jones
49104,Casey,Jones
49105,Taylor,Smith
49106,Jordan,Smith
49107,Casey,Williams
49108,Taylor,Smith
49109,Alex,Smith
49110,Jordan,Jones
49111,Alex,Smith
49112,Alex,Jones
49113,Morgan,Williams
49114,Taylor,Johnson
49115,Casey,Williams
49116,Alex,Williams
49117,Jordan,Williams
49118,Jordan,Brown
49119,Alex,Brown
49120,Taylor,Johnson
49121,Morgan,Brown
49122,Alex,Smith
49123,Morgan,Jones
49124,Alex,Jones
49125,Casey,Smith
49126,Jordan,Williams
49127,Casey,Brown
49128,Casey,Jones
49129,Morgan,Jones
49130,Morgan,Williams
49131,Alex,Jones
49132,Jordan,Jones
49133,Alex,Smith
49134,Morgan,Jones
49135,Jordan,Johnson
49136,Taylor,Johnson
49137,Taylor,Jones
49138,Alex,Brown
49139,Casey,Brown
49140,Alex,Brown
49141,Morgan,Williams
49142,Alex,Smith
49143,Alex,Johnson
49144,Alex,Johnson
49145,Casey,Smith
49146,Casey,Brown
49147,Alex,Johnson
49148,Taylor,Johnson
49149,Alex,Brown
49150,Morgan,Jones
49151,Taylor,Brown
49152,Casey,Jones
49153,Alex,Smith
49154,Morgan,Johnson
49155,Jordan,Jones
49156,Jordan,Williams
49157,Casey,Smith
49158,Casey,Smith
49159,Casey,Jones
49160,Taylor,Williams
49161,Morgan,Brown
49162,Taylor,Brown
49163,Morgan,Brown
49164,Morgan,Williams
49165,Alex,Brown
49166,Taylor,Smith
49167,Morgan,Brown
49168,Taylor,Jones
49169,Morgan,Jones
49170,Morgan,Jones
49171,Casey,Johnson
49172,Alex,Williams
49173,Casey,Williams
49174,Taylor,Brown
49175,Taylor,Williams
49176,Jordan,Johnson
49177,Alex,Smith
49178,Taylor,Brown
49179,Morgan,Smith
49180,Alex,Williams
49181,Jordan,Brown
49182,Alex,Brown
49183,Morgan,Williams
49184,Taylor,Jones
49185,Jordan,Williams
49186,Alex,Jones
49187,Taylor,Williams
49188,Taylor,Jones
49189,Morgan,Jones
49190,Casey,Smith
49191,Alex,Jones
49192,Jordan,Jones
49193,Morgan,Williams
49194,Morgan,Johnson
49195,Morgan,Jones
49196,Morgan,Johnson
49197,Morgan,Smith
49198,Morgan,Brown
49199,Jordan,Brown
49200,Taylor,Smith
49201,Jordan,Johnson
49202,Morgan,Williams
49203,Jordan,Brown
49204,Taylor,Williams
49205,Taylor,Johnson
49206,Jordan,Jones
49207,Alex,Johnson
49208,Taylor,Johnson
49209,Taylor,Smith
49210,Morgan,Johnson
49211,Alex,Williams
49212,Morgan,Johnson
49213,Morgan,Brown
49214,Alex,Johnson
49215,Morgan,Johnson
49216,Casey,Smith
49217,Casey,Johnson
49218,Taylor,Johnson
49219,Alex,Williams
49220,Jordan,Williams
49221,Casey,Brown
49222,Taylor,Williams
49223,Casey,Johnson
49224,Taylor,Jones
49225,Casey,Smith
49226,Jordan,Jones
49227,Casey,Williams
49228,Alex,Smith
49229,Casey,Williams
49230,Alex,Smith
49231,Alex,Williams
49232,Morgan,Williams
49233,Taylor,Johnson
49234,Morgan,Smith
49235,Alex,Jones
49236,Alex,Jones
49237,Casey,Williams
49238,Jordan,Williams
49239,Alex,Williams
49240,Taylor,Johnson
49241,Jordan,Williams
49242,Jordan,Brown
49243,Alex,Jones
49244,Alex,Williams
49245,Morgan,Williams
49246,Taylor,Williams
49247,Casey,Brown
49248,Morgan,Johnson
49249,Alex,Jones
49250,Morgan,Jones
49251,Alex,Jones
49252,Taylor,Brown
49253,Jordan,Williams
49254,Alex,Smith
49255,Casey,Johnson
49256,Taylor,Brown
49257,Taylor,Jones
49258,Taylor,Smith
49259,Jordan,Jones
49260,Morgan,Smith
49261,Casey,Williams
49262,Morgan,Jones
49263,Alex,Jones
49264,Jordan,Brown
49265,Casey,Jones
49266,Jordan,Jones
49267,Alex,Brown
49268,Taylor,Jones
49269,Morgan,Williams
49270,Casey,Williams
49271,Alex,Williams
49272,Taylor,Smith
49273,Alex,Johnson
49274,Alex,Jones
49275,Jordan,Jones
49276,Taylor,Smith
49277,Morgan,Williams
49278,Jordan,Williams
49279,Casey,Jones
49280,Jordan,Jones
49281,Jordan,Smith
49282,Morgan,Jones
49283,Jordan,Brown
49284,Morgan,Smith
49285,Casey,Williams
49286,Alex,Jones
49287,Morgan,Jones
49288,Jordan,Williams
49289,Jordan,Brown
49290,Jordan,Williams
49291,Alex,Smith
49292,Morgan,Johnson
49293,Morgan,Johnson
49294,Jordan,Williams
49295,Taylor,Jones
49296,Casey,Johnson
49297,Taylor,Brown
49298,Morgan,Brown
49299,Taylor,Jones
49300,Casey,Jones
49301,Casey,Williams
49302,Casey,Jones
49303,Taylor,Brown
49304,Alex,Brown
49305,Jordan,Johnson
49306,Alex,Williams
49307,Jordan,Williams
49308,Casey,Williams
49309,Casey,Williams
49310,Jordan,Smith
49311,Jordan,Jones
49312,Casey,Johnson
49313,Morgan,Smith
49314,Casey,Johnson
49315,Jordan,Johnson
49316,Alex,Williams
49317,Jordan,Smith
49318,Casey,Johnson
49319,Morgan,Williams
49320,Alex,Jones
49321,Morgan,Jones
49322,Casey,Johnson
49323,Casey,Brown
49324,Taylor,Johnson
49325,Taylor,Jones
49326,Taylor,Johnson
49327,Alex,Brown
49328,Casey,Smith
49329,Morgan,Brown
49330,Morgan,Johnson
49331,Jordan,Smith
49332,Morgan,Johnson
49333,Alex,Jones
49334,Taylor,Brown
49335,Alex,Williams
49336,Jordan,Jones
49337,Morgan,Jones
49338,Jordan,Smith
49339,Casey,Smith
49340,Morgan,Smith
49341,Jordan,Brown
49342,Taylor,Williams
49343,Taylor,Williams
49344,Alex,Brown
49345,Jordan,Brown
49346,Alex,Williams
49347,Casey,Jones
49348,Morgan,Johnson
49349,Casey,Johnson
49350,Taylor,Brown
49351,Casey,Smith
49352,Taylor,Williams
49353,Alex,Brown
49354,Taylor,Brown
49355,Alex,Johnson
49356,Taylor,Johnson
49357,Casey,Smith
49358,Casey,Williams
49359,Jordan,Johnson
49360,Alex,Jones
49361,Taylor,Johnson
49362,Jordan,Brown
49363,Jordan,Jones
49364,Jordan,Brown
49365,Alex,Smith
49366,Jordan,Smith
49367,Casey,Jones
49368,Taylor,Johnson
49369,Taylor,Smith
49370,Morgan,Johnson
49371,Morgan,Williams
49372,Taylor,Johnson
49373,Casey,Jones
49374,Alex,Smith
49375,Morgan,Johnson
49376,Jordan,Williams
49377,Alex,Williams
49378,Jordan,Williams
49379,Alex,Brown
49380,Alex,Smith
49381,Taylor,Williams
49382,Morgan,Johnson
49383,Jordan,Johnson
49384,Taylor,Smith
49385,Alex,Williams
49386,Casey,Johnson
49387,Morgan,Johnson
49388,Morgan,Williams
49389,Jordan,Smith
49390,Jordan,Jones
49391,Taylor,Williams
49392,Jordan,Jones
49393,Alex,Johnson
49394,Taylor,Brown
49395,Jordan,Williams
49396,Taylor,Williams
49397,Morgan,Brown
49398,Alex,Brown
49399,Taylor,Johnson
49400,Taylor,Brown
49401,Taylor,Jones
49402,Jordan,Williams
49403,Alex,Smith
49404,Jordan,Jones
49405,Alex,Smith
49406,Alex,Smith
49407,Morgan,Brown
49408,Alex,Brown
49409,Casey,Smith
49410,Jordan,Brown
49411,Taylor,Johnson
49412,Alex,Jones
49413,Taylor,Smith
49414,Alex,Brown
49415,Taylor,Johnson
49416,Alex,Brown
49417,Morgan,Johnson
49418,Casey,Brown
49419,Morgan,Johnson
49420,Jordan,Brown
49421,Alex,Johnson
49422,Taylor,Smith
49423,Jordan,Brown
49424,Morgan,Williams
49425,Alex,Jones
49426,Jordan,Johnson
49427,Taylor,Johnson
49428,Taylor,Johnson
49429,Morgan,Jones
49430,Casey,Johnson
49431,Alex,Williams
49432,Casey,Brown
49433,Jordan,Smith
49434,Casey,Williams
49435,Jordan,Johnson
49436,Morgan,Johnson
49437,Taylor,Jones
49438,Taylor,Jones
49439,Morgan,Smith
49440,Morgan,Johnson
49441,Taylor,Williams
49442,Morgan,Jones
49443,Alex,Smith
49444,Casey,Johnson
49445,Morgan,Johnson
49446,Taylor,Johnson
49447,Taylor,Williams
49448,Taylor,Brown
49449,Alex,Brown
49450,Alex,Williams
49451,Taylor,Brown
49452,Jordan,Johnson
49453,Morgan,Smith
49454,Morgan,Johnson
49455,Jordan,Jones
49456,Alex,Johnson
49457,Morgan,Smith
49458,Taylor,Jones
49459,Morgan,Smith
49460,Jordan,Brown
49461,Casey,Brown
49462,Casey,Jones
49463,Morgan,Brown
49464,Casey,Brown
49465,Jordan,Brown
49466,Casey,Johnson
49467,Jordan,Johnson
49468,Alex,Johnson
49469,Morgan,Brown
49470,Alex,Williams
49471,Morgan,Brown
49472,Jordan,Williams
49473,Morgan,Jones
49474,Taylor,Smith
49475,Morgan,Smith
49476,Jordan,Smith
49477,Alex,Smith
49478,Alex,Williams
49479,Morgan,Williams
49480,Taylor,Smith
49481,Morgan,Johnson
49482,Morgan,Johnson
49483,Casey,Jones
49484,Jordan,Brown
49485,Jordan,Brown
49486,Taylor,Johnson
49487,Jordan,Williams
49488,Casey,Johnson
49489,Morgan,Johnson
49490,Taylor,Brown
49491,Jordan,Brown
49492,Taylor,Jones
49493,Casey,Brown
49494,Casey,Johnson
49495,Morgan,Williams
49496,Morgan,Williams
49497,Taylor,Brown
49498,Casey,Smith
49499,Alex,Jones
49500,Jordan,Smith
49501,Taylor,Smith
49502,Casey,Brown
49503,Morgan,Smith
49504,Morgan,Jones
49505,Morgan,Williams
49506,Alex,Johnson
49507,Casey,Johnson
49508,Morgan,Jones
49509,Morgan,Smith
49510,Taylor,Jones
49511,Alex,Johnson
49512,Taylor,Smith
49513,Morgan,Brown
49514,Casey,Johnson
49515,Morgan,Johnson
49516,Alex,Johnson
49517,Jordan,Johnson
49518,Taylor,Johnson
49519,Taylor,Brown
49520,Alex,Jones
49521,Taylor,Johnson
49522,Casey,Brown
49523,Alex,Smith
49524,Jordan,Smith
49525,Alex,Johnson
49526,Casey,Williams
49527,Casey,Williams
49528,Alex,Johnson
49529,Taylor,Williams
49530,Alex,Jones
49531,Jordan,Johnson
49532,Casey,Brown
49533,Jordan,Jones
49534,Casey,Johnson
49535,Alex,Brown
49536,Morgan,Johnson
49537,Alex,Smith
49538,Jordan,Brown
49539,Jordan,Johnson
49540,Morgan,Smith
49541,Taylor,Johnson
49542,Alex,Jones
49543,Morgan,Smith
49544,Jordan,Smith
49545,Alex,Jones
49546,Taylor,Johnson
49547,Alex,Williams
49548,Jordan,Smith
49549,Casey,Johnson
49550,Jordan,Brown
49551,Morgan,Williams
49552,Alex,Johnson
49553,Casey,Williams
49554,Casey,Johnson
49555,Taylor,Smith
49556,Jordan,Williams
49557,Taylor,Johnson
49558,Jordan,Smith
49559,Morgan,Brown
49560,Morgan,Smith
49561,Jordan,Williams
49562,Jordan,Brown
49563,Morgan,Jones
49564,Morgan,Williams
49565,Casey,Jones
49566,Taylor,Williams
49567,Alex,Smith
49568,Morgan,Jones
49569,Alex,Jones
49570,Morgan,Johnson
49571,Casey,Brown
49572,Taylor,Brown
49573,Taylor,Smith
49574,Morgan,Johnson
49575,Alex,Brown
49576,Jordan,Johnson
49577,Alex,Brown
49578,Jordan,Brown
49579,Taylor,Williams
49580,Jordan,Johnson
49581,Taylor,Johnson
49582,Taylor,Jones
49583,Morgan,Jones
49584,Casey,Jones
49585,Morgan,Jones
49586,Jordan,Jones
49587,Casey,Williams
49588,Casey,Brown
49589,Alex,Smith
49590,Morgan,Smith
49591,Alex,Smith
49592,Taylor,Jones
49593,Casey,Williams
49594,Casey,Brown
49595,Casey,Smith
49596,Casey,Williams
49597,Taylor,Williams
49598,Alex,Williams
49599,Morgan,Smith
49600,Taylor,Jones
49601,Taylor,Johnson
49602,Alex,Johnson
49603,Taylor,Jones
49604,Jordan,Johnson
49605,Alex,Jones
49606,Alex,Williams
49607,Morgan,Williams
49608,Casey,Williams
49609,Casey,Williams
49610,Jordan,Brown
49611,Jordan,Williams
49612,Jordan,Williams
49613,Morgan,Williams
49614,Morgan,Brown
49615,Jordan,Johnson
49616,Jordan,Williams
49617,Alex,Jones
49618,Casey,Jones
49619,Jordan,Jones
49620,Jordan,Williams
49621,Morgan,Williams
49622,Morgan,Jones
49623,Alex,Brown
49624,Jordan,Brown
49625,Jordan,Johnson
49626,Jordan,Johnson
49627,Morgan,Williams
49628,Taylor,Smith
49629,Alex,Williams
49630,Taylor,Williams
49631,Morgan,Smith
49632,Morgan,Jones
49633,Morgan,Williams
49634,Alex,Johnson
49635,Casey,Brown
49636,Jordan,Smith
49637,Taylor,Brown
49638,Taylor,Jones
49639,Jordan,Johnson
49640,Casey,Jones
49641,Casey,Williams
49642,Alex,Williams
49643,Taylor,Smith
49644,Taylor,Brown
49645,Alex,Brown
49646,Casey,Smith
49647,Jordan,Brown
49648,Morgan,Smith
49649,Casey,Williams
49650,Alex,Brown
49651,Morgan,Williams
49652,Morgan,Johnson
49653,Casey,Williams
49654,Casey,Brown
49655,Casey,Jones
49656,Alex,Brown
49657,Alex,Williams
49658,Casey,Smith
49659,Taylor,Brown
49660,Taylor,Brown
49661,Alex,Johnson
49662,Casey,Williams
49663,Casey,Jones
49664,Morgan,Brown
49665,Alex,Smith
49666,Casey,Jones
49667,Taylor,Williams
49668,Morgan,Williams
49669,Jordan,Johnson
49670,Alex,Johnson
49671,Jordan,Jones
49672,Taylor,Williams
49673,Alex,Williams
49674,Morgan,Williams
49675,Alex,Johnson
49676,Morgan,Brown
49677,Taylor,Smith
49678,Morgan,Williams
49679,Taylor,Brown
49680,Jordan,Johnson
49681,Taylor,Johnson
49682,Jordan,Jones
49683,Jordan,Brown
49684,Jordan,Jones
49685,Taylor,Brown
49686,Casey,Smith
49687,Morgan,Brown
49688,Jordan,Jones
49689,Casey,Johnson
49690,Morgan,Johnson
49691,Taylor,Williams
49692,Morgan,Williams
49693,Alex,Williams
49694,Jordan,Williams
49695,Alex,Williams
49696,Alex,Jones
49697,Jordan,Jones
49698,Morgan,Smith
49699,Morgan,Williams
49700,Taylor,Williams
49701,Casey,Johnson
49702,Morgan,Jones
49703,Alex,Jones
49704,Casey,Johnson
49705,Taylor,Brown
49706,Jordan,Johnson
49707,Jordan,Smith
49708,Taylor,Smith
49709,Jordan,Brown
49710,Jordan,Williams
49711,Casey,Williams
49712,Taylor,Smith
49713,Casey,Brown
49714,Casey,Smith
49715,Alex,Brown
49716,Alex,Brown
49717,Taylor,Jones
49718,Casey,Williams
49719,Taylor,Smith
49720,Casey,Smith
49721,Taylor,Williams
49722,Taylor,Smith
49723,Jordan,Brown
49724,Morgan,Williams
49725,Casey,Brown
49726,Morgan,Brown
49727,Jordan,Johnson
49728,Taylor,Brown
49729,Taylor,Brown
49730,Casey,Brown
49731,Alex,Johnson
49732,Casey,Williams
49733,Alex,Brown
49734,Jordan,Johnson
49735,Casey,Johnson
49736,Morgan,Jones
49737,Alex,Williams
49738,Morgan,Williams
49739,Morgan,Jones
49740,Taylor,Johnson
49741,Morgan,Williams
49742,Alex,Smith
49743,Casey,Williams
49744,Taylor,Williams
49745,Morgan,Williams
49746,Jordan,Johnson
49747,Taylor,Brown
49748,Morgan,Smith
49749,Casey,Brown
49750,Alex,Brown
49751,Jordan,Brown
49752,Morgan,Brown
49753,Casey,Smith
49754,Jordan,Smith
49755,Alex,Jones
49756,Morgan,Smith
49757,Jordan,Johnson
49758,Taylor,Smith
49759,Jordan,Johnson
49760,Casey,Smith
49761,Alex,Williams
49762,Taylor,Johnson
49763,Morgan,Smith
49764,Jordan,Johnson
49765,Alex,Jones
49766,Taylor,Williams
49767,Taylor,Jones
49768,Morgan,Brown
49769,Taylor,Brown
49770,Morgan,Smith
49771,Morgan,Brown
49772,Jordan,Williams
49773,Alex,Williams
49774,Taylor,Johnson
49775,Alex,Jones
49776,Casey,Johnson
49777,Morgan,Jones
49778,Jordan,Johnson
49779,Morgan,Johnson
49780,Taylor,Johnson
49781,Taylor,Williams
49782,Taylor,Smith
49783,Jordan,Brown
49784,Morgan,Johnson
49785,Casey,Brown
49786,Taylor,Williams
49787,Taylor,Jones
49788,Taylor,Brown
49789,Alex,Smith
49790,Jordan,Brown
49791,Casey,Brown
49792,Jordan,Williams
49793,Casey,Brown
49794,Jordan,Jones
49795,Taylor,Johnson
49796,Morgan,Johnson
49797,Morgan,Jones
49798,Jordan,Jones
49799,Jordan,Johnson
49800,Casey,Brown
49801,Casey,Jones
49802,Taylor,Williams
49803,Alex,Brown
49804,Morgan,Brown
49805,Casey,Williams
49806,Casey,Brown
49807,Alex,Brown
49808,Morgan,Jones
49809,Casey,Johnson
49810,Morgan,Williams
49811,Jordan,Brown
49812,Jordan,Jones
49813,Taylor,Smith
49814,Casey,Williams
49815,Morgan,Williams
49816,Taylor,Smith
49817,Casey,Smith
49818,Morgan,Johnson
49819,Jordan,Smith
49820,Taylor,Johnson
49821,Taylor,Brown
49822,Morgan,Jones
49823,Taylor,Williams
49824,Taylor,Williams
49825,Taylor,Brown
49826,Taylor,Jones
49827,Casey,Jones
49828,Alex,Johnson
49829,Jordan,Williams
49830,Jordan,Jones
49831,Taylor,Williams
49832,Morgan,Williams
49833,Jordan,Williams
49834,Taylor,Williams
49835,Casey,Brown
49836,Morgan,Smith
49837,Taylor,Johnson
49838,Morgan,Jones
49839,Morgan,Jones
49840,Jordan,Williams
49841,Taylor,Johnson
49842,Casey,Brown
49843,Taylor,Smith
49844,Alex,Smith
49845,Morgan,Jones
49846,Alex,Smith
49847,Alex,Smith
49848,Taylor,Brown
49849,Casey,Brown
49850,Jordan,Williams
49851,Taylor,Brown
49852,Jordan,Williams
49853,Casey,Smith
49854,Casey,Smith
49855,Morgan,Williams
49856,Morgan,Williams
49857,Casey,Johnson
49858,Jordan,Brown
49859,Casey,Williams
49860,Alex,Williams
49861,Morgan,Jones
49862,Morgan,Jones
49863,Casey,Johnson
49864,Taylor,Brown
49865,Jordan,Williams
49866,Jordan,Johnson
49867,Taylor,Johnson
49868,Alex,Williams
49869,Casey,Smith
49870,Alex,Johnson
49871,Alex,Williams
49872,Alex,Williams
49873,Alex,Williams
49874,Jordan,Williams
49875,Morgan,Brown
49876,Morgan,Johnson
49877,Taylor,Jones
49878,Morgan,Williams
49879,Casey,Williams
49880,Jordan,Smith
49881,Alex,Williams
49882,Casey,Jones
49883,Morgan,Jones
49884,Jordan,Williams
49885,Morgan,Williams
49886,Casey,Smith
49887,Casey,Johnson
49888,Jordan,Brown
49889,Morgan,Johnson
49890,Jordan,Johnson
49891,Morgan,Williams
49892,Morgan,Smith
49893,Alex,Williams
49894,Taylor,Williams
49895,Alex,Brown
49896,Morgan,Johnson
49897,Jordan,Brown
49898,Jordan,Williams
49899,Casey,Smith
49900,Casey,Jones
49901,Morgan,Johnson
49902,Morgan,Jones
49903,Alex,Williams
49904,Casey,Jones
49905,Morgan,Brown
49906,Alex,Smith
49907,Taylor,Johnson
49908,Jordan,Brown
49909,Alex,Johnson
49910,Alex,Johnson
49911,Jordan,Williams
49912,Taylor,Brown
49913,Taylor,Smith
49914,Jordan,Williams
49915,Alex,Jones
49916,Jordan,Williams
49917,Morgan,Williams
49918,Jordan,Williams
49919,Taylor,Jones
49920,Morgan,Smith
49921,Casey,Brown
49922,Casey,Brown
49923,Jordan,Johnson
49924,Casey,Johnson
49925,Taylor,Johnson
49926,Taylor,Johnson
49927,Casey,Johnson
49928,Taylor,Johnson
49929,Taylor,Smith
49930,Casey,Jones
49931,Taylor,Williams
49932,Taylor,Smith
49933,Morgan,Jones
49934,Alex,Jones
49935,Taylor,Johnson
49936,Jordan,Jones
49937,Morgan,Smith
49938,Morgan,Williams
49939,Casey,Williams
49940,Taylor,Brown
49941,Casey,Brown
49942,Alex,Williams
49943,Taylor,Jones
49944,Casey,Johnson
49945,Alex,Johnson
49946,Alex,Williams
49947,Morgan,Smith
49948,Taylor,Williams
49949,Casey,Williams
49950,Morgan,Brown
49951,Alex,Smith
49952,Morgan,Williams
49953,Alex,Williams
49954,Morgan,Brown
49955,Morgan,Smith
49956,Taylor,Smith
49957,Alex,Johnson
49958,Morgan,Williams
49959,Taylor,Williams
49960,Jordan,Smith
49961,Morgan,Jones
49962,Taylor,Brown
49963,Alex,Brown
49964,Jordan,Smith
49965,Morgan,Smith
49966,Casey,Johnson
49967,Taylor,Jones
49968,Casey,Williams
49969,Alex,Jones
49970,Morgan,Johnson
49971,Casey,Smith
49972,Alex,Smith
49973,Morgan,Jones
49974,Alex,Williams
49975,Taylor,Smith
49976,Morgan,Smith
49977,Jordan,Smith
49978,Casey,Jones
49979,Taylor,Johnson
49980,Casey,Williams
49981,Jordan,Johnson
49982,Jordan,Johnson
49983,Morgan,Jones
49984,Alex,Brown
49985,Alex,Jones
49986,Alex,Williams
49987,Jordan,Brown
49988,Morgan,Brown
49989,Morgan,Johnson
49990,Taylor,Smith
49991,Casey,Smith
49992,Morgan,Williams
49993,Alex,Brown
49994,Morgan,Smith
49995,Alex,Johnson
49996,Taylor,Brown
49997,Casey,Smith
49998,Alex,Smith
49999,Casey,Jones
50000,Morgan,Williams
